{"C:\\Users\\19782\\DevEcoStudioProjects\\MyApplication\\AppScope\\app.json5":{"hashValue":"851f82cb1284bcb29a826bfad36c0e2462cb043df483a9aa6df8925b82edcdab","name":"app.json5","path":"C:\\Users\\19782\\DevEcoStudioProjects\\MyApplication\\AppScope\\app.json5","type":"file","isSymbolicLink":false,"fileMetaData":{"size":225,"lastModifiedTime":1766741586200}},"C:\\Users\\19782\\DevEcoStudioProjects\\MyApplication\\entry\\src\\main\\module.json5":{"hashValue":"ba1a89b190cb4e26fc92903a059afdf58e398a0ac912e0f5c5cad886dbef96f5","name":"module.json5","path":"C:\\Users\\19782\\DevEcoStudioProjects\\MyApplication\\entry\\src\\main\\module.json5","type":"file","isSymbolicLink":false,"fileMetaData":{"size":1313,"lastModifiedTime":1766741586258}},"C:\\Users\\19782\\DevEcoStudioProjects\\MyApplication\\build-profile.json5":{"hashValue":"0481576b472af20db25e8e11b04c1beae7c75473db67c8c06dd6881021c2d172","name":"build-profile.json5","path":"C:\\Users\\19782\\DevEcoStudioProjects\\MyApplication\\build-profile.json5","type":"file","isSymbolicLink":false,"fileMetaData":{"size":798,"lastModifiedTime":1766741586462}},"C:\\Users\\19782\\DevEcoStudioProjects\\MyApplication\\entry\\build-profile.json5":{"hashValue":"546f7fbed9facace50bbbc32bb242b548fc6ea3f74294887001c46cdcb5455d3","name":"build-profile.json5","path":"C:\\Users\\19782\\DevEcoStudioProjects\\MyApplication\\entry\\build-profile.json5","type":"file","isSymbolicLink":false,"fileMetaData":{"size":540,"lastModifiedTime":1766741586471}},"C:\\Users\\19782\\DevEcoStudioProjects\\MyApplication\\entry\\src\\main\\resources\\base\\profile\\main_pages.json":{"hashValue":"3d1c800b95066936f86007ce9661299f3f64fdae2e4f822fa489d1d489148976","name":"main_pages.json","path":"C:\\Users\\19782\\DevEcoStudioProjects\\MyApplication\\entry\\src\\main\\resources\\base\\profile\\main_pages.json","type":"file","isSymbolicLink":false,"fileMetaData":{"size":60,"lastModifiedTime":1766899959041}},"C:\\Users\\19782\\DevEcoStudioProjects\\MyApplication\\hvigor\\hvigor-config.json5":{"hashValue":"2a5d0a0d28060a8819543e4bd5d1b5d9946de70834b500c6ebc83e022dbb0b6d","name":"hvigor-config.json5","path":"C:\\Users\\19782\\DevEcoStudioProjects\\MyApplication\\hvigor\\hvigor-config.json5","type":"file","isSymbolicLink":false,"fileMetaData":{"size":1481,"lastModifiedTime":1766741583109}},"C:\\Users\\19782\\DevEcoStudioProjects\\MyApplication\\entry\\src\\mock\\mock-config.json5":{"hashValue":"7d694e3509eabdf88d19c33a0a7a1032fe4f24a422cb88de622757e79bad260c","name":"mock-config.json5","path":"C:\\Users\\19782\\DevEcoStudioProjects\\MyApplication\\entry\\src\\mock\\mock-config.json5","type":"file","isSymbolicLink":false,"fileMetaData":{"size":3,"lastModifiedTime":1766741583606}},"C:\\Users\\19782\\DevEcoStudioProjects\\MyApplication\\entry\\oh-package.json5":{"hashValue":"54268546a4c376190c68babeeb1b2ff9072a1c674537507cf99df0db1b303354","name":"oh-package.json5","path":"C:\\Users\\19782\\DevEcoStudioProjects\\MyApplication\\entry\\oh-package.json5","type":"file","isSymbolicLink":false,"fileMetaData":{"size":183,"lastModifiedTime":1766741583252}},"C:\\Users\\19782\\DevEcoStudioProjects\\MyApplication\\oh-package.json5":{"hashValue":"d83e7f79dbc52890b56054407b59487aee5c16adda9dbe9f832cae8d5641252e","name":"oh-package.json5","path":"C:\\Users\\19782\\DevEcoStudioProjects\\MyApplication\\oh-package.json5","type":"file","isSymbolicLink":false,"fileMetaData":{"size":210,"lastModifiedTime":1766741586441}},"C:\\Users\\19782\\DevEcoStudioProjects\\MyApplication\\entry\\build\\default\\intermediates\\hap_metadata\\default\\output_metadata.json":{"hashValue":"5f546445b95faaabc84b38665956b1abcb7b0dcaf609700aaaa5ba8e4f068461","name":"output_metadata.json","path":"C:\\Users\\19782\\DevEcoStudioProjects\\MyApplication\\entry\\build\\default\\intermediates\\hap_metadata\\default\\output_metadata.json","type":"file","isSymbolicLink":false,"fileMetaData":{"size":84,"lastModifiedTime":1766809709482}},"C:\\Users\\19782\\DevEcoStudioProjects\\MyApplication\\entry\\build\\default\\intermediates\\merge_profile\\default\\module.json":{"hashValue":"c9f81b2f4dc895ccf80951ef655bb5d75d623b1accf42a920b7c6fc0f96b13a6","name":"module.json","path":"C:\\Users\\19782\\DevEcoStudioProjects\\MyApplication\\entry\\build\\default\\intermediates\\merge_profile\\default\\module.json","type":"file","isSymbolicLink":false,"fileMetaData":{"size":1621,"lastModifiedTime":1766892618655}},"C:\\Users\\19782\\DevEcoStudioProjects\\MyApplication\\entry\\build\\default\\generated\\profile\\default\\BuildProfile.ets":{"hashValue":"2c2c9207d1813b641fc87fa1cd84d5df796471fa33cbdd36a20b9c424a1de591","name":"BuildProfile.ets","path":"C:\\Users\\19782\\DevEcoStudioProjects\\MyApplication\\entry\\build\\default\\generated\\profile\\default\\BuildProfile.ets","type":"file","isSymbolicLink":false,"fileMetaData":{"size":868,"lastModifiedTime":1766892618660}},"C:\\Users\\19782\\DevEcoStudioProjects\\MyApplication\\entry\\build\\default\\intermediates\\loader\\default\\pkgContextInfo.json":{"hashValue":"b9128a20fd2da728de4d825c4a77676dc94f047f657d98547a1202967f2b244f","name":"pkgContextInfo.json","path":"C:\\Users\\19782\\DevEcoStudioProjects\\MyApplication\\entry\\build\\default\\intermediates\\loader\\default\\pkgContextInfo.json","type":"file","isSymbolicLink":false,"fileMetaData":{"size":444,"lastModifiedTime":1766892618670}},"C:\\Users\\19782\\DevEcoStudioProjects\\MyApplication\\entry\\src\\main\\resources\\base\\profile\\backup_config.json":{"hashValue":"b3611b00b45d5d10df5a8156fce8f094ed23f5c8c5dd68a7171128cb7de84f6d","name":"backup_config.json","path":"C:\\Users\\19782\\DevEcoStudioProjects\\MyApplication\\entry\\src\\main\\resources\\base\\profile\\backup_config.json","type":"file","isSymbolicLink":false,"fileMetaData":{"size":36,"lastModifiedTime":1766741583766}},"C:\\Users\\19782\\DevEcoStudioProjects\\MyApplication\\entry\\build\\default\\outputs\\default\\pack.info":{"hashValue":"c048e37c1f941b02fa6efb57ec3738146c7d5a7a942ac2cb5f4797374b72b612","name":"pack.info","path":"C:\\Users\\19782\\DevEcoStudioProjects\\MyApplication\\entry\\build\\default\\outputs\\default\\pack.info","type":"file","isSymbolicLink":false,"fileMetaData":{"size":610,"lastModifiedTime":1766809709589}},"C:\\Huawei\\DevEcoStudio\\sdk\\default\\openharmony\\toolchains\\syscap_tool.exe":{"hashValue":"b95d766cad5c9221c71d16029441d991e07310b0f9a76bcc1263ab852374e57f","name":"syscap_tool.exe","path":"C:\\Huawei\\DevEcoStudio\\sdk\\default\\openharmony\\toolchains\\syscap_tool.exe","type":"file","isSymbolicLink":false,"fileMetaData":{"size":377288,"lastModifiedTime":1765791580000}},"C:\\Huawei\\DevEcoStudio\\sdk\\default\\openharmony\\ets\\api\\device-define":{"hashValue":"35d3a948a8afc53d8cbdb3f6e8c7827f4983c2d5bbc9ff3667bca9770932bf8a","name":"device-define","path":"C:\\Huawei\\DevEcoStudio\\sdk\\default\\openharmony\\ets\\api\\device-define","type":"directory","isSymbolicLink":false,"children":[{"hashValue":"68d6cd211071daecb20a27f46122216d2c919141754a6349492d480089570531","name":"2in1.json","path":"C:\\Huawei\\DevEcoStudio\\sdk\\default\\openharmony\\ets\\api\\device-define\\2in1.json","type":"file","isSymbolicLink":false,"fileMetaData":{"size":12033,"lastModifiedTime":1765791580000}},{"hashValue":"9acc95fe3dabd224cbdfc7814a27cd746d3d4b7dc392a0de926783d88567c950","name":"default.json","path":"C:\\Huawei\\DevEcoStudio\\sdk\\default\\openharmony\\ets\\api\\device-define\\default.json","type":"file","isSymbolicLink":false,"fileMetaData":{"size":12495,"lastModifiedTime":1765791580000}},{"hashValue":"bdee5d31b032fc82cb23a02652ea469e57007bcb365e4fb93e2957a7ce09e574","name":"liteWearable.json","path":"C:\\Huawei\\DevEcoStudio\\sdk\\default\\openharmony\\ets\\api\\device-define\\liteWearable.json","type":"file","isSymbolicLink":false,"fileMetaData":{"size":882,"lastModifiedTime":1765791580000}},{"hashValue":"3c713fb7b8e43124facef562ad0e31b991140b68cd185d88f89c8f93d8d383ec","name":"tablet.json","path":"C:\\Huawei\\DevEcoStudio\\sdk\\default\\openharmony\\ets\\api\\device-define\\tablet.json","type":"file","isSymbolicLink":false,"fileMetaData":{"size":12122,"lastModifiedTime":1765791580000}},{"hashValue":"38d1a2e069884913b145c450391a6e16d0d51d10ed7bbeb2984d2fc50c42bbb2","name":"tv.json","path":"C:\\Huawei\\DevEcoStudio\\sdk\\default\\openharmony\\ets\\api\\device-define\\tv.json","type":"file","isSymbolicLink":false,"fileMetaData":{"size":9819,"lastModifiedTime":1765791580000}},{"hashValue":"f4e8c871141ba8710813325a619e6f7b40bf1af743c40d4f8f4600594fb7520e","name":"wearable.json","path":"C:\\Huawei\\DevEcoStudio\\sdk\\default\\openharmony\\ets\\api\\device-define\\wearable.json","type":"file","isSymbolicLink":false,"fileMetaData":{"size":10521,"lastModifiedTime":1765791580000}}]},"C:\\Users\\19782\\DevEcoStudioProjects\\MyApplication\\entry\\build\\default\\intermediates\\process_profile\\default\\module.json":{"hashValue":"4df426551cccf0653d470aae423e0d5b7196eac15b7197fb4017de46ca1d5725","name":"module.json","path":"C:\\Users\\19782\\DevEcoStudioProjects\\MyApplication\\entry\\build\\default\\intermediates\\process_profile\\default\\module.json","type":"file","isSymbolicLink":false,"fileMetaData":{"size":1707,"lastModifiedTime":1766892618811}},"C:\\Users\\19782\\DevEcoStudioProjects\\MyApplication\\entry\\build\\default\\intermediates\\router_map\\default\\temp-router-map.json":{"hashValue":"14a0b7c647ecae7cf2d3db0540eabd53ceb41140ec391798b9555b58e2ad426f","name":"temp-router-map.json","path":"C:\\Users\\19782\\DevEcoStudioProjects\\MyApplication\\entry\\build\\default\\intermediates\\router_map\\default\\temp-router-map.json","type":"file","isSymbolicLink":false,"fileMetaData":{"size":16,"lastModifiedTime":1766892618816}},"C:\\Users\\19782\\DevEcoStudioProjects\\MyApplication\\entry\\build\\default\\intermediates\\router_map\\default\\loader-router-map.json":{"hashValue":"f018751ab7fd10f78bf57c08ba47dab3eb0088f89aef9fdf1add1cefccbab8d1","name":"loader-router-map.json","path":"C:\\Users\\19782\\DevEcoStudioProjects\\MyApplication\\entry\\build\\default\\intermediates\\router_map\\default\\loader-router-map.json","type":"file","isSymbolicLink":false,"fileMetaData":{"size":16,"lastModifiedTime":1766892618816}},"C:\\Users\\19782\\DevEcoStudioProjects\\MyApplication\\entry\\build\\default\\intermediates\\share_config\\default\\temp-share-config.json":{"hashValue":"a4d686bd362266e7948b1d687ba5871d100b70e61a24ce4570cd8f1d8f2573cd","name":"temp-share-config.json","path":"C:\\Users\\19782\\DevEcoStudioProjects\\MyApplication\\entry\\build\\default\\intermediates\\share_config\\default\\temp-share-config.json","type":"file","isSymbolicLink":false,"fileMetaData":{"size":27,"lastModifiedTime":1766892618820}},"C:\\Users\\19782\\DevEcoStudioProjects\\MyApplication\\entry\\build\\default\\intermediates\\res\\default\\resConfig.json":{"hashValue":"c0e8cb2690e91aba34bb58e5d795405cabb6ba8709a7e88ca3d71e6c7d1160b0","name":"resConfig.json","path":"C:\\Users\\19782\\DevEcoStudioProjects\\MyApplication\\entry\\build\\default\\intermediates\\res\\default\\resConfig.json","type":"file","isSymbolicLink":false,"fileMetaData":{"size":1210,"lastModifiedTime":1766809710515}},"C:\\Users\\19782\\DevEcoStudioProjects\\MyApplication\\entry\\build\\default\\intermediates\\res\\default\\opt-compression.json":{"hashValue":"113b852e9454f7800f23aec442cbdc756b670e5ecee8cf7ecfa03fc423ad35ce","name":"opt-compression.json","path":"C:\\Users\\19782\\DevEcoStudioProjects\\MyApplication\\entry\\build\\default\\intermediates\\res\\default\\opt-compression.json","type":"file","isSymbolicLink":false,"fileMetaData":{"size":179,"lastModifiedTime":1766809710514}},"C:\\Users\\19782\\DevEcoStudioProjects\\MyApplication\\entry\\build\\default\\intermediates\\loader\\default\\loader.json":{"hashValue":"60cc58483e47cc07c6df46b1358071e43b32eefd06d5179a19b74de69d029347","name":"loader.json","path":"C:\\Users\\19782\\DevEcoStudioProjects\\MyApplication\\entry\\build\\default\\intermediates\\loader\\default\\loader.json","type":"file","isSymbolicLink":false,"fileMetaData":{"size":1021,"lastModifiedTime":1766892618860}},"C:\\Users\\19782\\DevEcoStudioProjects\\MyApplication\\entry\\build\\default\\intermediates\\libs\\default":{"hashValue":"","name":"default","path":"C:\\Users\\19782\\DevEcoStudioProjects\\MyApplication\\entry\\build\\default\\intermediates\\libs\\default","type":"directory","isSymbolicLink":false,"children":[]},"C:\\Users\\19782\\DevEcoStudioProjects\\MyApplication\\entry\\src\\main\\resources":{"hashValue":"6cd004d5c636292f615fbb697f4f904378a385c3c0e0d97b67a12d25d3269b22","name":"resources","path":"C:\\Users\\19782\\DevEcoStudioProjects\\MyApplication\\entry\\src\\main\\resources","type":"directory","isSymbolicLink":false,"children":[{"hashValue":"a52337205a6e3dccf17f029e657d57d9e63267e0c961272cc0fc9ecc7a52ec79","name":"base","path":"C:\\Users\\19782\\DevEcoStudioProjects\\MyApplication\\entry\\src\\main\\resources\\base","type":"directory","isSymbolicLink":false,"children":[{"hashValue":"0519b8d9534b666b170970a0887d96f656a901fb1afd57eb7785ab66533820a6","name":"element","path":"C:\\Users\\19782\\DevEcoStudioProjects\\MyApplication\\entry\\src\\main\\resources\\base\\element","type":"directory","isSymbolicLink":false,"children":[{"hashValue":"e5004b46d912ccf869abb8b7a17eac361baacb9d54f1d0b7f35fab59f715f639","name":"color.json","path":"C:\\Users\\19782\\DevEcoStudioProjects\\MyApplication\\entry\\src\\main\\resources\\base\\element\\color.json","type":"file","isSymbolicLink":false,"fileMetaData":{"size":105,"lastModifiedTime":1766741583632}},{"hashValue":"d8c9e47f74866d49f37f733ef520ced4a96bbc4758e0907efe01b62aa65e4d94","name":"float.json","path":"C:\\Users\\19782\\DevEcoStudioProjects\\MyApplication\\entry\\src\\main\\resources\\base\\element\\float.json","type":"file","isSymbolicLink":false,"fileMetaData":{"size":100,"lastModifiedTime":1766741583642}},{"hashValue":"824445e15ab879989fd27d3050193bfb492068769a50706c37a5e9c63ff4d3a3","name":"string.json","path":"C:\\Users\\19782\\DevEcoStudioProjects\\MyApplication\\entry\\src\\main\\resources\\base\\element\\string.json","type":"file","isSymbolicLink":false,"fileMetaData":{"size":247,"lastModifiedTime":1766741586479}}]},{"hashValue":"72346e3fb76518e8357e087029171bf4c77d6fe549c25c8293e5116c9d187a75","name":"media","path":"C:\\Users\\19782\\DevEcoStudioProjects\\MyApplication\\entry\\src\\main\\resources\\base\\media","type":"directory","isSymbolicLink":false,"children":[{"hashValue":"bba04b4b1a01807dea601381411e6f3ac6c1587efbccb7f2f863ccf6088b302a","name":"background.png","path":"C:\\Users\\19782\\DevEcoStudioProjects\\MyApplication\\entry\\src\\main\\resources\\base\\media\\background.png","type":"file","isSymbolicLink":false,"fileMetaData":{"size":91942,"lastModifiedTime":1766741583650}},{"hashValue":"cb5cd48b2dd365b54086aefd4898333497d11e127e56d27eb5c2067cacf4eb21","name":"foreground.png","path":"C:\\Users\\19782\\DevEcoStudioProjects\\MyApplication\\entry\\src\\main\\resources\\base\\media\\foreground.png","type":"file","isSymbolicLink":false,"fileMetaData":{"size":8805,"lastModifiedTime":1766741583667}},{"hashValue":"65775bc3de509ac9cbdb19fd08059a5f4c0bf46f842f409b9336d892d742f815","name":"layered_image.json","path":"C:\\Users\\19782\\DevEcoStudioProjects\\MyApplication\\entry\\src\\main\\resources\\base\\media\\layered_image.json","type":"file","isSymbolicLink":false,"fileMetaData":{"size":109,"lastModifiedTime":1766741583678}},{"hashValue":"282014c0d3b0f5eb773ac449875c6c1129727485d4b795d521b976a6288a837d","name":"startIcon.png","path":"C:\\Users\\19782\\DevEcoStudioProjects\\MyApplication\\entry\\src\\main\\resources\\base\\media\\startIcon.png","type":"file","isSymbolicLink":false,"fileMetaData":{"size":20093,"lastModifiedTime":1766741583696}}]},{"hashValue":"e7019547caaf7d1374032ffd45c758a1c4a25f9e3e1339873def987a75b0ee76","name":"profile","path":"C:\\Users\\19782\\DevEcoStudioProjects\\MyApplication\\entry\\src\\main\\resources\\base\\profile","type":"directory","isSymbolicLink":false,"children":[{"hashValue":"b3611b00b45d5d10df5a8156fce8f094ed23f5c8c5dd68a7171128cb7de84f6d","name":"backup_config.json","path":"C:\\Users\\19782\\DevEcoStudioProjects\\MyApplication\\entry\\src\\main\\resources\\base\\profile\\backup_config.json","type":"file","isSymbolicLink":false,"fileMetaData":{"size":36,"lastModifiedTime":1766741583766}},{"hashValue":"3d1c800b95066936f86007ce9661299f3f64fdae2e4f822fa489d1d489148976","name":"main_pages.json","path":"C:\\Users\\19782\\DevEcoStudioProjects\\MyApplication\\entry\\src\\main\\resources\\base\\profile\\main_pages.json","type":"file","isSymbolicLink":false,"fileMetaData":{"size":60,"lastModifiedTime":1766899959041}}]}]},{"hashValue":"4e12d18848d794b854c11ead0a0eea8c748bcd26a166c282e3c5947f38b59270","name":"dark","path":"C:\\Users\\19782\\DevEcoStudioProjects\\MyApplication\\entry\\src\\main\\resources\\dark","type":"directory","isSymbolicLink":false,"children":[{"hashValue":"be0b177c7a36f111a25c78e307bc00cf4dffea97083720660eeda7d6ac774b06","name":"element","path":"C:\\Users\\19782\\DevEcoStudioProjects\\MyApplication\\entry\\src\\main\\resources\\dark\\element","type":"directory","isSymbolicLink":false,"children":[{"hashValue":"51d1093ee0d5e20c09ca0df16b7edfa830cf91d8a19015a5202ba4729cb24280","name":"color.json","path":"C:\\Users\\19782\\DevEcoStudioProjects\\MyApplication\\entry\\src\\main\\resources\\dark\\element\\color.json","type":"file","isSymbolicLink":false,"fileMetaData":{"size":105,"lastModifiedTime":1766741583748}}]}]},{"hashValue":"2d2c8253834cdf1bf3319c8e33bb5e55fd1c216571a4cf7128a0cfab112213d2","name":"rawfile","path":"C:\\Users\\19782\\DevEcoStudioProjects\\MyApplication\\entry\\src\\main\\resources\\rawfile","type":"directory","isSymbolicLink":false,"children":[{"hashValue":"56d1bd956cab614a9bbff6beabe1ec44204d6b6a8589ef19c4d39cc6d2fed02e","name":"屏幕截图 2025-09-16 101237.png","path":"C:\\Users\\19782\\DevEcoStudioProjects\\MyApplication\\entry\\src\\main\\resources\\rawfile\\屏幕截图 2025-09-16 101237.png","type":"file","isSymbolicLink":false,"fileMetaData":{"size":859577,"lastModifiedTime":1757988765221}}]}]},"C:\\Users\\19782\\DevEcoStudioProjects\\MyApplication\\AppScope\\resources":{"hashValue":"bf53eff4f7c5896a21202bf7245b347523d292c1a30dd079afca3f16f3f3fe56","name":"resources","path":"C:\\Users\\19782\\DevEcoStudioProjects\\MyApplication\\AppScope\\resources","type":"directory","isSymbolicLink":false,"children":[{"hashValue":"8a53154e27f3eea02c6877b44c5d05cc64f491b6175d86adfbadcc20bc96bd6e","name":"base","path":"C:\\Users\\19782\\DevEcoStudioProjects\\MyApplication\\AppScope\\resources\\base","type":"directory","isSymbolicLink":false,"children":[{"hashValue":"a6cc7f6cbe0de78a3c2a468ee4cf82311e5686c3352733c5478d8f2723e240e3","name":"element","path":"C:\\Users\\19782\\DevEcoStudioProjects\\MyApplication\\AppScope\\resources\\base\\element","type":"directory","isSymbolicLink":false,"children":[{"hashValue":"1e4060c5de840687c2676d1b7d285439671ceffd5ddeecfa3e0f3a16edeae998","name":"string.json","path":"C:\\Users\\19782\\DevEcoStudioProjects\\MyApplication\\AppScope\\resources\\base\\element\\string.json","type":"file","isSymbolicLink":false,"fileMetaData":{"size":99,"lastModifiedTime":1766741583193}}]},{"hashValue":"3faa111034a8b23be71502eac522d4e98100dba3524a1ffcc903a1347a50dda6","name":"media","path":"C:\\Users\\19782\\DevEcoStudioProjects\\MyApplication\\AppScope\\resources\\base\\media","type":"directory","isSymbolicLink":false,"children":[{"hashValue":"2702bc3278cd201f7de103af62c72c2dcbe8caf94a5fce671b822b4b315d4bef","name":"background.png","path":"C:\\Users\\19782\\DevEcoStudioProjects\\MyApplication\\AppScope\\resources\\base\\media\\background.png","type":"file","isSymbolicLink":false,"fileMetaData":{"size":91942,"lastModifiedTime":1766741583152}},{"hashValue":"d9f4a1ec9b01a25d641140debb1ff58388e792030e2158b9a2397cc13aafded2","name":"foreground.png","path":"C:\\Users\\19782\\DevEcoStudioProjects\\MyApplication\\AppScope\\resources\\base\\media\\foreground.png","type":"file","isSymbolicLink":false,"fileMetaData":{"size":15325,"lastModifiedTime":1766741583167}},{"hashValue":"119a157493e5cbab775370805b1f5a08f4a3fb1fd64155349c1c505cc67dbb0d","name":"layered_image.json","path":"C:\\Users\\19782\\DevEcoStudioProjects\\MyApplication\\AppScope\\resources\\base\\media\\layered_image.json","type":"file","isSymbolicLink":false,"fileMetaData":{"size":109,"lastModifiedTime":1766741583180}}]}]}]},"C:\\Users\\19782\\DevEcoStudioProjects\\MyApplication\\entry\\build\\default\\intermediates\\res\\default":{"hashValue":"ed216515fd0ca51f0b272a267d1e09543573c8f0217fee42264625cd03396d99","name":"default","path":"C:\\Users\\19782\\DevEcoStudioProjects\\MyApplication\\entry\\build\\default\\intermediates\\res\\default","type":"directory","isSymbolicLink":false,"children":[{"hashValue":"c459222740a799d4d402b484e16f27f3b5c5ccdaedb5c7daecc9b51c71f777b6","name":".caches","path":"C:\\Users\\19782\\DevEcoStudioProjects\\MyApplication\\entry\\build\\default\\intermediates\\res\\default\\.caches","type":"directory","isSymbolicLink":false,"children":[{"hashValue":"dadd25faa6c8bfc3e787c8612fd806946a745f04fbaae36ebb41fb44a6da27f6","name":"base","path":"C:\\Users\\19782\\DevEcoStudioProjects\\MyApplication\\entry\\build\\default\\intermediates\\res\\default\\.caches\\base","type":"directory","isSymbolicLink":false,"children":[{"hashValue":"b7948c9a2531655a7127dcc7c89160c0fc0b8029501e3572e75a25111a473242","name":"media","path":"C:\\Users\\19782\\DevEcoStudioProjects\\MyApplication\\entry\\build\\default\\intermediates\\res\\default\\.caches\\base\\media","type":"directory","isSymbolicLink":false,"children":[{"hashValue":"2de2ad0edcdbf98fa4eb93990e6a76c1de70860eff83230c0ba27c3c5d6d43aa","name":"background.png","path":"C:\\Users\\19782\\DevEcoStudioProjects\\MyApplication\\entry\\build\\default\\intermediates\\res\\default\\.caches\\base\\media\\background.png","type":"file","isSymbolicLink":false,"fileMetaData":{"size":70283,"lastModifiedTime":1766892619501}},{"hashValue":"1da5a6bc1f5b6abf7e00e3cccb92cecd81389d7ce72dbb5bb14cd8c28eef7a7f","name":"foreground.png","path":"C:\\Users\\19782\\DevEcoStudioProjects\\MyApplication\\entry\\build\\default\\intermediates\\res\\default\\.caches\\base\\media\\foreground.png","type":"file","isSymbolicLink":false,"fileMetaData":{"size":13086,"lastModifiedTime":1766892619540}}]}]}]},{"hashValue":"1c4159e125c5980295261d4ba480758f1d731ea38cdbfe2606c30a706bb7fec4","name":"ark_module.json","path":"C:\\Users\\19782\\DevEcoStudioProjects\\MyApplication\\entry\\build\\default\\intermediates\\res\\default\\ark_module.json","type":"file","isSymbolicLink":false,"fileMetaData":{"size":1362,"lastModifiedTime":1766892618810}},{"hashValue":"515aff5b8566a720e84a11f3b679a687b9b663049598367b03ad7d6535e72ba0","name":"ids_map","path":"C:\\Users\\19782\\DevEcoStudioProjects\\MyApplication\\entry\\build\\default\\intermediates\\res\\default\\ids_map","type":"directory","isSymbolicLink":false,"children":[{"hashValue":"29d5ea291d0aead366964ca58f287e53bf82eacbdc33f792203fab1f5530ebe7","name":"id_defined.json","path":"C:\\Users\\19782\\DevEcoStudioProjects\\MyApplication\\entry\\build\\default\\intermediates\\res\\default\\ids_map\\id_defined.json","type":"file","isSymbolicLink":false,"fileMetaData":{"size":952,"lastModifiedTime":1766892619544}}]},{"hashValue":"756f437f4d5d4a40a5b1ef8bddfacd1757e8231fc73633658ca2bb9b75e64664","name":"module.json","path":"C:\\Users\\19782\\DevEcoStudioProjects\\MyApplication\\entry\\build\\default\\intermediates\\res\\default\\module.json","type":"file","isSymbolicLink":false,"fileMetaData":{"size":1893,"lastModifiedTime":1766892619444}},{"hashValue":"113b852e9454f7800f23aec442cbdc756b670e5ecee8cf7ecfa03fc423ad35ce","name":"opt-compression.json","path":"C:\\Users\\19782\\DevEcoStudioProjects\\MyApplication\\entry\\build\\default\\intermediates\\res\\default\\opt-compression.json","type":"file","isSymbolicLink":false,"fileMetaData":{"size":179,"lastModifiedTime":1766809710514}},{"hashValue":"c0e8cb2690e91aba34bb58e5d795405cabb6ba8709a7e88ca3d71e6c7d1160b0","name":"resConfig.json","path":"C:\\Users\\19782\\DevEcoStudioProjects\\MyApplication\\entry\\build\\default\\intermediates\\res\\default\\resConfig.json","type":"file","isSymbolicLink":false,"fileMetaData":{"size":1210,"lastModifiedTime":1766809710515}},{"hashValue":"f2c12cf22efeb02e96de20e2718ede5ffe6b6ddb9458664f4a13031b145bb5d0","name":"resources","path":"C:\\Users\\19782\\DevEcoStudioProjects\\MyApplication\\entry\\build\\default\\intermediates\\res\\default\\resources","type":"directory","isSymbolicLink":false,"children":[{"hashValue":"9a7edf43d27fd5589f5003ad7d460cb0809a0c80a48a0e0f2684347aaed7325a","name":"base","path":"C:\\Users\\19782\\DevEcoStudioProjects\\MyApplication\\entry\\build\\default\\intermediates\\res\\default\\resources\\base","type":"directory","isSymbolicLink":false,"children":[{"hashValue":"4277e05f22c2192ac5db2e9db36016aaac62dcde80bec54eab7ef5595dd9b165","name":"media","path":"C:\\Users\\19782\\DevEcoStudioProjects\\MyApplication\\entry\\build\\default\\intermediates\\res\\default\\resources\\base\\media","type":"directory","isSymbolicLink":false,"children":[{"hashValue":"2de2ad0edcdbf98fa4eb93990e6a76c1de70860eff83230c0ba27c3c5d6d43aa","name":"background.png","path":"C:\\Users\\19782\\DevEcoStudioProjects\\MyApplication\\entry\\build\\default\\intermediates\\res\\default\\resources\\base\\media\\background.png","type":"file","isSymbolicLink":false,"fileMetaData":{"size":70283,"lastModifiedTime":1766892619501}},{"hashValue":"1da5a6bc1f5b6abf7e00e3cccb92cecd81389d7ce72dbb5bb14cd8c28eef7a7f","name":"foreground.png","path":"C:\\Users\\19782\\DevEcoStudioProjects\\MyApplication\\entry\\build\\default\\intermediates\\res\\default\\resources\\base\\media\\foreground.png","type":"file","isSymbolicLink":false,"fileMetaData":{"size":13086,"lastModifiedTime":1766892619540}},{"hashValue":"6af498af28b8a0bb9b44e0a7174e946aa0533ba73d7e940ff8aacd48d41610f6","name":"layered_image.json","path":"C:\\Users\\19782\\DevEcoStudioProjects\\MyApplication\\entry\\build\\default\\intermediates\\res\\default\\resources\\base\\media\\layered_image.json","type":"file","isSymbolicLink":false,"fileMetaData":{"size":95,"lastModifiedTime":1766892619441}},{"hashValue":"282014c0d3b0f5eb773ac449875c6c1129727485d4b795d521b976a6288a837d","name":"startIcon.png","path":"C:\\Users\\19782\\DevEcoStudioProjects\\MyApplication\\entry\\build\\default\\intermediates\\res\\default\\resources\\base\\media\\startIcon.png","type":"file","isSymbolicLink":false,"fileMetaData":{"size":20093,"lastModifiedTime":1766741583696}}]},{"hashValue":"3e1d4a6b6a16f1e2d026940f2ef76a0248ccf529fb7596aa80cef81d1a6a256c","name":"profile","path":"C:\\Users\\19782\\DevEcoStudioProjects\\MyApplication\\entry\\build\\default\\intermediates\\res\\default\\resources\\base\\profile","type":"directory","isSymbolicLink":false,"children":[{"hashValue":"b3611b00b45d5d10df5a8156fce8f094ed23f5c8c5dd68a7171128cb7de84f6d","name":"backup_config.json","path":"C:\\Users\\19782\\DevEcoStudioProjects\\MyApplication\\entry\\build\\default\\intermediates\\res\\default\\resources\\base\\profile\\backup_config.json","type":"file","isSymbolicLink":false,"fileMetaData":{"size":36,"lastModifiedTime":1766741583766}},{"hashValue":"dc67f5b2a4fc5d249c6e78cd37efc0462bf4c5a9c5afa8f34af1b1e9bcf4d600","name":"main_pages.json","path":"C:\\Users\\19782\\DevEcoStudioProjects\\MyApplication\\entry\\build\\default\\intermediates\\res\\default\\resources\\base\\profile\\main_pages.json","type":"file","isSymbolicLink":false,"fileMetaData":{"size":37,"lastModifiedTime":1766741583717}}]}]},{"hashValue":"","name":"rawfile","path":"C:\\Users\\19782\\DevEcoStudioProjects\\MyApplication\\entry\\build\\default\\intermediates\\res\\default\\resources\\rawfile","type":"directory","isSymbolicLink":false,"children":[]}]},{"hashValue":"8f50c65a07e036659cc5775422ab473e09bd8af111d2d2f445163a944dc33ee9","name":"resources.index","path":"C:\\Users\\19782\\DevEcoStudioProjects\\MyApplication\\entry\\build\\default\\intermediates\\res\\default\\resources.index","type":"file","isSymbolicLink":false,"fileMetaData":{"size":1162,"lastModifiedTime":1766892619543}},{"hashValue":"58b751746a539ae41bb87385e09ae9031afc507639aec3744c5f1d2cb8e9b2bf","name":"ResourceTable.txt","path":"C:\\Users\\19782\\DevEcoStudioProjects\\MyApplication\\entry\\build\\default\\intermediates\\res\\default\\ResourceTable.txt","type":"file","isSymbolicLink":false,"fileMetaData":{"size":384,"lastModifiedTime":1766892619443}}]},"C:\\Users\\19782\\DevEcoStudioProjects\\MyApplication\\entry\\build\\default\\generated\\r\\default\\ResourceTable.h":{"hashValue":"083dd46fac5e131dca2f6ce9c156284e92906b3d798a5f33c3ed44611c996689","name":"ResourceTable.h","path":"C:\\Users\\19782\\DevEcoStudioProjects\\MyApplication\\entry\\build\\default\\generated\\r\\default\\ResourceTable.h","type":"file","isSymbolicLink":false,"fileMetaData":{"size":1294,"lastModifiedTime":1766892619442}},"C:\\Users\\19782\\DevEcoStudioProjects\\MyApplication\\entry\\build\\default\\generated\\r\\default":{"hashValue":"37d9080f015c7d0f2a79d6f349b5cc6be527c785a7da57f362dec966cea0f3e1","name":"default","path":"C:\\Users\\19782\\DevEcoStudioProjects\\MyApplication\\entry\\build\\default\\generated\\r\\default","type":"directory","isSymbolicLink":false,"children":[{"hashValue":"083dd46fac5e131dca2f6ce9c156284e92906b3d798a5f33c3ed44611c996689","name":"ResourceTable.h","path":"C:\\Users\\19782\\DevEcoStudioProjects\\MyApplication\\entry\\build\\default\\generated\\r\\default\\ResourceTable.h","type":"file","isSymbolicLink":false,"fileMetaData":{"size":1294,"lastModifiedTime":1766892619442}}]},"C:\\Users\\19782\\DevEcoStudioProjects\\MyApplication\\entry\\build\\default\\intermediates\\stripped_native_libs\\default":{"hashValue":"","name":"default","path":"C:\\Users\\19782\\DevEcoStudioProjects\\MyApplication\\entry\\build\\default\\intermediates\\stripped_native_libs\\default","type":"directory","isSymbolicLink":false,"children":[]},"C:\\Users\\19782\\DevEcoStudioProjects\\MyApplication\\entry\\build\\default\\intermediates\\loader\\default":{"hashValue":"a3520b85a1659a54a44b8e811dee9d0e1d71a46052229e1abed81713885f3ffe","name":"default","path":"C:\\Users\\19782\\DevEcoStudioProjects\\MyApplication\\entry\\build\\default\\intermediates\\loader\\default","type":"directory","isSymbolicLink":false,"children":[{"hashValue":"60cc58483e47cc07c6df46b1358071e43b32eefd06d5179a19b74de69d029347","name":"loader.json","path":"C:\\Users\\19782\\DevEcoStudioProjects\\MyApplication\\entry\\build\\default\\intermediates\\loader\\default\\loader.json","type":"file","isSymbolicLink":false,"fileMetaData":{"size":1021,"lastModifiedTime":1766892618860}},{"hashValue":"b9128a20fd2da728de4d825c4a77676dc94f047f657d98547a1202967f2b244f","name":"pkgContextInfo.json","path":"C:\\Users\\19782\\DevEcoStudioProjects\\MyApplication\\entry\\build\\default\\intermediates\\loader\\default\\pkgContextInfo.json","type":"file","isSymbolicLink":false,"fileMetaData":{"size":444,"lastModifiedTime":1766892618670}}]},"C:\\Users\\19782\\DevEcoStudioProjects\\MyApplication\\entry\\build\\default\\intermediates\\res\\default\\resources\\rawfile":{"hashValue":"","name":"rawfile","path":"C:\\Users\\19782\\DevEcoStudioProjects\\MyApplication\\entry\\build\\default\\intermediates\\res\\default\\resources\\rawfile","type":"directory","isSymbolicLink":false,"children":[]},"C:\\Users\\19782\\DevEcoStudioProjects\\MyApplication\\entry\\build\\default\\intermediates\\res\\default\\ResourceTable.txt":{"hashValue":"58b751746a539ae41bb87385e09ae9031afc507639aec3744c5f1d2cb8e9b2bf","name":"ResourceTable.txt","path":"C:\\Users\\19782\\DevEcoStudioProjects\\MyApplication\\entry\\build\\default\\intermediates\\res\\default\\ResourceTable.txt","type":"file","isSymbolicLink":false,"fileMetaData":{"size":384,"lastModifiedTime":1766892619443}},"C:\\Users\\19782\\DevEcoStudioProjects\\MyApplication\\entry\\build\\default\\intermediates\\res\\default\\ark_module.json":{"hashValue":"1c4159e125c5980295261d4ba480758f1d731ea38cdbfe2606c30a706bb7fec4","name":"ark_module.json","path":"C:\\Users\\19782\\DevEcoStudioProjects\\MyApplication\\entry\\build\\default\\intermediates\\res\\default\\ark_module.json","type":"file","isSymbolicLink":false,"fileMetaData":{"size":1362,"lastModifiedTime":1766892618810}},"C:\\Users\\19782\\DevEcoStudioProjects\\MyApplication\\entry\\build\\default\\intermediates\\res\\default\\resources\\base\\profile":{"hashValue":"3e1d4a6b6a16f1e2d026940f2ef76a0248ccf529fb7596aa80cef81d1a6a256c","name":"profile","path":"C:\\Users\\19782\\DevEcoStudioProjects\\MyApplication\\entry\\build\\default\\intermediates\\res\\default\\resources\\base\\profile","type":"directory","isSymbolicLink":false,"children":[{"hashValue":"b3611b00b45d5d10df5a8156fce8f094ed23f5c8c5dd68a7171128cb7de84f6d","name":"backup_config.json","path":"C:\\Users\\19782\\DevEcoStudioProjects\\MyApplication\\entry\\build\\default\\intermediates\\res\\default\\resources\\base\\profile\\backup_config.json","type":"file","isSymbolicLink":false,"fileMetaData":{"size":36,"lastModifiedTime":1766741583766}},{"hashValue":"dc67f5b2a4fc5d249c6e78cd37efc0462bf4c5a9c5afa8f34af1b1e9bcf4d600","name":"main_pages.json","path":"C:\\Users\\19782\\DevEcoStudioProjects\\MyApplication\\entry\\build\\default\\intermediates\\res\\default\\resources\\base\\profile\\main_pages.json","type":"file","isSymbolicLink":false,"fileMetaData":{"size":37,"lastModifiedTime":1766741583717}}]},"C:\\Users\\19782\\DevEcoStudioProjects\\MyApplication\\entry\\src\\main\\ets":{"hashValue":"74eb8db9d18760d8b21e57b3ee58113fd525d7e8dc48efe25c899dcbf8b0fffd","name":"ets","path":"C:\\Users\\19782\\DevEcoStudioProjects\\MyApplication\\entry\\src\\main\\ets","type":"directory","isSymbolicLink":false,"children":[{"hashValue":"8471daf141c7b9b0b9653896401d9158b26bbae89a4ce79be16c5df4d3de65ff","name":"entryability","path":"C:\\Users\\19782\\DevEcoStudioProjects\\MyApplication\\entry\\src\\main\\ets\\entryability","type":"directory","isSymbolicLink":false,"children":[{"hashValue":"2bec94346b51fe5d4d1458156829ae047e303a575fae113335b5852938dd87d6","name":"EntryAbility.ets","path":"C:\\Users\\19782\\DevEcoStudioProjects\\MyApplication\\entry\\src\\main\\ets\\entryability\\EntryAbility.ets","type":"file","isSymbolicLink":false,"fileMetaData":{"size":1852,"lastModifiedTime":1766907387100}}]},{"hashValue":"21233102712c9c617b63b9db13832b2b55f88ef0fe8029621c4e055c1f57e796","name":"entrybackupability","path":"C:\\Users\\19782\\DevEcoStudioProjects\\MyApplication\\entry\\src\\main\\ets\\entrybackupability","type":"directory","isSymbolicLink":false,"children":[{"hashValue":"6f32a3f9e1e3ad6d1ffb2a6c2c3c24e96305f5df5d31e50133e3348eaf21003c","name":"EntryBackupAbility.ets","path":"C:\\Users\\19782\\DevEcoStudioProjects\\MyApplication\\entry\\src\\main\\ets\\entrybackupability\\EntryBackupAbility.ets","type":"file","isSymbolicLink":false,"fileMetaData":{"size":522,"lastModifiedTime":1766741586452}}]},{"hashValue":"1dd5eea0c28b00d4a5433585f2cbaece1700f6c04b2d50390e96590287ac23c6","name":"pages","path":"C:\\Users\\19782\\DevEcoStudioProjects\\MyApplication\\entry\\src\\main\\ets\\pages","type":"directory","isSymbolicLink":false,"children":[{"hashValue":"9693d22c01ef370c87ee100bff798283ba87720369c895ee72d30db8f548e536","name":"a01BorderTest.ets","path":"C:\\Users\\19782\\DevEcoStudioProjects\\MyApplication\\entry\\src\\main\\ets\\pages\\a01BorderTest.ets","type":"file","isSymbolicLink":false,"fileMetaData":{"size":337,"lastModifiedTime":1767058290422}},{"hashValue":"954367fee16a140e564c48ac43d3fc4b50c9946777af30e1167642b6f408e48f","name":"a02ColumnTest.ets","path":"C:\\Users\\19782\\DevEcoStudioProjects\\MyApplication\\entry\\src\\main\\ets\\pages\\a02ColumnTest.ets","type":"file","isSymbolicLink":false,"fileMetaData":{"size":455,"lastModifiedTime":1767058237025}},{"hashValue":"6338b6d6883ae60c2e39f0943832cefdd1d1e28f02715334d402f87a28c63304","name":"a03Row.ets","path":"C:\\Users\\19782\\DevEcoStudioProjects\\MyApplication\\entry\\src\\main\\ets\\pages\\a03Row.ets","type":"file","isSymbolicLink":false,"fileMetaData":{"size":581,"lastModifiedTime":1767066357854}},{"hashValue":"15dd55742bbd33cb2e1523ed1a56e79e1c09cda69e6b1252159b8cc89ff3323a","name":"a04StackTest.ets","path":"C:\\Users\\19782\\DevEcoStudioProjects\\MyApplication\\entry\\src\\main\\ets\\pages\\a04StackTest.ets","type":"file","isSymbolicLink":false,"fileMetaData":{"size":499,"lastModifiedTime":1767061286063}},{"hashValue":"25967e8f6bd766eec18a0efd8894580601d885799e55b28693e73282878f5e7a","name":"a05FlexTest.ets","path":"C:\\Users\\19782\\DevEcoStudioProjects\\MyApplication\\entry\\src\\main\\ets\\pages\\a05FlexTest.ets","type":"file","isSymbolicLink":false,"fileMetaData":{"size":564,"lastModifiedTime":1767063737739}},{"hashValue":"1ae992a028d53e4eb408059e75b591e00aaf7d51e0b92336d3dfe18a612b20fa","name":"a06GridTest.ets","path":"C:\\Users\\19782\\DevEcoStudioProjects\\MyApplication\\entry\\src\\main\\ets\\pages\\a06GridTest.ets","type":"file","isSymbolicLink":false,"fileMetaData":{"size":508,"lastModifiedTime":1767064442382}},{"hashValue":"ad9c06e6bd2e9bb1756aec13c6fa31e138791bed7256232622725be2d5421e34","name":"a07Swiper.ets","path":"C:\\Users\\19782\\DevEcoStudioProjects\\MyApplication\\entry\\src\\main\\ets\\pages\\a07Swiper.ets","type":"file","isSymbolicLink":false,"fileMetaData":{"size":458,"lastModifiedTime":1767066124261}},{"hashValue":"d4c905823426a855f406f072b71db94ab819763283cd3df6ae57b5493bb6e449","name":"a08ScrollTest.ets","path":"C:\\Users\\19782\\DevEcoStudioProjects\\MyApplication\\entry\\src\\main\\ets\\pages\\a08ScrollTest.ets","type":"file","isSymbolicLink":false,"fileMetaData":{"size":217,"lastModifiedTime":1767065978784}},{"hashValue":"b03380cf45be1e5e27b45a1197c31fbdf61cd30713f7a53ddf09cdb2f43f8e34","name":"arinz.ets","path":"C:\\Users\\19782\\DevEcoStudioProjects\\MyApplication\\entry\\src\\main\\ets\\pages\\arinz.ets","type":"file","isSymbolicLink":false,"fileMetaData":{"size":502,"lastModifiedTime":1767063370126}},{"hashValue":"863907b703e9974e955263b0fad6364abf15261d425219c2cef2dab75bdab833","name":"BuilderTest.ets","path":"C:\\Users\\19782\\DevEcoStudioProjects\\MyApplication\\entry\\src\\main\\ets\\pages\\BuilderTest.ets","type":"file","isSymbolicLink":false,"fileMetaData":{"size":823,"lastModifiedTime":1766988364413}},{"hashValue":"5723a32b97a7ec73e121cd85d5cee70e3fbe80434d43d9c1da5464e8194c126e","name":"DataTest.ets","path":"C:\\Users\\19782\\DevEcoStudioProjects\\MyApplication\\entry\\src\\main\\ets\\pages\\DataTest.ets","type":"file","isSymbolicLink":false,"fileMetaData":{"size":574,"lastModifiedTime":1766993095469}},{"hashValue":"c915ed466d974a8db0148cb7b6b6e871c7ea2529f9d5b429f6bf004bc621ffa1","name":"DataTestSon.ets","path":"C:\\Users\\19782\\DevEcoStudioProjects\\MyApplication\\entry\\src\\main\\ets\\pages\\DataTestSon.ets","type":"file","isSymbolicLink":false,"fileMetaData":{"size":269,"lastModifiedTime":1766993250669}},{"hashValue":"9db1c253123e3cb1040cc9793ce2a8749c6cadd1084ddcb807468ea2a9937d67","name":"ForEachTest.ets","path":"C:\\Users\\19782\\DevEcoStudioProjects\\MyApplication\\entry\\src\\main\\ets\\pages\\ForEachTest.ets","type":"file","isSymbolicLink":false,"fileMetaData":{"size":667,"lastModifiedTime":1766995563796}},{"hashValue":"c394f385e90ef67013ed31239dbba878652d4d887a0d82f19f41429064bfaa5e","name":"IfElseTest.ets","path":"C:\\Users\\19782\\DevEcoStudioProjects\\MyApplication\\entry\\src\\main\\ets\\pages\\IfElseTest.ets","type":"file","isSymbolicLink":false,"fileMetaData":{"size":319,"lastModifiedTime":1766993541312}},{"hashValue":"c4f4f37fa49118a1dd5241c2c843ae6bc7073b16efedc826f81ffd7b346e3d5a","name":"Index.ets","path":"C:\\Users\\19782\\DevEcoStudioProjects\\MyApplication\\entry\\src\\main\\ets\\pages\\Index.ets","type":"file","isSymbolicLink":false,"fileMetaData":{"size":558,"lastModifiedTime":1766891997048}},{"hashValue":"b694e1ea1a07b831bf2283b2669d1bf8ff0beb1f4c291304678fb91af0e5d10c","name":"MarginPadding.ets","path":"C:\\Users\\19782\\DevEcoStudioProjects\\MyApplication\\entry\\src\\main\\ets\\pages\\MarginPadding.ets","type":"file","isSymbolicLink":false,"fileMetaData":{"size":509,"lastModifiedTime":1766997921919}},{"hashValue":"6347fbe5e491336230cde9497a8fcc043bee2dee7441643ae79ac5032d44c307","name":"Method.ets","path":"C:\\Users\\19782\\DevEcoStudioProjects\\MyApplication\\entry\\src\\main\\ets\\pages\\Method.ets","type":"file","isSymbolicLink":false,"fileMetaData":{"size":1035,"lastModifiedTime":1766986219478}},{"hashValue":"4586b549bc89efb3c280f04c404d4d29f8d4d01e5ee6846dc01d28c001e41144","name":"Test01.ets","path":"C:\\Users\\19782\\DevEcoStudioProjects\\MyApplication\\entry\\src\\main\\ets\\pages\\Test01.ets","type":"file","isSymbolicLink":false,"fileMetaData":{"size":243,"lastModifiedTime":1767054901882}},{"hashValue":"176b5408fb61d019be8181b9cad0859811aa9f2d150a360bef14a20a30ab313a","name":"TestPages.ets","path":"C:\\Users\\19782\\DevEcoStudioProjects\\MyApplication\\entry\\src\\main\\ets\\pages\\TestPages.ets","type":"file","isSymbolicLink":false,"fileMetaData":{"size":1506,"lastModifiedTime":1766976339951}}]}]},"C:\\Users\\19782\\DevEcoStudioProjects\\MyApplication\\entry\\build\\default\\intermediates\\loader_out\\default\\ets":{"hashValue":"827bd0dc93006e229bbc24a7a69ccec3efe09cb2099a9ccf5552cc780467f8d3","name":"ets","path":"C:\\Users\\19782\\DevEcoStudioProjects\\MyApplication\\entry\\build\\default\\intermediates\\loader_out\\default\\ets","type":"directory","isSymbolicLink":false,"children":[{"hashValue":"64cbd28dd5482d576edbf60b60040929baa16a71fcb2f776b5482d4c1608b9a6","name":"modules.abc","path":"C:\\Users\\19782\\DevEcoStudioProjects\\MyApplication\\entry\\build\\default\\intermediates\\loader_out\\default\\ets\\modules.abc","type":"file","isSymbolicLink":false,"fileMetaData":{"size":12848,"lastModifiedTime":1766892627054}},{"hashValue":"b69bc42b86a83dfdfc60add277f8b56f647d3f6dc7157f033ce1538a3e146354","name":"sourceMaps.map","path":"C:\\Users\\19782\\DevEcoStudioProjects\\MyApplication\\entry\\build\\default\\intermediates\\loader_out\\default\\ets\\sourceMaps.map","type":"file","isSymbolicLink":false,"fileMetaData":{"size":3382,"lastModifiedTime":1766892626737}}]},"C:\\Users\\19782\\DevEcoStudioProjects\\MyApplication\\entry\\build\\default\\intermediates\\patch\\default\\base_native_libs.json":{"hashValue":"31002075c902961c6d9e4f6cd3d20a2d052ce89e155210c713fa145161f5166c","name":"base_native_libs.json","path":"C:\\Users\\19782\\DevEcoStudioProjects\\MyApplication\\entry\\build\\default\\intermediates\\patch\\default\\base_native_libs.json","type":"file","isSymbolicLink":false,"fileMetaData":{"size":25,"lastModifiedTime":1766809713043}},"C:\\Users\\19782\\DevEcoStudioProjects\\MyApplication\\entry\\build\\default\\intermediates\\res\\default\\module.json":{"hashValue":"756f437f4d5d4a40a5b1ef8bddfacd1757e8231fc73633658ca2bb9b75e64664","name":"module.json","path":"C:\\Users\\19782\\DevEcoStudioProjects\\MyApplication\\entry\\build\\default\\intermediates\\res\\default\\module.json","type":"file","isSymbolicLink":false,"fileMetaData":{"size":1893,"lastModifiedTime":1766892619444}},"C:\\Users\\19782\\DevEcoStudioProjects\\MyApplication\\entry\\build\\default\\intermediates\\package\\default\\module.json":{"hashValue":"c2ee09b9dad1cfbafa0566b983f51494f43c88efb0e768274b820ba5f91ded7c","name":"module.json","path":"C:\\Users\\19782\\DevEcoStudioProjects\\MyApplication\\entry\\build\\default\\intermediates\\package\\default\\module.json","type":"file","isSymbolicLink":false,"fileMetaData":{"size":1572,"lastModifiedTime":1766892627080}},"C:\\Users\\19782\\DevEcoStudioProjects\\MyApplication\\entry\\build\\default\\intermediates\\res\\default\\resources":{"hashValue":"f2c12cf22efeb02e96de20e2718ede5ffe6b6ddb9458664f4a13031b145bb5d0","name":"resources","path":"C:\\Users\\19782\\DevEcoStudioProjects\\MyApplication\\entry\\build\\default\\intermediates\\res\\default\\resources","type":"directory","isSymbolicLink":false,"children":[{"hashValue":"9a7edf43d27fd5589f5003ad7d460cb0809a0c80a48a0e0f2684347aaed7325a","name":"base","path":"C:\\Users\\19782\\DevEcoStudioProjects\\MyApplication\\entry\\build\\default\\intermediates\\res\\default\\resources\\base","type":"directory","isSymbolicLink":false,"children":[{"hashValue":"4277e05f22c2192ac5db2e9db36016aaac62dcde80bec54eab7ef5595dd9b165","name":"media","path":"C:\\Users\\19782\\DevEcoStudioProjects\\MyApplication\\entry\\build\\default\\intermediates\\res\\default\\resources\\base\\media","type":"directory","isSymbolicLink":false,"children":[{"hashValue":"2de2ad0edcdbf98fa4eb93990e6a76c1de70860eff83230c0ba27c3c5d6d43aa","name":"background.png","path":"C:\\Users\\19782\\DevEcoStudioProjects\\MyApplication\\entry\\build\\default\\intermediates\\res\\default\\resources\\base\\media\\background.png","type":"file","isSymbolicLink":false,"fileMetaData":{"size":70283,"lastModifiedTime":1766892619501}},{"hashValue":"1da5a6bc1f5b6abf7e00e3cccb92cecd81389d7ce72dbb5bb14cd8c28eef7a7f","name":"foreground.png","path":"C:\\Users\\19782\\DevEcoStudioProjects\\MyApplication\\entry\\build\\default\\intermediates\\res\\default\\resources\\base\\media\\foreground.png","type":"file","isSymbolicLink":false,"fileMetaData":{"size":13086,"lastModifiedTime":1766892619540}},{"hashValue":"6af498af28b8a0bb9b44e0a7174e946aa0533ba73d7e940ff8aacd48d41610f6","name":"layered_image.json","path":"C:\\Users\\19782\\DevEcoStudioProjects\\MyApplication\\entry\\build\\default\\intermediates\\res\\default\\resources\\base\\media\\layered_image.json","type":"file","isSymbolicLink":false,"fileMetaData":{"size":95,"lastModifiedTime":1766892619441}},{"hashValue":"282014c0d3b0f5eb773ac449875c6c1129727485d4b795d521b976a6288a837d","name":"startIcon.png","path":"C:\\Users\\19782\\DevEcoStudioProjects\\MyApplication\\entry\\build\\default\\intermediates\\res\\default\\resources\\base\\media\\startIcon.png","type":"file","isSymbolicLink":false,"fileMetaData":{"size":20093,"lastModifiedTime":1766741583696}}]},{"hashValue":"3e1d4a6b6a16f1e2d026940f2ef76a0248ccf529fb7596aa80cef81d1a6a256c","name":"profile","path":"C:\\Users\\19782\\DevEcoStudioProjects\\MyApplication\\entry\\build\\default\\intermediates\\res\\default\\resources\\base\\profile","type":"directory","isSymbolicLink":false,"children":[{"hashValue":"b3611b00b45d5d10df5a8156fce8f094ed23f5c8c5dd68a7171128cb7de84f6d","name":"backup_config.json","path":"C:\\Users\\19782\\DevEcoStudioProjects\\MyApplication\\entry\\build\\default\\intermediates\\res\\default\\resources\\base\\profile\\backup_config.json","type":"file","isSymbolicLink":false,"fileMetaData":{"size":36,"lastModifiedTime":1766741583766}},{"hashValue":"dc67f5b2a4fc5d249c6e78cd37efc0462bf4c5a9c5afa8f34af1b1e9bcf4d600","name":"main_pages.json","path":"C:\\Users\\19782\\DevEcoStudioProjects\\MyApplication\\entry\\build\\default\\intermediates\\res\\default\\resources\\base\\profile\\main_pages.json","type":"file","isSymbolicLink":false,"fileMetaData":{"size":37,"lastModifiedTime":1766741583717}}]}]},{"hashValue":"","name":"rawfile","path":"C:\\Users\\19782\\DevEcoStudioProjects\\MyApplication\\entry\\build\\default\\intermediates\\res\\default\\resources\\rawfile","type":"directory","isSymbolicLink":false,"children":[]}]},"C:\\Users\\19782\\DevEcoStudioProjects\\MyApplication\\entry\\build\\default\\intermediates\\res\\default\\resources.index":{"hashValue":"8f50c65a07e036659cc5775422ab473e09bd8af111d2d2f445163a944dc33ee9","name":"resources.index","path":"C:\\Users\\19782\\DevEcoStudioProjects\\MyApplication\\entry\\build\\default\\intermediates\\res\\default\\resources.index","type":"file","isSymbolicLink":false,"fileMetaData":{"size":1162,"lastModifiedTime":1766892619543}},"C:\\Users\\19782\\DevEcoStudioProjects\\MyApplication\\entry\\build\\default\\intermediates\\loader_out\\default\\ets\\sourceMaps.map":{"hashValue":"b69bc42b86a83dfdfc60add277f8b56f647d3f6dc7157f033ce1538a3e146354","name":"sourceMaps.map","path":"C:\\Users\\19782\\DevEcoStudioProjects\\MyApplication\\entry\\build\\default\\intermediates\\loader_out\\default\\ets\\sourceMaps.map","type":"file","isSymbolicLink":false,"fileMetaData":{"size":3382,"lastModifiedTime":1766892626737}},"C:\\Users\\19782\\DevEcoStudioProjects\\MyApplication\\entry\\build\\default\\outputs\\default\\entry-default-unsigned.hap":{"hashValue":"bcd4f314b08afbd6ef3559dd4c75b36ea097bbc999f0a81b2f0623bf0a086bcd","name":"entry-default-unsigned.hap","path":"C:\\Users\\19782\\DevEcoStudioProjects\\MyApplication\\entry\\build\\default\\outputs\\default\\entry-default-unsigned.hap","type":"file","isSymbolicLink":false,"fileMetaData":{"size":125165,"lastModifiedTime":1766892627575}},"C:\\Users\\19782\\DevEcoStudioProjects\\MyApplication\\entry\\build\\default\\intermediates\\source_map\\default\\sourceMaps.map":{"hashValue":"b69bc42b86a83dfdfc60add277f8b56f647d3f6dc7157f033ce1538a3e146354","name":"sourceMaps.map","path":"C:\\Users\\19782\\DevEcoStudioProjects\\MyApplication\\entry\\build\\default\\intermediates\\source_map\\default\\sourceMaps.map","type":"file","isSymbolicLink":false,"fileMetaData":{"size":3382,"lastModifiedTime":1766892626737}},"C:\\Users\\19782\\DevEcoStudioProjects\\MyApplication\\entry\\build\\default\\outputs\\default\\mapping\\sourceMaps.map":{"hashValue":"b69bc42b86a83dfdfc60add277f8b56f647d3f6dc7157f033ce1538a3e146354","name":"sourceMaps.map","path":"C:\\Users\\19782\\DevEcoStudioProjects\\MyApplication\\entry\\build\\default\\outputs\\default\\mapping\\sourceMaps.map","type":"file","isSymbolicLink":false,"fileMetaData":{"size":3382,"lastModifiedTime":1766892626737}},"C:\\Users\\19782\\DevEcoStudioProjects\\MyApplication\\entry\\.preview\\default\\intermediates\\merge_profile\\default\\module.json":{"hashValue":"de4922ef1647fb934e8858760905133a283d9a74b5a0f211aaf4e56e5ae4cc79","name":"module.json","path":"C:\\Users\\19782\\DevEcoStudioProjects\\MyApplication\\entry\\.preview\\default\\intermediates\\merge_profile\\default\\module.json","type":"file","isSymbolicLink":false,"fileMetaData":{"size":1621,"lastModifiedTime":1766971031008}},"C:\\Users\\19782\\DevEcoStudioProjects\\MyApplication\\entry\\.preview\\default\\generated\\profile\\default\\BuildProfile.ets":{"hashValue":"ab7c11b227c9c339f203dfa0acbb94633794d78cbbf4138d77fc2de972cf6b91","name":"BuildProfile.ets","path":"C:\\Users\\19782\\DevEcoStudioProjects\\MyApplication\\entry\\.preview\\default\\generated\\profile\\default\\BuildProfile.ets","type":"file","isSymbolicLink":false,"fileMetaData":{"size":868,"lastModifiedTime":1766971031013}},"C:\\Users\\19782\\DevEcoStudioProjects\\MyApplication\\entry\\.preview\\default\\intermediates\\loader\\default\\pkgContextInfo.json":{"hashValue":"894762f13d510c4863f8574b40b0a4cd0d08a94f540ff6abb941257858bda676","name":"pkgContextInfo.json","path":"C:\\Users\\19782\\DevEcoStudioProjects\\MyApplication\\entry\\.preview\\default\\intermediates\\loader\\default\\pkgContextInfo.json","type":"file","isSymbolicLink":false,"fileMetaData":{"size":444,"lastModifiedTime":1766971031028}},"C:\\Users\\19782\\DevEcoStudioProjects\\MyApplication\\entry\\.preview\\default\\intermediates\\process_profile\\default\\module.json":{"hashValue":"cea477facb4bb4b3820703a90f955fdf2d386e56781bb3ec2747c0eb2cf48a6e","name":"module.json","path":"C:\\Users\\19782\\DevEcoStudioProjects\\MyApplication\\entry\\.preview\\default\\intermediates\\process_profile\\default\\module.json","type":"file","isSymbolicLink":false,"fileMetaData":{"size":1888,"lastModifiedTime":1766971031359}},"C:\\Users\\19782\\DevEcoStudioProjects\\MyApplication\\entry\\.preview\\default\\intermediates\\router_map\\default\\temp-router-map.json":{"hashValue":"5f08cb23fd3fff741b90b1302af1d081a711d26258c6697a87d35368e27778dd","name":"temp-router-map.json","path":"C:\\Users\\19782\\DevEcoStudioProjects\\MyApplication\\entry\\.preview\\default\\intermediates\\router_map\\default\\temp-router-map.json","type":"file","isSymbolicLink":false,"fileMetaData":{"size":16,"lastModifiedTime":1766971031364}},"C:\\Users\\19782\\DevEcoStudioProjects\\MyApplication\\entry\\.preview\\default\\intermediates\\router_map\\default\\loader-router-map.json":{"hashValue":"97223f38c352e9416469dc4e3b7692141d650cbfb36815cfa095e12c6d69d639","name":"loader-router-map.json","path":"C:\\Users\\19782\\DevEcoStudioProjects\\MyApplication\\entry\\.preview\\default\\intermediates\\router_map\\default\\loader-router-map.json","type":"file","isSymbolicLink":false,"fileMetaData":{"size":16,"lastModifiedTime":1766971031364}},"C:\\Users\\19782\\DevEcoStudioProjects\\MyApplication\\entry\\.preview\\default\\intermediates\\share_config\\default\\temp-share-config.json":{"hashValue":"1ae2beb5dbc6c86b7bee8246c4c17898fcd1368dfaf4f6bc0a7b2c2b99002255","name":"temp-share-config.json","path":"C:\\Users\\19782\\DevEcoStudioProjects\\MyApplication\\entry\\.preview\\default\\intermediates\\share_config\\default\\temp-share-config.json","type":"file","isSymbolicLink":false,"fileMetaData":{"size":27,"lastModifiedTime":1766971031369}},"C:\\Users\\19782\\DevEcoStudioProjects\\MyApplication\\entry\\.preview\\default\\intermediates\\loader\\default\\loader.json":{"hashValue":"9cbf7a0d9fa10eef104e2e960c8e82a77fc88d8d7e63f9ee6236249b4647e176","name":"loader.json","path":"C:\\Users\\19782\\DevEcoStudioProjects\\MyApplication\\entry\\.preview\\default\\intermediates\\loader\\default\\loader.json","type":"file","isSymbolicLink":false,"fileMetaData":{"size":907,"lastModifiedTime":1766971031390}},"C:\\Users\\19782\\DevEcoStudioProjects\\MyApplication\\entry\\.preview\\default\\intermediates\\res\\default":{"hashValue":"599a25177cfd27333a1ec48750386504af282425b55808cd41d2124cb761d74e","name":"default","path":"C:\\Users\\19782\\DevEcoStudioProjects\\MyApplication\\entry\\.preview\\default\\intermediates\\res\\default","type":"directory","isSymbolicLink":false,"children":[{"hashValue":"45a9f90ee9e8ad7e8c07bf3b1ed1ec292bd3f623255407e24fae3f9f5c5be1ed","name":"app_compiled","path":"C:\\Users\\19782\\DevEcoStudioProjects\\MyApplication\\entry\\.preview\\default\\intermediates\\res\\default\\app_compiled","type":"directory","isSymbolicLink":false,"children":[{"hashValue":"a933596ae6c20a9fbb664c2ddc66eaa2c6412746d416f33fcda3f5e52fb94b8b","name":"14572423000419015892","path":"C:\\Users\\19782\\DevEcoStudioProjects\\MyApplication\\entry\\.preview\\default\\intermediates\\res\\default\\app_compiled\\14572423000419015892","type":"file","isSymbolicLink":false,"fileMetaData":{"size":230,"lastModifiedTime":1767066359982}},{"hashValue":"3a356db6878921bcd00b191f6df2c87cb9f98dea3f576bc9c061a9efcbdc35f1","name":"4677211863388850222","path":"C:\\Users\\19782\\DevEcoStudioProjects\\MyApplication\\entry\\.preview\\default\\intermediates\\res\\default\\app_compiled\\4677211863388850222","type":"file","isSymbolicLink":false,"fileMetaData":{"size":242,"lastModifiedTime":1767066359983}},{"hashValue":"5e858041352f688453a0495f2aa76c3c1a0417cdb157955b57797d0db4a60303","name":"7343377907233571348","path":"C:\\Users\\19782\\DevEcoStudioProjects\\MyApplication\\entry\\.preview\\default\\intermediates\\res\\default\\app_compiled\\7343377907233571348","type":"file","isSymbolicLink":false,"fileMetaData":{"size":142,"lastModifiedTime":1767066359981}},{"hashValue":"fb0c0469cc333386e35309a803494c061fe3133580421fd7c8f0f093d45758c3","name":"9740638129284562201","path":"C:\\Users\\19782\\DevEcoStudioProjects\\MyApplication\\entry\\.preview\\default\\intermediates\\res\\default\\app_compiled\\9740638129284562201","type":"file","isSymbolicLink":false,"fileMetaData":{"size":230,"lastModifiedTime":1767066359981}}]},{"hashValue":"ebdf1be8d08eba3c004ba711e7464f6b1876ce92134047c9906b96979af75c26","name":"ids_map","path":"C:\\Users\\19782\\DevEcoStudioProjects\\MyApplication\\entry\\.preview\\default\\intermediates\\res\\default\\ids_map","type":"directory","isSymbolicLink":false,"children":[{"hashValue":"40fa97d93d583d00896d35231bf78fa4cd901fb2a15a1d66a4a3b67a8c348921","name":"id_defined.json","path":"C:\\Users\\19782\\DevEcoStudioProjects\\MyApplication\\entry\\.preview\\default\\intermediates\\res\\default\\ids_map\\id_defined.json","type":"file","isSymbolicLink":false,"fileMetaData":{"size":952,"lastModifiedTime":1767066360241}}]},{"hashValue":"b2defa1b3cd9728c6e437727b91e3e2c7074c714c84a561c9c648aee00a769d5","name":"mock-config.json","path":"C:\\Users\\19782\\DevEcoStudioProjects\\MyApplication\\entry\\.preview\\default\\intermediates\\res\\default\\mock-config.json","type":"file","isSymbolicLink":false,"fileMetaData":{"size":2,"lastModifiedTime":1766891839667}},{"hashValue":"d194f8cb30771b17bf37aaf66824b5bea3651fbed6b1a5be0e4cc63540e57372","name":"module_compiled","path":"C:\\Users\\19782\\DevEcoStudioProjects\\MyApplication\\entry\\.preview\\default\\intermediates\\res\\default\\module_compiled","type":"directory","isSymbolicLink":false,"children":[{"hashValue":"d4eabba5c8334a4df57a34e48bb1121c4b6b2755d6fb4ba66c26a8c5992f53d8","name":"10097159143209677078","path":"C:\\Users\\19782\\DevEcoStudioProjects\\MyApplication\\entry\\.preview\\default\\intermediates\\res\\default\\module_compiled\\10097159143209677078","type":"file","isSymbolicLink":false,"fileMetaData":{"size":164,"lastModifiedTime":1767066360099}},{"hashValue":"f312be58c1d366699292f854007fd9aac94278452e3786b5d0218ce3e60bccb7","name":"10610976236375667427","path":"C:\\Users\\19782\\DevEcoStudioProjects\\MyApplication\\entry\\.preview\\default\\intermediates\\res\\default\\module_compiled\\10610976236375667427","type":"file","isSymbolicLink":false,"fileMetaData":{"size":242,"lastModifiedTime":1767066360097}},{"hashValue":"ae86106a6fe4c7f75efc7094c712f69e9704d868ffbc5dbe8ad8a93ff10f9645","name":"10616406247480954098","path":"C:\\Users\\19782\\DevEcoStudioProjects\\MyApplication\\entry\\.preview\\default\\intermediates\\res\\default\\module_compiled\\10616406247480954098","type":"file","isSymbolicLink":false,"fileMetaData":{"size":186,"lastModifiedTime":1767066360099}},{"hashValue":"bfa0997beed2b5f66f80098ac62053f5495ea4711ff755157592f6e058870cb0","name":"10873328960601617879","path":"C:\\Users\\19782\\DevEcoStudioProjects\\MyApplication\\entry\\.preview\\default\\intermediates\\res\\default\\module_compiled\\10873328960601617879","type":"file","isSymbolicLink":false,"fileMetaData":{"size":239,"lastModifiedTime":1767066360098}},{"hashValue":"b30a2f2cf67650237da630be3bb7b8af3f8c42724cd56e1b037bbef88225c1f1","name":"14951936301407730859","path":"C:\\Users\\19782\\DevEcoStudioProjects\\MyApplication\\entry\\.preview\\default\\intermediates\\res\\default\\module_compiled\\14951936301407730859","type":"file","isSymbolicLink":false,"fileMetaData":{"size":249,"lastModifiedTime":1767066360098}},{"hashValue":"29112074bd92d413fd35f71409d8bcedc41fcdd19bee9546e823497265815a3c","name":"15753423370897181984","path":"C:\\Users\\19782\\DevEcoStudioProjects\\MyApplication\\entry\\.preview\\default\\intermediates\\res\\default\\module_compiled\\15753423370897181984","type":"file","isSymbolicLink":false,"fileMetaData":{"size":242,"lastModifiedTime":1767066360097}},{"hashValue":"4be7a7a3b3f606aaeaac65ae23adc0aa171fcb4c1cf07afc2d3aa9d86564ad1d","name":"17781238959040810496","path":"C:\\Users\\19782\\DevEcoStudioProjects\\MyApplication\\entry\\.preview\\default\\intermediates\\res\\default\\module_compiled\\17781238959040810496","type":"file","isSymbolicLink":false,"fileMetaData":{"size":156,"lastModifiedTime":1767066360095}},{"hashValue":"f2ddd60e18e2aee7e0aa014113bee14d69167262de3843812ebbc5ece3fbac87","name":"1958685113495966546","path":"C:\\Users\\19782\\DevEcoStudioProjects\\MyApplication\\entry\\.preview\\default\\intermediates\\res\\default\\module_compiled\\1958685113495966546","type":"file","isSymbolicLink":false,"fileMetaData":{"size":254,"lastModifiedTime":1767066360097}},{"hashValue":"3b23876bc7c182ff1242e1b70f83c06784bf5b8657b26aed4d3b5adf7e6dd36d","name":"2799847891579224192","path":"C:\\Users\\19782\\DevEcoStudioProjects\\MyApplication\\entry\\.preview\\default\\intermediates\\res\\default\\module_compiled\\2799847891579224192","type":"file","isSymbolicLink":false,"fileMetaData":{"size":258,"lastModifiedTime":1767066360098}},{"hashValue":"3435e584764e2070f21516ff0c80a07e2fd255f5e6eb215cb8eb2f5021b8694e","name":"2874307291199798599","path":"C:\\Users\\19782\\DevEcoStudioProjects\\MyApplication\\entry\\.preview\\default\\intermediates\\res\\default\\module_compiled\\2874307291199798599","type":"file","isSymbolicLink":false,"fileMetaData":{"size":461,"lastModifiedTime":1767066360096}},{"hashValue":"b1ac1ee556d9b089d9b1e13d4e8922fc21302ae4dfcb8533cf05c59d479aa826","name":"9516311364974508874","path":"C:\\Users\\19782\\DevEcoStudioProjects\\MyApplication\\entry\\.preview\\default\\intermediates\\res\\default\\module_compiled\\9516311364974508874","type":"file","isSymbolicLink":false,"fileMetaData":{"size":149,"lastModifiedTime":1767066360095}}]},{"hashValue":"0a86dbff4d6e9e56473ea4de9ffd67bebeefb59e3bab299d70125b2c16c0a5ab","name":"module.json","path":"C:\\Users\\19782\\DevEcoStudioProjects\\MyApplication\\entry\\.preview\\default\\intermediates\\res\\default\\module.json","type":"file","isSymbolicLink":false,"fileMetaData":{"size":1950,"lastModifiedTime":1767066360280}},{"hashValue":"fcbcbe841a895d2ed874cec2c39fc752da47bd33ec1fb71db47bdbf0b3465b7f","name":"resources","path":"C:\\Users\\19782\\DevEcoStudioProjects\\MyApplication\\entry\\.preview\\default\\intermediates\\res\\default\\resources","type":"directory","isSymbolicLink":false,"children":[{"hashValue":"3aed3ec45024420f0b4c6c3ec37021e9b60be8700f3e3676fa1ce9895e20ec0d","name":"base","path":"C:\\Users\\19782\\DevEcoStudioProjects\\MyApplication\\entry\\.preview\\default\\intermediates\\res\\default\\resources\\base","type":"directory","isSymbolicLink":false,"children":[{"hashValue":"511f63394fe524139f2bda48bf057801906015c99b71a0623822ef3e794ccca0","name":"media","path":"C:\\Users\\19782\\DevEcoStudioProjects\\MyApplication\\entry\\.preview\\default\\intermediates\\res\\default\\resources\\base\\media","type":"directory","isSymbolicLink":false,"children":[{"hashValue":"15d49c67b2ec862ebbc867cfe65fedebc8a131d8bd7d4d2d6d2be7a7aa8319fc","name":"layered_image.json","path":"C:\\Users\\19782\\DevEcoStudioProjects\\MyApplication\\entry\\.preview\\default\\intermediates\\res\\default\\resources\\base\\media\\layered_image.json","type":"file","isSymbolicLink":false,"fileMetaData":{"size":95,"lastModifiedTime":1767066360239}}]},{"hashValue":"9c136a4f7cc1cee3a8c005c2605c92019fe857cc6972c7bfd8ea894cd36b5eef","name":"profile","path":"C:\\Users\\19782\\DevEcoStudioProjects\\MyApplication\\entry\\.preview\\default\\intermediates\\res\\default\\resources\\base\\profile","type":"directory","isSymbolicLink":false,"children":[{"hashValue":"b3611b00b45d5d10df5a8156fce8f094ed23f5c8c5dd68a7171128cb7de84f6d","name":"backup_config.json","path":"C:\\Users\\19782\\DevEcoStudioProjects\\MyApplication\\entry\\.preview\\default\\intermediates\\res\\default\\resources\\base\\profile\\backup_config.json","type":"file","isSymbolicLink":false,"fileMetaData":{"size":36,"lastModifiedTime":1766741583766}},{"hashValue":"89275eec5e1b5551af2cd17190dccaf4065793fdc5de8537112b0b50d60dfdef","name":"main_pages.json","path":"C:\\Users\\19782\\DevEcoStudioProjects\\MyApplication\\entry\\.preview\\default\\intermediates\\res\\default\\resources\\base\\profile\\main_pages.json","type":"file","isSymbolicLink":false,"fileMetaData":{"size":25,"lastModifiedTime":1767066360267}}]}]},{"hashValue":"2d2c8253834cdf1bf3319c8e33bb5e55fd1c216571a4cf7128a0cfab112213d2","name":"rawfile","path":"C:\\Users\\19782\\DevEcoStudioProjects\\MyApplication\\entry\\.preview\\default\\intermediates\\res\\default\\resources\\rawfile","type":"directory","isSymbolicLink":false,"children":[{"hashValue":"56d1bd956cab614a9bbff6beabe1ec44204d6b6a8589ef19c4d39cc6d2fed02e","name":"屏幕截图 2025-09-16 101237.png","path":"C:\\Users\\19782\\DevEcoStudioProjects\\MyApplication\\entry\\.preview\\default\\intermediates\\res\\default\\resources\\rawfile\\屏幕截图 2025-09-16 101237.png","type":"file","isSymbolicLink":false,"fileMetaData":{"size":859577,"lastModifiedTime":1757988765221}}]}]},{"hashValue":"ef38a685b357af34fe5b733f3a2ddf6864c2b57658b6d6f690ea73828f2a9058","name":"resources.index","path":"C:\\Users\\19782\\DevEcoStudioProjects\\MyApplication\\entry\\.preview\\default\\intermediates\\res\\default\\resources.index","type":"file","isSymbolicLink":false,"fileMetaData":{"size":1405,"lastModifiedTime":1767066360240}},{"hashValue":"2e7ad12e93874cc0e7b8b585b3190cd131ec28446f290e982c0f9109860405a4","name":"ResourceTable.txt","path":"C:\\Users\\19782\\DevEcoStudioProjects\\MyApplication\\entry\\.preview\\default\\intermediates\\res\\default\\ResourceTable.txt","type":"file","isSymbolicLink":false,"fileMetaData":{"size":384,"lastModifiedTime":1767066360243}}]},"C:\\Users\\19782\\DevEcoStudioProjects\\MyApplication\\entry\\.preview\\default\\generated\\r\\default":{"hashValue":"77836987793f20d6babfad70d94116cb05e667dd626f9ed24270391fbbbbc36d","name":"default","path":"C:\\Users\\19782\\DevEcoStudioProjects\\MyApplication\\entry\\.preview\\default\\generated\\r\\default","type":"directory","isSymbolicLink":false,"children":[{"hashValue":"52ec5597c1a635e91783a7002fd92113065b6678b02a20309dc1d418dbb41f56","name":"ResourceTable.h","path":"C:\\Users\\19782\\DevEcoStudioProjects\\MyApplication\\entry\\.preview\\default\\generated\\r\\default\\ResourceTable.h","type":"file","isSymbolicLink":false,"fileMetaData":{"size":1294,"lastModifiedTime":1767066360242}}]},"C:\\Users\\19782\\DevEcoStudioProjects\\MyApplication\\entry\\src\\main\\resources\\base\\profile":{"hashValue":"e7019547caaf7d1374032ffd45c758a1c4a25f9e3e1339873def987a75b0ee76","name":"profile","path":"C:\\Users\\19782\\DevEcoStudioProjects\\MyApplication\\entry\\src\\main\\resources\\base\\profile","type":"directory","isSymbolicLink":false,"children":[{"hashValue":"b3611b00b45d5d10df5a8156fce8f094ed23f5c8c5dd68a7171128cb7de84f6d","name":"backup_config.json","path":"C:\\Users\\19782\\DevEcoStudioProjects\\MyApplication\\entry\\src\\main\\resources\\base\\profile\\backup_config.json","type":"file","isSymbolicLink":false,"fileMetaData":{"size":36,"lastModifiedTime":1766741583766}},{"hashValue":"3d1c800b95066936f86007ce9661299f3f64fdae2e4f822fa489d1d489148976","name":"main_pages.json","path":"C:\\Users\\19782\\DevEcoStudioProjects\\MyApplication\\entry\\src\\main\\resources\\base\\profile\\main_pages.json","type":"file","isSymbolicLink":false,"fileMetaData":{"size":60,"lastModifiedTime":1766899959041}}]},"C:\\Users\\19782\\DevEcoStudioProjects\\MyApplication\\entry\\.preview\\default\\intermediates\\res\\default\\resources\\base\\profile":{"hashValue":"9c136a4f7cc1cee3a8c005c2605c92019fe857cc6972c7bfd8ea894cd36b5eef","name":"profile","path":"C:\\Users\\19782\\DevEcoStudioProjects\\MyApplication\\entry\\.preview\\default\\intermediates\\res\\default\\resources\\base\\profile","type":"directory","isSymbolicLink":false,"children":[{"hashValue":"b3611b00b45d5d10df5a8156fce8f094ed23f5c8c5dd68a7171128cb7de84f6d","name":"backup_config.json","path":"C:\\Users\\19782\\DevEcoStudioProjects\\MyApplication\\entry\\.preview\\default\\intermediates\\res\\default\\resources\\base\\profile\\backup_config.json","type":"file","isSymbolicLink":false,"fileMetaData":{"size":36,"lastModifiedTime":1766741583766}},{"hashValue":"89275eec5e1b5551af2cd17190dccaf4065793fdc5de8537112b0b50d60dfdef","name":"main_pages.json","path":"C:\\Users\\19782\\DevEcoStudioProjects\\MyApplication\\entry\\.preview\\default\\intermediates\\res\\default\\resources\\base\\profile\\main_pages.json","type":"file","isSymbolicLink":false,"fileMetaData":{"size":25,"lastModifiedTime":1767066360267}}]},"C:\\Users\\19782\\DevEcoStudioProjects\\MyApplication\\entry\\.preview\\default\\intermediates\\res\\default\\module.json":{"hashValue":"0a86dbff4d6e9e56473ea4de9ffd67bebeefb59e3bab299d70125b2c16c0a5ab","name":"module.json","path":"C:\\Users\\19782\\DevEcoStudioProjects\\MyApplication\\entry\\.preview\\default\\intermediates\\res\\default\\module.json","type":"file","isSymbolicLink":false,"fileMetaData":{"size":1950,"lastModifiedTime":1767066360280}},"C:\\Users\\19782\\DevEcoStudioProjects\\MyApplication\\entry\\.preview\\default\\intermediates\\res\\default\\resources\\base\\profile\\main_pages.json":{"hashValue":"89275eec5e1b5551af2cd17190dccaf4065793fdc5de8537112b0b50d60dfdef","name":"main_pages.json","path":"C:\\Users\\19782\\DevEcoStudioProjects\\MyApplication\\entry\\.preview\\default\\intermediates\\res\\default\\resources\\base\\profile\\main_pages.json","type":"file","isSymbolicLink":false,"fileMetaData":{"size":25,"lastModifiedTime":1767066360267}},"C:\\Users\\19782\\DevEcoStudioProjects\\MyApplication\\entry\\.preview\\default\\intermediates\\loader\\default":{"hashValue":"4b51cd1eecce3234dbef9679b779ab2c14ac98764a9aecfa4be714e784869d32","name":"default","path":"C:\\Users\\19782\\DevEcoStudioProjects\\MyApplication\\entry\\.preview\\default\\intermediates\\loader\\default","type":"directory","isSymbolicLink":false,"children":[{"hashValue":"9cbf7a0d9fa10eef104e2e960c8e82a77fc88d8d7e63f9ee6236249b4647e176","name":"loader.json","path":"C:\\Users\\19782\\DevEcoStudioProjects\\MyApplication\\entry\\.preview\\default\\intermediates\\loader\\default\\loader.json","type":"file","isSymbolicLink":false,"fileMetaData":{"size":907,"lastModifiedTime":1766971031390}},{"hashValue":"894762f13d510c4863f8574b40b0a4cd0d08a94f540ff6abb941257858bda676","name":"pkgContextInfo.json","path":"C:\\Users\\19782\\DevEcoStudioProjects\\MyApplication\\entry\\.preview\\default\\intermediates\\loader\\default\\pkgContextInfo.json","type":"file","isSymbolicLink":false,"fileMetaData":{"size":444,"lastModifiedTime":1766971031028}}]},"C:\\Users\\19782\\DevEcoStudioProjects\\MyApplication\\entry\\.preview\\default\\intermediates\\res\\default\\ResourceTable.txt":{"hashValue":"2e7ad12e93874cc0e7b8b585b3190cd131ec28446f290e982c0f9109860405a4","name":"ResourceTable.txt","path":"C:\\Users\\19782\\DevEcoStudioProjects\\MyApplication\\entry\\.preview\\default\\intermediates\\res\\default\\ResourceTable.txt","type":"file","isSymbolicLink":false,"fileMetaData":{"size":384,"lastModifiedTime":1767066360243}},"C:\\Users\\19782\\DevEcoStudioProjects\\MyApplication\\entry\\.preview\\default\\intermediates\\res\\default\\resources\\rawfile":{"hashValue":"2d2c8253834cdf1bf3319c8e33bb5e55fd1c216571a4cf7128a0cfab112213d2","name":"rawfile","path":"C:\\Users\\19782\\DevEcoStudioProjects\\MyApplication\\entry\\.preview\\default\\intermediates\\res\\default\\resources\\rawfile","type":"directory","isSymbolicLink":false,"children":[{"hashValue":"56d1bd956cab614a9bbff6beabe1ec44204d6b6a8589ef19c4d39cc6d2fed02e","name":"屏幕截图 2025-09-16 101237.png","path":"C:\\Users\\19782\\DevEcoStudioProjects\\MyApplication\\entry\\.preview\\default\\intermediates\\res\\default\\resources\\rawfile\\屏幕截图 2025-09-16 101237.png","type":"file","isSymbolicLink":false,"fileMetaData":{"size":859577,"lastModifiedTime":1757988765221}}]},"C:\\Users\\19782\\DevEcoStudioProjects\\MyApplication\\entry\\.preview\\default\\generated\\profile\\default\\ModuleInfo.ts":{"hashValue":"","name":"emptyroot","path":"","type":"unknown","isSymbolicLink":false,"children":[]},"C:\\Users\\19782\\DevEcoStudioProjects\\MyApplication\\entry\\.preview\\default\\intermediates\\startup\\default\\startup_config.json":{"hashValue":"","name":"emptyroot","path":"","type":"unknown","isSymbolicLink":false,"children":[]},"C:\\Users\\19782\\DevEcoStudioProjects\\MyApplication\\entry\\.preview\\default\\intermediates\\loader_out\\default\\ets":{"hashValue":"","name":"emptyroot","path":"","type":"unknown","isSymbolicLink":false,"children":[]}}