{"C:\\Users\\19782\\DevEcoStudioProjects\\MyApplication\\AppScope\\app.json5":{"hashValue":"851f82cb1284bcb29a826bfad36c0e2462cb043df483a9aa6df8925b82edcdab","name":"app.json5","path":"C:\\Users\\19782\\DevEcoStudioProjects\\MyApplication\\AppScope\\app.json5","type":"file","isSymbolicLink":false,"fileMetaData":{"size":225,"lastModifiedTime":1766741586200}},"C:\\Users\\19782\\DevEcoStudioProjects\\MyApplication\\entry\\src\\main\\module.json5":{"hashValue":"b301157cf2b1f98e729dcdd6e447477a8c5e1c020fae5246b592da9ab344af82","name":"module.json5","path":"C:\\Users\\19782\\DevEcoStudioProjects\\MyApplication\\entry\\src\\main\\module.json5","type":"file","isSymbolicLink":false,"fileMetaData":{"size":1412,"lastModifiedTime":1767076588453}},"C:\\Users\\19782\\DevEcoStudioProjects\\MyApplication\\build-profile.json5":{"hashValue":"0481576b472af20db25e8e11b04c1beae7c75473db67c8c06dd6881021c2d172","name":"build-profile.json5","path":"C:\\Users\\19782\\DevEcoStudioProjects\\MyApplication\\build-profile.json5","type":"file","isSymbolicLink":false,"fileMetaData":{"size":798,"lastModifiedTime":1766741586462}},"C:\\Users\\19782\\DevEcoStudioProjects\\MyApplication\\entry\\build-profile.json5":{"hashValue":"546f7fbed9facace50bbbc32bb242b548fc6ea3f74294887001c46cdcb5455d3","name":"build-profile.json5","path":"C:\\Users\\19782\\DevEcoStudioProjects\\MyApplication\\entry\\build-profile.json5","type":"file","isSymbolicLink":false,"fileMetaData":{"size":540,"lastModifiedTime":1766741586471}},"C:\\Users\\19782\\DevEcoStudioProjects\\MyApplication\\entry\\src\\main\\resources\\base\\profile\\main_pages.json":{"hashValue":"7881615a0410bc3e67bb760bf4d6934753bb5e0cd3a41a752e3bcb320f0fc21e","name":"main_pages.json","path":"C:\\Users\\19782\\DevEcoStudioProjects\\MyApplication\\entry\\src\\main\\resources\\base\\profile\\main_pages.json","type":"file","isSymbolicLink":false,"fileMetaData":{"size":108,"lastModifiedTime":1767161860108}},"C:\\Users\\19782\\DevEcoStudioProjects\\MyApplication\\hvigor\\hvigor-config.json5":{"hashValue":"2a5d0a0d28060a8819543e4bd5d1b5d9946de70834b500c6ebc83e022dbb0b6d","name":"hvigor-config.json5","path":"C:\\Users\\19782\\DevEcoStudioProjects\\MyApplication\\hvigor\\hvigor-config.json5","type":"file","isSymbolicLink":false,"fileMetaData":{"size":1481,"lastModifiedTime":1766741583109}},"C:\\Users\\19782\\DevEcoStudioProjects\\MyApplication\\entry\\src\\mock\\mock-config.json5":{"hashValue":"7d694e3509eabdf88d19c33a0a7a1032fe4f24a422cb88de622757e79bad260c","name":"mock-config.json5","path":"C:\\Users\\19782\\DevEcoStudioProjects\\MyApplication\\entry\\src\\mock\\mock-config.json5","type":"file","isSymbolicLink":false,"fileMetaData":{"size":3,"lastModifiedTime":1766741583606}},"C:\\Users\\19782\\DevEcoStudioProjects\\MyApplication\\entry\\oh-package.json5":{"hashValue":"54268546a4c376190c68babeeb1b2ff9072a1c674537507cf99df0db1b303354","name":"oh-package.json5","path":"C:\\Users\\19782\\DevEcoStudioProjects\\MyApplication\\entry\\oh-package.json5","type":"file","isSymbolicLink":false,"fileMetaData":{"size":183,"lastModifiedTime":1766741583252}},"C:\\Users\\19782\\DevEcoStudioProjects\\MyApplication\\oh-package.json5":{"hashValue":"d83e7f79dbc52890b56054407b59487aee5c16adda9dbe9f832cae8d5641252e","name":"oh-package.json5","path":"C:\\Users\\19782\\DevEcoStudioProjects\\MyApplication\\oh-package.json5","type":"file","isSymbolicLink":false,"fileMetaData":{"size":210,"lastModifiedTime":1766741586441}},"C:\\Users\\19782\\DevEcoStudioProjects\\MyApplication\\entry\\build\\default\\intermediates\\hap_metadata\\default\\output_metadata.json":{"hashValue":"b512cb968ff239b072b42dfaf5ffad4898b917dd11887f968cd9de3648861bb7","name":"output_metadata.json","path":"C:\\Users\\19782\\DevEcoStudioProjects\\MyApplication\\entry\\build\\default\\intermediates\\hap_metadata\\default\\output_metadata.json","type":"file","isSymbolicLink":false,"fileMetaData":{"size":84,"lastModifiedTime":1767162015310}},"C:\\Users\\19782\\DevEcoStudioProjects\\MyApplication\\entry\\build\\default\\intermediates\\merge_profile\\default\\module.json":{"hashValue":"f8ff01385a76c25475b4691f9924d8c2040e3281fd162f1ab3897007860fd342","name":"module.json","path":"C:\\Users\\19782\\DevEcoStudioProjects\\MyApplication\\entry\\build\\default\\intermediates\\merge_profile\\default\\module.json","type":"file","isSymbolicLink":false,"fileMetaData":{"size":1701,"lastModifiedTime":1767162015333}},"C:\\Users\\19782\\DevEcoStudioProjects\\MyApplication\\entry\\build\\default\\generated\\profile\\default\\BuildProfile.ets":{"hashValue":"958fbe64c6da7d3628d128a153755fea92f8f64ee949a6c0ca692dd105de36b4","name":"BuildProfile.ets","path":"C:\\Users\\19782\\DevEcoStudioProjects\\MyApplication\\entry\\build\\default\\generated\\profile\\default\\BuildProfile.ets","type":"file","isSymbolicLink":false,"fileMetaData":{"size":868,"lastModifiedTime":1767162015339}},"C:\\Users\\19782\\DevEcoStudioProjects\\MyApplication\\entry\\build\\default\\intermediates\\loader\\default\\pkgContextInfo.json":{"hashValue":"6b85b85a56af8737646cafd031e82a4b24b68eab4a2b8dcf2ac32f3fdf982f2f","name":"pkgContextInfo.json","path":"C:\\Users\\19782\\DevEcoStudioProjects\\MyApplication\\entry\\build\\default\\intermediates\\loader\\default\\pkgContextInfo.json","type":"file","isSymbolicLink":false,"fileMetaData":{"size":444,"lastModifiedTime":1767162015353}},"C:\\Users\\19782\\DevEcoStudioProjects\\MyApplication\\entry\\src\\main\\resources\\base\\profile\\backup_config.json":{"hashValue":"b3611b00b45d5d10df5a8156fce8f094ed23f5c8c5dd68a7171128cb7de84f6d","name":"backup_config.json","path":"C:\\Users\\19782\\DevEcoStudioProjects\\MyApplication\\entry\\src\\main\\resources\\base\\profile\\backup_config.json","type":"file","isSymbolicLink":false,"fileMetaData":{"size":36,"lastModifiedTime":1766741583766}},"C:\\Users\\19782\\DevEcoStudioProjects\\MyApplication\\entry\\build\\default\\outputs\\default\\pack.info":{"hashValue":"c6c697428ba4d6f2efa1189090ed29ade7fc40dcff63e7427675b2987c8e1ef1","name":"pack.info","path":"C:\\Users\\19782\\DevEcoStudioProjects\\MyApplication\\entry\\build\\default\\outputs\\default\\pack.info","type":"file","isSymbolicLink":false,"fileMetaData":{"size":610,"lastModifiedTime":1767162015366}},"C:\\Huawei\\DevEcoStudio\\sdk\\default\\openharmony\\toolchains\\syscap_tool.exe":{"hashValue":"b95d766cad5c9221c71d16029441d991e07310b0f9a76bcc1263ab852374e57f","name":"syscap_tool.exe","path":"C:\\Huawei\\DevEcoStudio\\sdk\\default\\openharmony\\toolchains\\syscap_tool.exe","type":"file","isSymbolicLink":false,"fileMetaData":{"size":377288,"lastModifiedTime":1765791580000}},"C:\\Huawei\\DevEcoStudio\\sdk\\default\\openharmony\\ets\\api\\device-define":{"hashValue":"35d3a948a8afc53d8cbdb3f6e8c7827f4983c2d5bbc9ff3667bca9770932bf8a","name":"device-define","path":"C:\\Huawei\\DevEcoStudio\\sdk\\default\\openharmony\\ets\\api\\device-define","type":"directory","isSymbolicLink":false,"children":[{"hashValue":"68d6cd211071daecb20a27f46122216d2c919141754a6349492d480089570531","name":"2in1.json","path":"C:\\Huawei\\DevEcoStudio\\sdk\\default\\openharmony\\ets\\api\\device-define\\2in1.json","type":"file","isSymbolicLink":false,"fileMetaData":{"size":12033,"lastModifiedTime":1765791580000}},{"hashValue":"9acc95fe3dabd224cbdfc7814a27cd746d3d4b7dc392a0de926783d88567c950","name":"default.json","path":"C:\\Huawei\\DevEcoStudio\\sdk\\default\\openharmony\\ets\\api\\device-define\\default.json","type":"file","isSymbolicLink":false,"fileMetaData":{"size":12495,"lastModifiedTime":1765791580000}},{"hashValue":"bdee5d31b032fc82cb23a02652ea469e57007bcb365e4fb93e2957a7ce09e574","name":"liteWearable.json","path":"C:\\Huawei\\DevEcoStudio\\sdk\\default\\openharmony\\ets\\api\\device-define\\liteWearable.json","type":"file","isSymbolicLink":false,"fileMetaData":{"size":882,"lastModifiedTime":1765791580000}},{"hashValue":"3c713fb7b8e43124facef562ad0e31b991140b68cd185d88f89c8f93d8d383ec","name":"tablet.json","path":"C:\\Huawei\\DevEcoStudio\\sdk\\default\\openharmony\\ets\\api\\device-define\\tablet.json","type":"file","isSymbolicLink":false,"fileMetaData":{"size":12122,"lastModifiedTime":1765791580000}},{"hashValue":"38d1a2e069884913b145c450391a6e16d0d51d10ed7bbeb2984d2fc50c42bbb2","name":"tv.json","path":"C:\\Huawei\\DevEcoStudio\\sdk\\default\\openharmony\\ets\\api\\device-define\\tv.json","type":"file","isSymbolicLink":false,"fileMetaData":{"size":9819,"lastModifiedTime":1765791580000}},{"hashValue":"f4e8c871141ba8710813325a619e6f7b40bf1af743c40d4f8f4600594fb7520e","name":"wearable.json","path":"C:\\Huawei\\DevEcoStudio\\sdk\\default\\openharmony\\ets\\api\\device-define\\wearable.json","type":"file","isSymbolicLink":false,"fileMetaData":{"size":10521,"lastModifiedTime":1765791580000}}]},"C:\\Users\\19782\\DevEcoStudioProjects\\MyApplication\\entry\\build\\default\\intermediates\\process_profile\\default\\module.json":{"hashValue":"e3f2bc031bdf673c2cd8f374ce145ed350f0265e7526c137b980177691aee63e","name":"module.json","path":"C:\\Users\\19782\\DevEcoStudioProjects\\MyApplication\\entry\\build\\default\\intermediates\\process_profile\\default\\module.json","type":"file","isSymbolicLink":false,"fileMetaData":{"size":1787,"lastModifiedTime":1767162015555}},"C:\\Users\\19782\\DevEcoStudioProjects\\MyApplication\\entry\\build\\default\\intermediates\\router_map\\default\\temp-router-map.json":{"hashValue":"6a14b5c2bebc9a63cdd82327b0528e7c3b47f5b40e5f3112bff5577f7cb6a307","name":"temp-router-map.json","path":"C:\\Users\\19782\\DevEcoStudioProjects\\MyApplication\\entry\\build\\default\\intermediates\\router_map\\default\\temp-router-map.json","type":"file","isSymbolicLink":false,"fileMetaData":{"size":16,"lastModifiedTime":1767162015563}},"C:\\Users\\19782\\DevEcoStudioProjects\\MyApplication\\entry\\build\\default\\intermediates\\router_map\\default\\loader-router-map.json":{"hashValue":"626f56d76156bd4695cfd170a6f448f894dc38577f961f7900f98beca2fca55d","name":"loader-router-map.json","path":"C:\\Users\\19782\\DevEcoStudioProjects\\MyApplication\\entry\\build\\default\\intermediates\\router_map\\default\\loader-router-map.json","type":"file","isSymbolicLink":false,"fileMetaData":{"size":16,"lastModifiedTime":1767162015563}},"C:\\Users\\19782\\DevEcoStudioProjects\\MyApplication\\entry\\build\\default\\intermediates\\share_config\\default\\temp-share-config.json":{"hashValue":"1e562b64a91d85990280086c700419199c2f33caea8aaf61ee97a6ef411b54e5","name":"temp-share-config.json","path":"C:\\Users\\19782\\DevEcoStudioProjects\\MyApplication\\entry\\build\\default\\intermediates\\share_config\\default\\temp-share-config.json","type":"file","isSymbolicLink":false,"fileMetaData":{"size":27,"lastModifiedTime":1767162015570}},"C:\\Users\\19782\\DevEcoStudioProjects\\MyApplication\\entry\\build\\default\\intermediates\\res\\default\\resConfig.json":{"hashValue":"c0e8cb2690e91aba34bb58e5d795405cabb6ba8709a7e88ca3d71e6c7d1160b0","name":"resConfig.json","path":"C:\\Users\\19782\\DevEcoStudioProjects\\MyApplication\\entry\\build\\default\\intermediates\\res\\default\\resConfig.json","type":"file","isSymbolicLink":false,"fileMetaData":{"size":1210,"lastModifiedTime":1766809710515}},"C:\\Users\\19782\\DevEcoStudioProjects\\MyApplication\\entry\\build\\default\\intermediates\\res\\default\\opt-compression.json":{"hashValue":"113b852e9454f7800f23aec442cbdc756b670e5ecee8cf7ecfa03fc423ad35ce","name":"opt-compression.json","path":"C:\\Users\\19782\\DevEcoStudioProjects\\MyApplication\\entry\\build\\default\\intermediates\\res\\default\\opt-compression.json","type":"file","isSymbolicLink":false,"fileMetaData":{"size":179,"lastModifiedTime":1766809710514}},"C:\\Users\\19782\\DevEcoStudioProjects\\MyApplication\\entry\\build\\default\\intermediates\\loader\\default\\loader.json":{"hashValue":"909bf6895b9cc30edd0948162749146ec209cd6f437d45a867aa71a3f831dd8a","name":"loader.json","path":"C:\\Users\\19782\\DevEcoStudioProjects\\MyApplication\\entry\\build\\default\\intermediates\\loader\\default\\loader.json","type":"file","isSymbolicLink":false,"fileMetaData":{"size":1021,"lastModifiedTime":1767162015625}},"C:\\Users\\19782\\DevEcoStudioProjects\\MyApplication\\entry\\build\\default\\intermediates\\libs\\default":{"hashValue":"","name":"default","path":"C:\\Users\\19782\\DevEcoStudioProjects\\MyApplication\\entry\\build\\default\\intermediates\\libs\\default","type":"directory","isSymbolicLink":false,"children":[]},"C:\\Users\\19782\\DevEcoStudioProjects\\MyApplication\\entry\\src\\main\\resources":{"hashValue":"ec0147038918c6e3e9bec7fd53869d4bcbb15c14f2ca94be1339b3f292447acb","name":"resources","path":"C:\\Users\\19782\\DevEcoStudioProjects\\MyApplication\\entry\\src\\main\\resources","type":"directory","isSymbolicLink":false,"children":[{"hashValue":"32a2ffab62df9ccce4d9c77e059150845389953da73e1be30b64125e904aaa2d","name":"base","path":"C:\\Users\\19782\\DevEcoStudioProjects\\MyApplication\\entry\\src\\main\\resources\\base","type":"directory","isSymbolicLink":false,"children":[{"hashValue":"0519b8d9534b666b170970a0887d96f656a901fb1afd57eb7785ab66533820a6","name":"element","path":"C:\\Users\\19782\\DevEcoStudioProjects\\MyApplication\\entry\\src\\main\\resources\\base\\element","type":"directory","isSymbolicLink":false,"children":[{"hashValue":"e5004b46d912ccf869abb8b7a17eac361baacb9d54f1d0b7f35fab59f715f639","name":"color.json","path":"C:\\Users\\19782\\DevEcoStudioProjects\\MyApplication\\entry\\src\\main\\resources\\base\\element\\color.json","type":"file","isSymbolicLink":false,"fileMetaData":{"size":105,"lastModifiedTime":1766741583632}},{"hashValue":"d8c9e47f74866d49f37f733ef520ced4a96bbc4758e0907efe01b62aa65e4d94","name":"float.json","path":"C:\\Users\\19782\\DevEcoStudioProjects\\MyApplication\\entry\\src\\main\\resources\\base\\element\\float.json","type":"file","isSymbolicLink":false,"fileMetaData":{"size":100,"lastModifiedTime":1766741583642}},{"hashValue":"824445e15ab879989fd27d3050193bfb492068769a50706c37a5e9c63ff4d3a3","name":"string.json","path":"C:\\Users\\19782\\DevEcoStudioProjects\\MyApplication\\entry\\src\\main\\resources\\base\\element\\string.json","type":"file","isSymbolicLink":false,"fileMetaData":{"size":247,"lastModifiedTime":1766741586479}}]},{"hashValue":"72346e3fb76518e8357e087029171bf4c77d6fe549c25c8293e5116c9d187a75","name":"media","path":"C:\\Users\\19782\\DevEcoStudioProjects\\MyApplication\\entry\\src\\main\\resources\\base\\media","type":"directory","isSymbolicLink":false,"children":[{"hashValue":"bba04b4b1a01807dea601381411e6f3ac6c1587efbccb7f2f863ccf6088b302a","name":"background.png","path":"C:\\Users\\19782\\DevEcoStudioProjects\\MyApplication\\entry\\src\\main\\resources\\base\\media\\background.png","type":"file","isSymbolicLink":false,"fileMetaData":{"size":91942,"lastModifiedTime":1766741583650}},{"hashValue":"cb5cd48b2dd365b54086aefd4898333497d11e127e56d27eb5c2067cacf4eb21","name":"foreground.png","path":"C:\\Users\\19782\\DevEcoStudioProjects\\MyApplication\\entry\\src\\main\\resources\\base\\media\\foreground.png","type":"file","isSymbolicLink":false,"fileMetaData":{"size":8805,"lastModifiedTime":1766741583667}},{"hashValue":"65775bc3de509ac9cbdb19fd08059a5f4c0bf46f842f409b9336d892d742f815","name":"layered_image.json","path":"C:\\Users\\19782\\DevEcoStudioProjects\\MyApplication\\entry\\src\\main\\resources\\base\\media\\layered_image.json","type":"file","isSymbolicLink":false,"fileMetaData":{"size":109,"lastModifiedTime":1766741583678}},{"hashValue":"282014c0d3b0f5eb773ac449875c6c1129727485d4b795d521b976a6288a837d","name":"startIcon.png","path":"C:\\Users\\19782\\DevEcoStudioProjects\\MyApplication\\entry\\src\\main\\resources\\base\\media\\startIcon.png","type":"file","isSymbolicLink":false,"fileMetaData":{"size":20093,"lastModifiedTime":1766741583696}}]},{"hashValue":"2e7cb3272e02e8dc7df7f28bf094e3779c007d403a6ecd4a4526488b6211854d","name":"profile","path":"C:\\Users\\19782\\DevEcoStudioProjects\\MyApplication\\entry\\src\\main\\resources\\base\\profile","type":"directory","isSymbolicLink":false,"children":[{"hashValue":"b3611b00b45d5d10df5a8156fce8f094ed23f5c8c5dd68a7171128cb7de84f6d","name":"backup_config.json","path":"C:\\Users\\19782\\DevEcoStudioProjects\\MyApplication\\entry\\src\\main\\resources\\base\\profile\\backup_config.json","type":"file","isSymbolicLink":false,"fileMetaData":{"size":36,"lastModifiedTime":1766741583766}},{"hashValue":"7881615a0410bc3e67bb760bf4d6934753bb5e0cd3a41a752e3bcb320f0fc21e","name":"main_pages.json","path":"C:\\Users\\19782\\DevEcoStudioProjects\\MyApplication\\entry\\src\\main\\resources\\base\\profile\\main_pages.json","type":"file","isSymbolicLink":false,"fileMetaData":{"size":108,"lastModifiedTime":1767161860108}}]}]},{"hashValue":"4e12d18848d794b854c11ead0a0eea8c748bcd26a166c282e3c5947f38b59270","name":"dark","path":"C:\\Users\\19782\\DevEcoStudioProjects\\MyApplication\\entry\\src\\main\\resources\\dark","type":"directory","isSymbolicLink":false,"children":[{"hashValue":"be0b177c7a36f111a25c78e307bc00cf4dffea97083720660eeda7d6ac774b06","name":"element","path":"C:\\Users\\19782\\DevEcoStudioProjects\\MyApplication\\entry\\src\\main\\resources\\dark\\element","type":"directory","isSymbolicLink":false,"children":[{"hashValue":"51d1093ee0d5e20c09ca0df16b7edfa830cf91d8a19015a5202ba4729cb24280","name":"color.json","path":"C:\\Users\\19782\\DevEcoStudioProjects\\MyApplication\\entry\\src\\main\\resources\\dark\\element\\color.json","type":"file","isSymbolicLink":false,"fileMetaData":{"size":105,"lastModifiedTime":1766741583748}}]}]},{"hashValue":"de1309bf38b308b70173ab6d60278e78e9656e8357267f8b35b01a69067e4177","name":"rawfile","path":"C:\\Users\\19782\\DevEcoStudioProjects\\MyApplication\\entry\\src\\main\\resources\\rawfile","type":"directory","isSymbolicLink":false,"children":[{"hashValue":"86dbaafe39bc707c508b02d07a33c1f234e5f08d6b4a5804d1339846160818f5","name":"图片1.png","path":"C:\\Users\\19782\\DevEcoStudioProjects\\MyApplication\\entry\\src\\main\\resources\\rawfile\\图片1.png","type":"file","isSymbolicLink":false,"fileMetaData":{"size":859577,"lastModifiedTime":1757988765221}}]}]},"C:\\Users\\19782\\DevEcoStudioProjects\\MyApplication\\AppScope\\resources":{"hashValue":"bf53eff4f7c5896a21202bf7245b347523d292c1a30dd079afca3f16f3f3fe56","name":"resources","path":"C:\\Users\\19782\\DevEcoStudioProjects\\MyApplication\\AppScope\\resources","type":"directory","isSymbolicLink":false,"children":[{"hashValue":"8a53154e27f3eea02c6877b44c5d05cc64f491b6175d86adfbadcc20bc96bd6e","name":"base","path":"C:\\Users\\19782\\DevEcoStudioProjects\\MyApplication\\AppScope\\resources\\base","type":"directory","isSymbolicLink":false,"children":[{"hashValue":"a6cc7f6cbe0de78a3c2a468ee4cf82311e5686c3352733c5478d8f2723e240e3","name":"element","path":"C:\\Users\\19782\\DevEcoStudioProjects\\MyApplication\\AppScope\\resources\\base\\element","type":"directory","isSymbolicLink":false,"children":[{"hashValue":"1e4060c5de840687c2676d1b7d285439671ceffd5ddeecfa3e0f3a16edeae998","name":"string.json","path":"C:\\Users\\19782\\DevEcoStudioProjects\\MyApplication\\AppScope\\resources\\base\\element\\string.json","type":"file","isSymbolicLink":false,"fileMetaData":{"size":99,"lastModifiedTime":1766741583193}}]},{"hashValue":"3faa111034a8b23be71502eac522d4e98100dba3524a1ffcc903a1347a50dda6","name":"media","path":"C:\\Users\\19782\\DevEcoStudioProjects\\MyApplication\\AppScope\\resources\\base\\media","type":"directory","isSymbolicLink":false,"children":[{"hashValue":"2702bc3278cd201f7de103af62c72c2dcbe8caf94a5fce671b822b4b315d4bef","name":"background.png","path":"C:\\Users\\19782\\DevEcoStudioProjects\\MyApplication\\AppScope\\resources\\base\\media\\background.png","type":"file","isSymbolicLink":false,"fileMetaData":{"size":91942,"lastModifiedTime":1766741583152}},{"hashValue":"d9f4a1ec9b01a25d641140debb1ff58388e792030e2158b9a2397cc13aafded2","name":"foreground.png","path":"C:\\Users\\19782\\DevEcoStudioProjects\\MyApplication\\AppScope\\resources\\base\\media\\foreground.png","type":"file","isSymbolicLink":false,"fileMetaData":{"size":15325,"lastModifiedTime":1766741583167}},{"hashValue":"119a157493e5cbab775370805b1f5a08f4a3fb1fd64155349c1c505cc67dbb0d","name":"layered_image.json","path":"C:\\Users\\19782\\DevEcoStudioProjects\\MyApplication\\AppScope\\resources\\base\\media\\layered_image.json","type":"file","isSymbolicLink":false,"fileMetaData":{"size":109,"lastModifiedTime":1766741583180}}]}]}]},"C:\\Users\\19782\\DevEcoStudioProjects\\MyApplication\\entry\\build\\default\\intermediates\\res\\default":{"hashValue":"94273df766b758f0c81b822cd76fe802fce37a17741cd4294a505f25fb4b588c","name":"default","path":"C:\\Users\\19782\\DevEcoStudioProjects\\MyApplication\\entry\\build\\default\\intermediates\\res\\default","type":"directory","isSymbolicLink":false,"children":[{"hashValue":"1c40b81302f703dc676477f46d0b935c76db2f4d51159ee9cb19e1dd4b3c9d21","name":".caches","path":"C:\\Users\\19782\\DevEcoStudioProjects\\MyApplication\\entry\\build\\default\\intermediates\\res\\default\\.caches","type":"directory","isSymbolicLink":false,"children":[{"hashValue":"97a4f4bceb1e18f8e55f2a2509fcdd0743af780d225b83d52ab5b36d846df584","name":"base","path":"C:\\Users\\19782\\DevEcoStudioProjects\\MyApplication\\entry\\build\\default\\intermediates\\res\\default\\.caches\\base","type":"directory","isSymbolicLink":false,"children":[{"hashValue":"d3c66dfdd0b0dd5f7cccb884059421df31bb010c5128908b1a87fe61b3acdbdf","name":"media","path":"C:\\Users\\19782\\DevEcoStudioProjects\\MyApplication\\entry\\build\\default\\intermediates\\res\\default\\.caches\\base\\media","type":"directory","isSymbolicLink":false,"children":[{"hashValue":"ce0b0987acf005a3af24e22acee6a676112eec26f00e5a2aae8c6e6296e5be9e","name":"background.png","path":"C:\\Users\\19782\\DevEcoStudioProjects\\MyApplication\\entry\\build\\default\\intermediates\\res\\default\\.caches\\base\\media\\background.png","type":"file","isSymbolicLink":false,"fileMetaData":{"size":70283,"lastModifiedTime":1767162016297}},{"hashValue":"84e0e866e375a7c97181bf619bf8c9c59a0213bf2840d60bfcb335beb73181a2","name":"foreground.png","path":"C:\\Users\\19782\\DevEcoStudioProjects\\MyApplication\\entry\\build\\default\\intermediates\\res\\default\\.caches\\base\\media\\foreground.png","type":"file","isSymbolicLink":false,"fileMetaData":{"size":13086,"lastModifiedTime":1767162016337}}]}]}]},{"hashValue":"eedacd757610650d5b50c69aee2ff166777e52ab629e06d18f5bf785f054c8db","name":"ark_module.json","path":"C:\\Users\\19782\\DevEcoStudioProjects\\MyApplication\\entry\\build\\default\\intermediates\\res\\default\\ark_module.json","type":"file","isSymbolicLink":false,"fileMetaData":{"size":1421,"lastModifiedTime":1767162015553}},{"hashValue":"05fae2881faf4080a22bb0dbfe895a32f3415a01b0c0c219f1aaf594fd3685bc","name":"ids_map","path":"C:\\Users\\19782\\DevEcoStudioProjects\\MyApplication\\entry\\build\\default\\intermediates\\res\\default\\ids_map","type":"directory","isSymbolicLink":false,"children":[{"hashValue":"15825c3776259b5c97f014831662183bc2d66b6f6aa58ee3d836c8f00b9e5c85","name":"id_defined.json","path":"C:\\Users\\19782\\DevEcoStudioProjects\\MyApplication\\entry\\build\\default\\intermediates\\res\\default\\ids_map\\id_defined.json","type":"file","isSymbolicLink":false,"fileMetaData":{"size":952,"lastModifiedTime":1767162016340}}]},{"hashValue":"d4bba0f011b12ee1a8709e31771ecaf50e9deefc6d1cf2d65c1c2cf6feb1f07f","name":"module.json","path":"C:\\Users\\19782\\DevEcoStudioProjects\\MyApplication\\entry\\build\\default\\intermediates\\res\\default\\module.json","type":"file","isSymbolicLink":false,"fileMetaData":{"size":1966,"lastModifiedTime":1767162016240}},{"hashValue":"113b852e9454f7800f23aec442cbdc756b670e5ecee8cf7ecfa03fc423ad35ce","name":"opt-compression.json","path":"C:\\Users\\19782\\DevEcoStudioProjects\\MyApplication\\entry\\build\\default\\intermediates\\res\\default\\opt-compression.json","type":"file","isSymbolicLink":false,"fileMetaData":{"size":179,"lastModifiedTime":1766809710514}},{"hashValue":"c0e8cb2690e91aba34bb58e5d795405cabb6ba8709a7e88ca3d71e6c7d1160b0","name":"resConfig.json","path":"C:\\Users\\19782\\DevEcoStudioProjects\\MyApplication\\entry\\build\\default\\intermediates\\res\\default\\resConfig.json","type":"file","isSymbolicLink":false,"fileMetaData":{"size":1210,"lastModifiedTime":1766809710515}},{"hashValue":"5acf974180abbfc5c8fb5e34d2c73afcd4dc399d239f1f6d6e1ee78c9bf58fe9","name":"resources","path":"C:\\Users\\19782\\DevEcoStudioProjects\\MyApplication\\entry\\build\\default\\intermediates\\res\\default\\resources","type":"directory","isSymbolicLink":false,"children":[{"hashValue":"6fbc8b4b93ec1da8006bd54f671213a5db5f2b925e21eb06d7a665c038d0f89b","name":"base","path":"C:\\Users\\19782\\DevEcoStudioProjects\\MyApplication\\entry\\build\\default\\intermediates\\res\\default\\resources\\base","type":"directory","isSymbolicLink":false,"children":[{"hashValue":"d93df318ad4f4d302d0bfd6615df5926fd6faf9ada79abb5689f4d175e04de00","name":"media","path":"C:\\Users\\19782\\DevEcoStudioProjects\\MyApplication\\entry\\build\\default\\intermediates\\res\\default\\resources\\base\\media","type":"directory","isSymbolicLink":false,"children":[{"hashValue":"ce0b0987acf005a3af24e22acee6a676112eec26f00e5a2aae8c6e6296e5be9e","name":"background.png","path":"C:\\Users\\19782\\DevEcoStudioProjects\\MyApplication\\entry\\build\\default\\intermediates\\res\\default\\resources\\base\\media\\background.png","type":"file","isSymbolicLink":false,"fileMetaData":{"size":70283,"lastModifiedTime":1767162016297}},{"hashValue":"84e0e866e375a7c97181bf619bf8c9c59a0213bf2840d60bfcb335beb73181a2","name":"foreground.png","path":"C:\\Users\\19782\\DevEcoStudioProjects\\MyApplication\\entry\\build\\default\\intermediates\\res\\default\\resources\\base\\media\\foreground.png","type":"file","isSymbolicLink":false,"fileMetaData":{"size":13086,"lastModifiedTime":1767162016337}},{"hashValue":"d4396da827e39fe79fca37a8a3f5fb91d5a23ad0caedf402a23d21a3d369e021","name":"layered_image.json","path":"C:\\Users\\19782\\DevEcoStudioProjects\\MyApplication\\entry\\build\\default\\intermediates\\res\\default\\resources\\base\\media\\layered_image.json","type":"file","isSymbolicLink":false,"fileMetaData":{"size":95,"lastModifiedTime":1767162016238}},{"hashValue":"282014c0d3b0f5eb773ac449875c6c1129727485d4b795d521b976a6288a837d","name":"startIcon.png","path":"C:\\Users\\19782\\DevEcoStudioProjects\\MyApplication\\entry\\build\\default\\intermediates\\res\\default\\resources\\base\\media\\startIcon.png","type":"file","isSymbolicLink":false,"fileMetaData":{"size":20093,"lastModifiedTime":1766741583696}}]},{"hashValue":"2e7cb3272e02e8dc7df7f28bf094e3779c007d403a6ecd4a4526488b6211854d","name":"profile","path":"C:\\Users\\19782\\DevEcoStudioProjects\\MyApplication\\entry\\build\\default\\intermediates\\res\\default\\resources\\base\\profile","type":"directory","isSymbolicLink":false,"children":[{"hashValue":"b3611b00b45d5d10df5a8156fce8f094ed23f5c8c5dd68a7171128cb7de84f6d","name":"backup_config.json","path":"C:\\Users\\19782\\DevEcoStudioProjects\\MyApplication\\entry\\build\\default\\intermediates\\res\\default\\resources\\base\\profile\\backup_config.json","type":"file","isSymbolicLink":false,"fileMetaData":{"size":36,"lastModifiedTime":1766741583766}},{"hashValue":"7881615a0410bc3e67bb760bf4d6934753bb5e0cd3a41a752e3bcb320f0fc21e","name":"main_pages.json","path":"C:\\Users\\19782\\DevEcoStudioProjects\\MyApplication\\entry\\build\\default\\intermediates\\res\\default\\resources\\base\\profile\\main_pages.json","type":"file","isSymbolicLink":false,"fileMetaData":{"size":108,"lastModifiedTime":1767161860108}}]}]},{"hashValue":"de1309bf38b308b70173ab6d60278e78e9656e8357267f8b35b01a69067e4177","name":"rawfile","path":"C:\\Users\\19782\\DevEcoStudioProjects\\MyApplication\\entry\\build\\default\\intermediates\\res\\default\\resources\\rawfile","type":"directory","isSymbolicLink":false,"children":[{"hashValue":"86dbaafe39bc707c508b02d07a33c1f234e5f08d6b4a5804d1339846160818f5","name":"图片1.png","path":"C:\\Users\\19782\\DevEcoStudioProjects\\MyApplication\\entry\\build\\default\\intermediates\\res\\default\\resources\\rawfile\\图片1.png","type":"file","isSymbolicLink":false,"fileMetaData":{"size":859577,"lastModifiedTime":1757988765221}}]}]},{"hashValue":"2af9cd4d0182489b5222f0b88215a6e984a176286f5bcc0b2bccfe1551ee0cbd","name":"resources.index","path":"C:\\Users\\19782\\DevEcoStudioProjects\\MyApplication\\entry\\build\\default\\intermediates\\res\\default\\resources.index","type":"file","isSymbolicLink":false,"fileMetaData":{"size":1162,"lastModifiedTime":1767162016340}},{"hashValue":"b1b7263851d13547b956b53e5d76c842135edc4500e8fd77331dd1c3bfcf8ee5","name":"ResourceTable.txt","path":"C:\\Users\\19782\\DevEcoStudioProjects\\MyApplication\\entry\\build\\default\\intermediates\\res\\default\\ResourceTable.txt","type":"file","isSymbolicLink":false,"fileMetaData":{"size":384,"lastModifiedTime":1767162016240}}]},"C:\\Users\\19782\\DevEcoStudioProjects\\MyApplication\\entry\\build\\default\\generated\\r\\default\\ResourceTable.h":{"hashValue":"1edd025294a65905851ba483e5e12375b7844dba34db6d66647c66f2435bfab7","name":"ResourceTable.h","path":"C:\\Users\\19782\\DevEcoStudioProjects\\MyApplication\\entry\\build\\default\\generated\\r\\default\\ResourceTable.h","type":"file","isSymbolicLink":false,"fileMetaData":{"size":1294,"lastModifiedTime":1767162016239}},"C:\\Users\\19782\\DevEcoStudioProjects\\MyApplication\\entry\\build\\default\\generated\\r\\default":{"hashValue":"f7d43a1e0c27d2cfd7ee19516c1e832d0ccf8d23effb707a4f7fa1dfe61e6f8c","name":"default","path":"C:\\Users\\19782\\DevEcoStudioProjects\\MyApplication\\entry\\build\\default\\generated\\r\\default","type":"directory","isSymbolicLink":false,"children":[{"hashValue":"1edd025294a65905851ba483e5e12375b7844dba34db6d66647c66f2435bfab7","name":"ResourceTable.h","path":"C:\\Users\\19782\\DevEcoStudioProjects\\MyApplication\\entry\\build\\default\\generated\\r\\default\\ResourceTable.h","type":"file","isSymbolicLink":false,"fileMetaData":{"size":1294,"lastModifiedTime":1767162016239}}]},"C:\\Users\\19782\\DevEcoStudioProjects\\MyApplication\\entry\\build\\default\\intermediates\\stripped_native_libs\\default":{"hashValue":"","name":"default","path":"C:\\Users\\19782\\DevEcoStudioProjects\\MyApplication\\entry\\build\\default\\intermediates\\stripped_native_libs\\default","type":"directory","isSymbolicLink":false,"children":[]},"C:\\Users\\19782\\DevEcoStudioProjects\\MyApplication\\entry\\build\\default\\intermediates\\loader\\default":{"hashValue":"bde20d9137a5cf8f77583934d578b316247763ad773121adab8a58435576a38e","name":"default","path":"C:\\Users\\19782\\DevEcoStudioProjects\\MyApplication\\entry\\build\\default\\intermediates\\loader\\default","type":"directory","isSymbolicLink":false,"children":[{"hashValue":"909bf6895b9cc30edd0948162749146ec209cd6f437d45a867aa71a3f831dd8a","name":"loader.json","path":"C:\\Users\\19782\\DevEcoStudioProjects\\MyApplication\\entry\\build\\default\\intermediates\\loader\\default\\loader.json","type":"file","isSymbolicLink":false,"fileMetaData":{"size":1021,"lastModifiedTime":1767162015625}},{"hashValue":"6b85b85a56af8737646cafd031e82a4b24b68eab4a2b8dcf2ac32f3fdf982f2f","name":"pkgContextInfo.json","path":"C:\\Users\\19782\\DevEcoStudioProjects\\MyApplication\\entry\\build\\default\\intermediates\\loader\\default\\pkgContextInfo.json","type":"file","isSymbolicLink":false,"fileMetaData":{"size":444,"lastModifiedTime":1767162015353}}]},"C:\\Users\\19782\\DevEcoStudioProjects\\MyApplication\\entry\\build\\default\\intermediates\\res\\default\\resources\\rawfile":{"hashValue":"de1309bf38b308b70173ab6d60278e78e9656e8357267f8b35b01a69067e4177","name":"rawfile","path":"C:\\Users\\19782\\DevEcoStudioProjects\\MyApplication\\entry\\build\\default\\intermediates\\res\\default\\resources\\rawfile","type":"directory","isSymbolicLink":false,"children":[{"hashValue":"86dbaafe39bc707c508b02d07a33c1f234e5f08d6b4a5804d1339846160818f5","name":"图片1.png","path":"C:\\Users\\19782\\DevEcoStudioProjects\\MyApplication\\entry\\build\\default\\intermediates\\res\\default\\resources\\rawfile\\图片1.png","type":"file","isSymbolicLink":false,"fileMetaData":{"size":859577,"lastModifiedTime":1757988765221}}]},"C:\\Users\\19782\\DevEcoStudioProjects\\MyApplication\\entry\\build\\default\\intermediates\\res\\default\\ResourceTable.txt":{"hashValue":"b1b7263851d13547b956b53e5d76c842135edc4500e8fd77331dd1c3bfcf8ee5","name":"ResourceTable.txt","path":"C:\\Users\\19782\\DevEcoStudioProjects\\MyApplication\\entry\\build\\default\\intermediates\\res\\default\\ResourceTable.txt","type":"file","isSymbolicLink":false,"fileMetaData":{"size":384,"lastModifiedTime":1767162016240}},"C:\\Users\\19782\\DevEcoStudioProjects\\MyApplication\\entry\\build\\default\\intermediates\\res\\default\\ark_module.json":{"hashValue":"eedacd757610650d5b50c69aee2ff166777e52ab629e06d18f5bf785f054c8db","name":"ark_module.json","path":"C:\\Users\\19782\\DevEcoStudioProjects\\MyApplication\\entry\\build\\default\\intermediates\\res\\default\\ark_module.json","type":"file","isSymbolicLink":false,"fileMetaData":{"size":1421,"lastModifiedTime":1767162015553}},"C:\\Users\\19782\\DevEcoStudioProjects\\MyApplication\\entry\\build\\default\\intermediates\\res\\default\\resources\\base\\profile":{"hashValue":"2e7cb3272e02e8dc7df7f28bf094e3779c007d403a6ecd4a4526488b6211854d","name":"profile","path":"C:\\Users\\19782\\DevEcoStudioProjects\\MyApplication\\entry\\build\\default\\intermediates\\res\\default\\resources\\base\\profile","type":"directory","isSymbolicLink":false,"children":[{"hashValue":"b3611b00b45d5d10df5a8156fce8f094ed23f5c8c5dd68a7171128cb7de84f6d","name":"backup_config.json","path":"C:\\Users\\19782\\DevEcoStudioProjects\\MyApplication\\entry\\build\\default\\intermediates\\res\\default\\resources\\base\\profile\\backup_config.json","type":"file","isSymbolicLink":false,"fileMetaData":{"size":36,"lastModifiedTime":1766741583766}},{"hashValue":"7881615a0410bc3e67bb760bf4d6934753bb5e0cd3a41a752e3bcb320f0fc21e","name":"main_pages.json","path":"C:\\Users\\19782\\DevEcoStudioProjects\\MyApplication\\entry\\build\\default\\intermediates\\res\\default\\resources\\base\\profile\\main_pages.json","type":"file","isSymbolicLink":false,"fileMetaData":{"size":108,"lastModifiedTime":1767161860108}}]},"C:\\Users\\19782\\DevEcoStudioProjects\\MyApplication\\entry\\src\\main\\ets":{"hashValue":"bc97b293c5cf7f66805fe3a0d31423e425272168e86e3880b045b1cf36d5a51f","name":"ets","path":"C:\\Users\\19782\\DevEcoStudioProjects\\MyApplication\\entry\\src\\main\\ets","type":"directory","isSymbolicLink":false,"children":[{"hashValue":"4b77f554fe42b34fac51f0ad32b62391a1b2435c32a1c6b08c83cfa72219526f","name":"entryability","path":"C:\\Users\\19782\\DevEcoStudioProjects\\MyApplication\\entry\\src\\main\\ets\\entryability","type":"directory","isSymbolicLink":false,"children":[{"hashValue":"d1bee0d3e8e57a88db1b1cfc1d0a5a3482aef8d09f52f5e2fbe344d8814dab1b","name":"EntryAbility.ets","path":"C:\\Users\\19782\\DevEcoStudioProjects\\MyApplication\\entry\\src\\main\\ets\\entryability\\EntryAbility.ets","type":"file","isSymbolicLink":false,"fileMetaData":{"size":1854,"lastModifiedTime":1767161928380}}]},{"hashValue":"21233102712c9c617b63b9db13832b2b55f88ef0fe8029621c4e055c1f57e796","name":"entrybackupability","path":"C:\\Users\\19782\\DevEcoStudioProjects\\MyApplication\\entry\\src\\main\\ets\\entrybackupability","type":"directory","isSymbolicLink":false,"children":[{"hashValue":"6f32a3f9e1e3ad6d1ffb2a6c2c3c24e96305f5df5d31e50133e3348eaf21003c","name":"EntryBackupAbility.ets","path":"C:\\Users\\19782\\DevEcoStudioProjects\\MyApplication\\entry\\src\\main\\ets\\entrybackupability\\EntryBackupAbility.ets","type":"file","isSymbolicLink":false,"fileMetaData":{"size":522,"lastModifiedTime":1766741586452}}]},{"hashValue":"c2d7d4c66f371a715406f6f29d91fd48b9ecc30e31435a76548b9123fdada234","name":"pages","path":"C:\\Users\\19782\\DevEcoStudioProjects\\MyApplication\\entry\\src\\main\\ets\\pages","type":"directory","isSymbolicLink":false,"children":[{"hashValue":"9693d22c01ef370c87ee100bff798283ba87720369c895ee72d30db8f548e536","name":"a01BorderTest.ets","path":"C:\\Users\\19782\\DevEcoStudioProjects\\MyApplication\\entry\\src\\main\\ets\\pages\\a01BorderTest.ets","type":"file","isSymbolicLink":false,"fileMetaData":{"size":337,"lastModifiedTime":1767058290422}},{"hashValue":"954367fee16a140e564c48ac43d3fc4b50c9946777af30e1167642b6f408e48f","name":"a02ColumnTest.ets","path":"C:\\Users\\19782\\DevEcoStudioProjects\\MyApplication\\entry\\src\\main\\ets\\pages\\a02ColumnTest.ets","type":"file","isSymbolicLink":false,"fileMetaData":{"size":455,"lastModifiedTime":1767058237025}},{"hashValue":"6338b6d6883ae60c2e39f0943832cefdd1d1e28f02715334d402f87a28c63304","name":"a03Row.ets","path":"C:\\Users\\19782\\DevEcoStudioProjects\\MyApplication\\entry\\src\\main\\ets\\pages\\a03Row.ets","type":"file","isSymbolicLink":false,"fileMetaData":{"size":581,"lastModifiedTime":1767066357854}},{"hashValue":"15dd55742bbd33cb2e1523ed1a56e79e1c09cda69e6b1252159b8cc89ff3323a","name":"a04StackTest.ets","path":"C:\\Users\\19782\\DevEcoStudioProjects\\MyApplication\\entry\\src\\main\\ets\\pages\\a04StackTest.ets","type":"file","isSymbolicLink":false,"fileMetaData":{"size":499,"lastModifiedTime":1767061286063}},{"hashValue":"25967e8f6bd766eec18a0efd8894580601d885799e55b28693e73282878f5e7a","name":"a05FlexTest.ets","path":"C:\\Users\\19782\\DevEcoStudioProjects\\MyApplication\\entry\\src\\main\\ets\\pages\\a05FlexTest.ets","type":"file","isSymbolicLink":false,"fileMetaData":{"size":564,"lastModifiedTime":1767063737739}},{"hashValue":"b6d09fa29fb3656d3d4683a4555cb0c2bb8e1e71110154058125e656e43a9a95","name":"a06GridTest.ets","path":"C:\\Users\\19782\\DevEcoStudioProjects\\MyApplication\\entry\\src\\main\\ets\\pages\\a06GridTest.ets","type":"file","isSymbolicLink":false,"fileMetaData":{"size":505,"lastModifiedTime":1767138848528}},{"hashValue":"ad9c06e6bd2e9bb1756aec13c6fa31e138791bed7256232622725be2d5421e34","name":"a07Swiper.ets","path":"C:\\Users\\19782\\DevEcoStudioProjects\\MyApplication\\entry\\src\\main\\ets\\pages\\a07Swiper.ets","type":"file","isSymbolicLink":false,"fileMetaData":{"size":458,"lastModifiedTime":1767066124261}},{"hashValue":"d4c905823426a855f406f072b71db94ab819763283cd3df6ae57b5493bb6e449","name":"a08ScrollTest.ets","path":"C:\\Users\\19782\\DevEcoStudioProjects\\MyApplication\\entry\\src\\main\\ets\\pages\\a08ScrollTest.ets","type":"file","isSymbolicLink":false,"fileMetaData":{"size":217,"lastModifiedTime":1767065978784}},{"hashValue":"7520d6764c3aca4c0e680ca64da65bd71e1ce3ea06ab175a926097c5c35ba16c","name":"a09CommonTest.ets","path":"C:\\Users\\19782\\DevEcoStudioProjects\\MyApplication\\entry\\src\\main\\ets\\pages\\a09CommonTest.ets","type":"file","isSymbolicLink":false,"fileMetaData":{"size":4152,"lastModifiedTime":1767078202236}},{"hashValue":"fe614d2d0b19e57c396e0e647e3edb13465c85b00c9deae0fa8d58af6bd50d32","name":"a10CommonTest.ets","path":"C:\\Users\\19782\\DevEcoStudioProjects\\MyApplication\\entry\\src\\main\\ets\\pages\\a10CommonTest.ets","type":"file","isSymbolicLink":false,"fileMetaData":{"size":1068,"lastModifiedTime":1767079477951}},{"hashValue":"f7208992fdbe47fc45d135e7a65920063730f237f9dff23eea6c0dedd1d11d79","name":"a10RouterTest.ets","path":"C:\\Users\\19782\\DevEcoStudioProjects\\MyApplication\\entry\\src\\main\\ets\\pages\\a10RouterTest.ets","type":"file","isSymbolicLink":false,"fileMetaData":{"size":459,"lastModifiedTime":1767081424855}},{"hashValue":"c58aac9e8be7ee07ecb5c1185236f6ad18f12b4d5a54145eff771a710eb47650","name":"a11ListTest.ets","path":"C:\\Users\\19782\\DevEcoStudioProjects\\MyApplication\\entry\\src\\main\\ets\\pages\\a11ListTest.ets","type":"file","isSymbolicLink":false,"fileMetaData":{"size":2512,"lastModifiedTime":1767142877139}},{"hashValue":"e4ae9e957949e01d74c85e8adcf4a733b75b3aa9d954233dc1363e809ab88867","name":"a12TabsTest.ets","path":"C:\\Users\\19782\\DevEcoStudioProjects\\MyApplication\\entry\\src\\main\\ets\\pages\\a12TabsTest.ets","type":"file","isSymbolicLink":false,"fileMetaData":{"size":975,"lastModifiedTime":1767143702633}},{"hashValue":"b57ec6e55253b78b5f73721e12e3127be553818721ff97934ba904305a323661","name":"a13PagesTest.ets","path":"C:\\Users\\19782\\DevEcoStudioProjects\\MyApplication\\entry\\src\\main\\ets\\pages\\a13PagesTest.ets","type":"file","isSymbolicLink":false,"fileMetaData":{"size":742,"lastModifiedTime":1767147432873}},{"hashValue":"247d1d7f0a1b8ef0887ce1fdd15fdc1e0484c2a6a20d6e49c0259ef1a8a83401","name":"a14PreferencesTest.ets","path":"C:\\Users\\19782\\DevEcoStudioProjects\\MyApplication\\entry\\src\\main\\ets\\pages\\a14PreferencesTest.ets","type":"file","isSymbolicLink":false,"fileMetaData":{"size":1103,"lastModifiedTime":1767158339918}},{"hashValue":"b03380cf45be1e5e27b45a1197c31fbdf61cd30713f7a53ddf09cdb2f43f8e34","name":"arinz.ets","path":"C:\\Users\\19782\\DevEcoStudioProjects\\MyApplication\\entry\\src\\main\\ets\\pages\\arinz.ets","type":"file","isSymbolicLink":false,"fileMetaData":{"size":502,"lastModifiedTime":1767063370126}},{"hashValue":"863907b703e9974e955263b0fad6364abf15261d425219c2cef2dab75bdab833","name":"BuilderTest.ets","path":"C:\\Users\\19782\\DevEcoStudioProjects\\MyApplication\\entry\\src\\main\\ets\\pages\\BuilderTest.ets","type":"file","isSymbolicLink":false,"fileMetaData":{"size":823,"lastModifiedTime":1766988364413}},{"hashValue":"5723a32b97a7ec73e121cd85d5cee70e3fbe80434d43d9c1da5464e8194c126e","name":"DataTest.ets","path":"C:\\Users\\19782\\DevEcoStudioProjects\\MyApplication\\entry\\src\\main\\ets\\pages\\DataTest.ets","type":"file","isSymbolicLink":false,"fileMetaData":{"size":574,"lastModifiedTime":1766993095469}},{"hashValue":"c915ed466d974a8db0148cb7b6b6e871c7ea2529f9d5b429f6bf004bc621ffa1","name":"DataTestSon.ets","path":"C:\\Users\\19782\\DevEcoStudioProjects\\MyApplication\\entry\\src\\main\\ets\\pages\\DataTestSon.ets","type":"file","isSymbolicLink":false,"fileMetaData":{"size":269,"lastModifiedTime":1766993250669}},{"hashValue":"9db1c253123e3cb1040cc9793ce2a8749c6cadd1084ddcb807468ea2a9937d67","name":"ForEachTest.ets","path":"C:\\Users\\19782\\DevEcoStudioProjects\\MyApplication\\entry\\src\\main\\ets\\pages\\ForEachTest.ets","type":"file","isSymbolicLink":false,"fileMetaData":{"size":667,"lastModifiedTime":1766995563796}},{"hashValue":"c394f385e90ef67013ed31239dbba878652d4d887a0d82f19f41429064bfaa5e","name":"IfElseTest.ets","path":"C:\\Users\\19782\\DevEcoStudioProjects\\MyApplication\\entry\\src\\main\\ets\\pages\\IfElseTest.ets","type":"file","isSymbolicLink":false,"fileMetaData":{"size":319,"lastModifiedTime":1766993541312}},{"hashValue":"ba2ab51145616cbc5f425c6cc3f21a56b42c4087d773df52b6df9e3777447ff2","name":"Index.ets","path":"C:\\Users\\19782\\DevEcoStudioProjects\\MyApplication\\entry\\src\\main\\ets\\pages\\Index.ets","type":"file","isSymbolicLink":false,"fileMetaData":{"size":686,"lastModifiedTime":1767081353602}},{"hashValue":"b694e1ea1a07b831bf2283b2669d1bf8ff0beb1f4c291304678fb91af0e5d10c","name":"MarginPadding.ets","path":"C:\\Users\\19782\\DevEcoStudioProjects\\MyApplication\\entry\\src\\main\\ets\\pages\\MarginPadding.ets","type":"file","isSymbolicLink":false,"fileMetaData":{"size":509,"lastModifiedTime":1766997921919}},{"hashValue":"6347fbe5e491336230cde9497a8fcc043bee2dee7441643ae79ac5032d44c307","name":"Method.ets","path":"C:\\Users\\19782\\DevEcoStudioProjects\\MyApplication\\entry\\src\\main\\ets\\pages\\Method.ets","type":"file","isSymbolicLink":false,"fileMetaData":{"size":1035,"lastModifiedTime":1766986219478}},{"hashValue":"9094db48fe4a5f84197c81cd604369254264a8ef93318e71d4449b25d826c6ff","name":"SQLTest.ets","path":"C:\\Users\\19782\\DevEcoStudioProjects\\MyApplication\\entry\\src\\main\\ets\\pages\\SQLTest.ets","type":"file","isSymbolicLink":false,"fileMetaData":{"size":1250,"lastModifiedTime":1767161425147}},{"hashValue":"4586b549bc89efb3c280f04c404d4d29f8d4d01e5ee6846dc01d28c001e41144","name":"Test01.ets","path":"C:\\Users\\19782\\DevEcoStudioProjects\\MyApplication\\entry\\src\\main\\ets\\pages\\Test01.ets","type":"file","isSymbolicLink":false,"fileMetaData":{"size":243,"lastModifiedTime":1767054901882}},{"hashValue":"176b5408fb61d019be8181b9cad0859811aa9f2d150a360bef14a20a30ab313a","name":"TestPages.ets","path":"C:\\Users\\19782\\DevEcoStudioProjects\\MyApplication\\entry\\src\\main\\ets\\pages\\TestPages.ets","type":"file","isSymbolicLink":false,"fileMetaData":{"size":1506,"lastModifiedTime":1766976339951}}]}]},"C:\\Users\\19782\\DevEcoStudioProjects\\MyApplication\\entry\\build\\default\\intermediates\\loader_out\\default\\ets":{"hashValue":"d8c702a4696736d05cbc25c71478844724dfe871127e6dac2d71a2107e32615b","name":"ets","path":"C:\\Users\\19782\\DevEcoStudioProjects\\MyApplication\\entry\\build\\default\\intermediates\\loader_out\\default\\ets","type":"directory","isSymbolicLink":false,"children":[{"hashValue":"60f623885cae82230854c520c1f977cdd618a18c0af3a7fe9610ec352c40ef42","name":"modules.abc","path":"C:\\Users\\19782\\DevEcoStudioProjects\\MyApplication\\entry\\build\\default\\intermediates\\loader_out\\default\\ets\\modules.abc","type":"file","isSymbolicLink":false,"fileMetaData":{"size":29208,"lastModifiedTime":1767162024412}},{"hashValue":"f5e91dc5aefa85a71e7d7a29ae306350c9c3d22ddcfc8fb28fc4b63fba57ee4c","name":"sourceMaps.map","path":"C:\\Users\\19782\\DevEcoStudioProjects\\MyApplication\\entry\\build\\default\\intermediates\\loader_out\\default\\ets\\sourceMaps.map","type":"file","isSymbolicLink":false,"fileMetaData":{"size":7063,"lastModifiedTime":1767162024140}}]},"C:\\Users\\19782\\DevEcoStudioProjects\\MyApplication\\entry\\build\\default\\intermediates\\patch\\default\\base_native_libs.json":{"hashValue":"31002075c902961c6d9e4f6cd3d20a2d052ce89e155210c713fa145161f5166c","name":"base_native_libs.json","path":"C:\\Users\\19782\\DevEcoStudioProjects\\MyApplication\\entry\\build\\default\\intermediates\\patch\\default\\base_native_libs.json","type":"file","isSymbolicLink":false,"fileMetaData":{"size":25,"lastModifiedTime":1766809713043}},"C:\\Users\\19782\\DevEcoStudioProjects\\MyApplication\\entry\\build\\default\\intermediates\\res\\default\\module.json":{"hashValue":"d4bba0f011b12ee1a8709e31771ecaf50e9deefc6d1cf2d65c1c2cf6feb1f07f","name":"module.json","path":"C:\\Users\\19782\\DevEcoStudioProjects\\MyApplication\\entry\\build\\default\\intermediates\\res\\default\\module.json","type":"file","isSymbolicLink":false,"fileMetaData":{"size":1966,"lastModifiedTime":1767162016240}},"C:\\Users\\19782\\DevEcoStudioProjects\\MyApplication\\entry\\build\\default\\intermediates\\package\\default\\module.json":{"hashValue":"c938a0f4e0c0ec976dd54c2c1efbaa248f851fea973769d25f00329d797aa40d","name":"module.json","path":"C:\\Users\\19782\\DevEcoStudioProjects\\MyApplication\\entry\\build\\default\\intermediates\\package\\default\\module.json","type":"file","isSymbolicLink":false,"fileMetaData":{"size":1631,"lastModifiedTime":1767162024440}},"C:\\Users\\19782\\DevEcoStudioProjects\\MyApplication\\entry\\build\\default\\intermediates\\res\\default\\resources":{"hashValue":"5acf974180abbfc5c8fb5e34d2c73afcd4dc399d239f1f6d6e1ee78c9bf58fe9","name":"resources","path":"C:\\Users\\19782\\DevEcoStudioProjects\\MyApplication\\entry\\build\\default\\intermediates\\res\\default\\resources","type":"directory","isSymbolicLink":false,"children":[{"hashValue":"6fbc8b4b93ec1da8006bd54f671213a5db5f2b925e21eb06d7a665c038d0f89b","name":"base","path":"C:\\Users\\19782\\DevEcoStudioProjects\\MyApplication\\entry\\build\\default\\intermediates\\res\\default\\resources\\base","type":"directory","isSymbolicLink":false,"children":[{"hashValue":"d93df318ad4f4d302d0bfd6615df5926fd6faf9ada79abb5689f4d175e04de00","name":"media","path":"C:\\Users\\19782\\DevEcoStudioProjects\\MyApplication\\entry\\build\\default\\intermediates\\res\\default\\resources\\base\\media","type":"directory","isSymbolicLink":false,"children":[{"hashValue":"ce0b0987acf005a3af24e22acee6a676112eec26f00e5a2aae8c6e6296e5be9e","name":"background.png","path":"C:\\Users\\19782\\DevEcoStudioProjects\\MyApplication\\entry\\build\\default\\intermediates\\res\\default\\resources\\base\\media\\background.png","type":"file","isSymbolicLink":false,"fileMetaData":{"size":70283,"lastModifiedTime":1767162016297}},{"hashValue":"84e0e866e375a7c97181bf619bf8c9c59a0213bf2840d60bfcb335beb73181a2","name":"foreground.png","path":"C:\\Users\\19782\\DevEcoStudioProjects\\MyApplication\\entry\\build\\default\\intermediates\\res\\default\\resources\\base\\media\\foreground.png","type":"file","isSymbolicLink":false,"fileMetaData":{"size":13086,"lastModifiedTime":1767162016337}},{"hashValue":"d4396da827e39fe79fca37a8a3f5fb91d5a23ad0caedf402a23d21a3d369e021","name":"layered_image.json","path":"C:\\Users\\19782\\DevEcoStudioProjects\\MyApplication\\entry\\build\\default\\intermediates\\res\\default\\resources\\base\\media\\layered_image.json","type":"file","isSymbolicLink":false,"fileMetaData":{"size":95,"lastModifiedTime":1767162016238}},{"hashValue":"282014c0d3b0f5eb773ac449875c6c1129727485d4b795d521b976a6288a837d","name":"startIcon.png","path":"C:\\Users\\19782\\DevEcoStudioProjects\\MyApplication\\entry\\build\\default\\intermediates\\res\\default\\resources\\base\\media\\startIcon.png","type":"file","isSymbolicLink":false,"fileMetaData":{"size":20093,"lastModifiedTime":1766741583696}}]},{"hashValue":"2e7cb3272e02e8dc7df7f28bf094e3779c007d403a6ecd4a4526488b6211854d","name":"profile","path":"C:\\Users\\19782\\DevEcoStudioProjects\\MyApplication\\entry\\build\\default\\intermediates\\res\\default\\resources\\base\\profile","type":"directory","isSymbolicLink":false,"children":[{"hashValue":"b3611b00b45d5d10df5a8156fce8f094ed23f5c8c5dd68a7171128cb7de84f6d","name":"backup_config.json","path":"C:\\Users\\19782\\DevEcoStudioProjects\\MyApplication\\entry\\build\\default\\intermediates\\res\\default\\resources\\base\\profile\\backup_config.json","type":"file","isSymbolicLink":false,"fileMetaData":{"size":36,"lastModifiedTime":1766741583766}},{"hashValue":"7881615a0410bc3e67bb760bf4d6934753bb5e0cd3a41a752e3bcb320f0fc21e","name":"main_pages.json","path":"C:\\Users\\19782\\DevEcoStudioProjects\\MyApplication\\entry\\build\\default\\intermediates\\res\\default\\resources\\base\\profile\\main_pages.json","type":"file","isSymbolicLink":false,"fileMetaData":{"size":108,"lastModifiedTime":1767161860108}}]}]},{"hashValue":"de1309bf38b308b70173ab6d60278e78e9656e8357267f8b35b01a69067e4177","name":"rawfile","path":"C:\\Users\\19782\\DevEcoStudioProjects\\MyApplication\\entry\\build\\default\\intermediates\\res\\default\\resources\\rawfile","type":"directory","isSymbolicLink":false,"children":[{"hashValue":"86dbaafe39bc707c508b02d07a33c1f234e5f08d6b4a5804d1339846160818f5","name":"图片1.png","path":"C:\\Users\\19782\\DevEcoStudioProjects\\MyApplication\\entry\\build\\default\\intermediates\\res\\default\\resources\\rawfile\\图片1.png","type":"file","isSymbolicLink":false,"fileMetaData":{"size":859577,"lastModifiedTime":1757988765221}}]}]},"C:\\Users\\19782\\DevEcoStudioProjects\\MyApplication\\entry\\build\\default\\intermediates\\res\\default\\resources.index":{"hashValue":"2af9cd4d0182489b5222f0b88215a6e984a176286f5bcc0b2bccfe1551ee0cbd","name":"resources.index","path":"C:\\Users\\19782\\DevEcoStudioProjects\\MyApplication\\entry\\build\\default\\intermediates\\res\\default\\resources.index","type":"file","isSymbolicLink":false,"fileMetaData":{"size":1162,"lastModifiedTime":1767162016340}},"C:\\Users\\19782\\DevEcoStudioProjects\\MyApplication\\entry\\build\\default\\intermediates\\loader_out\\default\\ets\\sourceMaps.map":{"hashValue":"f5e91dc5aefa85a71e7d7a29ae306350c9c3d22ddcfc8fb28fc4b63fba57ee4c","name":"sourceMaps.map","path":"C:\\Users\\19782\\DevEcoStudioProjects\\MyApplication\\entry\\build\\default\\intermediates\\loader_out\\default\\ets\\sourceMaps.map","type":"file","isSymbolicLink":false,"fileMetaData":{"size":7063,"lastModifiedTime":1767162024140}},"C:\\Users\\19782\\DevEcoStudioProjects\\MyApplication\\entry\\build\\default\\outputs\\default\\entry-default-unsigned.hap":{"hashValue":"1341174fe01bcf0edff09d67a5f64c75fcebfc40adb0a9cd0fe5e690c9629a2b","name":"entry-default-unsigned.hap","path":"C:\\Users\\19782\\DevEcoStudioProjects\\MyApplication\\entry\\build\\default\\outputs\\default\\entry-default-unsigned.hap","type":"file","isSymbolicLink":false,"fileMetaData":{"size":1005032,"lastModifiedTime":1767162024892}},"C:\\Users\\19782\\DevEcoStudioProjects\\MyApplication\\entry\\build\\default\\intermediates\\source_map\\default\\sourceMaps.map":{"hashValue":"f5e91dc5aefa85a71e7d7a29ae306350c9c3d22ddcfc8fb28fc4b63fba57ee4c","name":"sourceMaps.map","path":"C:\\Users\\19782\\DevEcoStudioProjects\\MyApplication\\entry\\build\\default\\intermediates\\source_map\\default\\sourceMaps.map","type":"file","isSymbolicLink":false,"fileMetaData":{"size":7063,"lastModifiedTime":1767162024140}},"C:\\Users\\19782\\DevEcoStudioProjects\\MyApplication\\entry\\build\\default\\outputs\\default\\mapping\\sourceMaps.map":{"hashValue":"f5e91dc5aefa85a71e7d7a29ae306350c9c3d22ddcfc8fb28fc4b63fba57ee4c","name":"sourceMaps.map","path":"C:\\Users\\19782\\DevEcoStudioProjects\\MyApplication\\entry\\build\\default\\outputs\\default\\mapping\\sourceMaps.map","type":"file","isSymbolicLink":false,"fileMetaData":{"size":7063,"lastModifiedTime":1767162024140}},"C:\\Users\\19782\\DevEcoStudioProjects\\MyApplication\\entry\\.preview\\default\\intermediates\\merge_profile\\default\\module.json":{"hashValue":"f14938b2b6d873bdc027af82d961aa9607bdece351a594ca6c6fc6ad543a2360","name":"module.json","path":"C:\\Users\\19782\\DevEcoStudioProjects\\MyApplication\\entry\\.preview\\default\\intermediates\\merge_profile\\default\\module.json","type":"file","isSymbolicLink":false,"fileMetaData":{"size":1701,"lastModifiedTime":1767076786069}},"C:\\Users\\19782\\DevEcoStudioProjects\\MyApplication\\entry\\.preview\\default\\generated\\profile\\default\\BuildProfile.ets":{"hashValue":"ab7c11b227c9c339f203dfa0acbb94633794d78cbbf4138d77fc2de972cf6b91","name":"BuildProfile.ets","path":"C:\\Users\\19782\\DevEcoStudioProjects\\MyApplication\\entry\\.preview\\default\\generated\\profile\\default\\BuildProfile.ets","type":"file","isSymbolicLink":false,"fileMetaData":{"size":868,"lastModifiedTime":1766971031013}},"C:\\Users\\19782\\DevEcoStudioProjects\\MyApplication\\entry\\.preview\\default\\intermediates\\loader\\default\\pkgContextInfo.json":{"hashValue":"894762f13d510c4863f8574b40b0a4cd0d08a94f540ff6abb941257858bda676","name":"pkgContextInfo.json","path":"C:\\Users\\19782\\DevEcoStudioProjects\\MyApplication\\entry\\.preview\\default\\intermediates\\loader\\default\\pkgContextInfo.json","type":"file","isSymbolicLink":false,"fileMetaData":{"size":444,"lastModifiedTime":1766971031028}},"C:\\Users\\19782\\DevEcoStudioProjects\\MyApplication\\entry\\.preview\\default\\intermediates\\process_profile\\default\\module.json":{"hashValue":"d27fbd4b93ec1fc7a3cf8a2535388e03541fe08046f9f84cd56bb44185e8cf37","name":"module.json","path":"C:\\Users\\19782\\DevEcoStudioProjects\\MyApplication\\entry\\.preview\\default\\intermediates\\process_profile\\default\\module.json","type":"file","isSymbolicLink":false,"fileMetaData":{"size":1968,"lastModifiedTime":1767076786221}},"C:\\Users\\19782\\DevEcoStudioProjects\\MyApplication\\entry\\.preview\\default\\intermediates\\router_map\\default\\temp-router-map.json":{"hashValue":"05f89f1372561365225656a35f9d3dfd8771de0bb1c91e9b72c7c578f8b2105d","name":"temp-router-map.json","path":"C:\\Users\\19782\\DevEcoStudioProjects\\MyApplication\\entry\\.preview\\default\\intermediates\\router_map\\default\\temp-router-map.json","type":"file","isSymbolicLink":false,"fileMetaData":{"size":16,"lastModifiedTime":1767076786225}},"C:\\Users\\19782\\DevEcoStudioProjects\\MyApplication\\entry\\.preview\\default\\intermediates\\router_map\\default\\loader-router-map.json":{"hashValue":"c303e9d9c8c671bbeac741f737e54ae1a1e1bb2c1b3de63781cc565db1141a79","name":"loader-router-map.json","path":"C:\\Users\\19782\\DevEcoStudioProjects\\MyApplication\\entry\\.preview\\default\\intermediates\\router_map\\default\\loader-router-map.json","type":"file","isSymbolicLink":false,"fileMetaData":{"size":16,"lastModifiedTime":1767076786225}},"C:\\Users\\19782\\DevEcoStudioProjects\\MyApplication\\entry\\.preview\\default\\intermediates\\share_config\\default\\temp-share-config.json":{"hashValue":"6a73ff28e636dd65b7d78e454c4490d9c7119c407595c06a5f37b9980705242f","name":"temp-share-config.json","path":"C:\\Users\\19782\\DevEcoStudioProjects\\MyApplication\\entry\\.preview\\default\\intermediates\\share_config\\default\\temp-share-config.json","type":"file","isSymbolicLink":false,"fileMetaData":{"size":27,"lastModifiedTime":1767076786230}},"C:\\Users\\19782\\DevEcoStudioProjects\\MyApplication\\entry\\.preview\\default\\intermediates\\loader\\default\\loader.json":{"hashValue":"10d5c23c16009af650ea16d2fc17d8686dd276341ae3c05bef0085f32cc29a75","name":"loader.json","path":"C:\\Users\\19782\\DevEcoStudioProjects\\MyApplication\\entry\\.preview\\default\\intermediates\\loader\\default\\loader.json","type":"file","isSymbolicLink":false,"fileMetaData":{"size":907,"lastModifiedTime":1767076786251}},"C:\\Users\\19782\\DevEcoStudioProjects\\MyApplication\\entry\\.preview\\default\\intermediates\\res\\default":{"hashValue":"521ce22da27705d1121139dc4423c40bd3072f95e998d87fae1314bc9ba61ea7","name":"default","path":"C:\\Users\\19782\\DevEcoStudioProjects\\MyApplication\\entry\\.preview\\default\\intermediates\\res\\default","type":"directory","isSymbolicLink":false,"children":[{"hashValue":"6fd43f28861ce79ba8548a4d8033e77dbb3071f60dc684ecf9ef39c2d8765448","name":"app_compiled","path":"C:\\Users\\19782\\DevEcoStudioProjects\\MyApplication\\entry\\.preview\\default\\intermediates\\res\\default\\app_compiled","type":"directory","isSymbolicLink":false,"children":[{"hashValue":"d65c132a5376ded04209cebe2b26985c216875036b2063b53e1ff628450ab32d","name":"14572423000419015892","path":"C:\\Users\\19782\\DevEcoStudioProjects\\MyApplication\\entry\\.preview\\default\\intermediates\\res\\default\\app_compiled\\14572423000419015892","type":"file","isSymbolicLink":false,"fileMetaData":{"size":230,"lastModifiedTime":1767161430993}},{"hashValue":"5410c0984477fc2867e3bd16ddf3dc8ae497e338a9773b6b7e60a790caaea4fd","name":"4677211863388850222","path":"C:\\Users\\19782\\DevEcoStudioProjects\\MyApplication\\entry\\.preview\\default\\intermediates\\res\\default\\app_compiled\\4677211863388850222","type":"file","isSymbolicLink":false,"fileMetaData":{"size":242,"lastModifiedTime":1767161430994}},{"hashValue":"5282ca817cabfe7bab529f49e26b5bc8d758db059ec81340b282eba3997868a4","name":"7343377907233571348","path":"C:\\Users\\19782\\DevEcoStudioProjects\\MyApplication\\entry\\.preview\\default\\intermediates\\res\\default\\app_compiled\\7343377907233571348","type":"file","isSymbolicLink":false,"fileMetaData":{"size":142,"lastModifiedTime":1767161430991}},{"hashValue":"853b4c65b0f3661e8bb63ccfec9f281f7ab48e4af12a1001adbc5ff44b571ee7","name":"9740638129284562201","path":"C:\\Users\\19782\\DevEcoStudioProjects\\MyApplication\\entry\\.preview\\default\\intermediates\\res\\default\\app_compiled\\9740638129284562201","type":"file","isSymbolicLink":false,"fileMetaData":{"size":230,"lastModifiedTime":1767161430992}}]},{"hashValue":"5fa5f2873a94780714fbe0b4942132396a3bae4b2a046337cc3330aab3349467","name":"ids_map","path":"C:\\Users\\19782\\DevEcoStudioProjects\\MyApplication\\entry\\.preview\\default\\intermediates\\res\\default\\ids_map","type":"directory","isSymbolicLink":false,"children":[{"hashValue":"0a30359a84643c25db37202c345ffe147edc855fe20a50f5aeb78639ce66d5c4","name":"id_defined.json","path":"C:\\Users\\19782\\DevEcoStudioProjects\\MyApplication\\entry\\.preview\\default\\intermediates\\res\\default\\ids_map\\id_defined.json","type":"file","isSymbolicLink":false,"fileMetaData":{"size":952,"lastModifiedTime":1767161431250}}]},{"hashValue":"b2defa1b3cd9728c6e437727b91e3e2c7074c714c84a561c9c648aee00a769d5","name":"mock-config.json","path":"C:\\Users\\19782\\DevEcoStudioProjects\\MyApplication\\entry\\.preview\\default\\intermediates\\res\\default\\mock-config.json","type":"file","isSymbolicLink":false,"fileMetaData":{"size":2,"lastModifiedTime":1766891839667}},{"hashValue":"676bb4a4a02b97836fb8fd6ed0fda99f9f049ff3edd0fcb6bff2ffdf9186396e","name":"module_compiled","path":"C:\\Users\\19782\\DevEcoStudioProjects\\MyApplication\\entry\\.preview\\default\\intermediates\\res\\default\\module_compiled","type":"directory","isSymbolicLink":false,"children":[{"hashValue":"7f7fcffc599e1013decbedcbd029505be0723b91b49c14871484c5619c422d2b","name":"10097159143209677078","path":"C:\\Users\\19782\\DevEcoStudioProjects\\MyApplication\\entry\\.preview\\default\\intermediates\\res\\default\\module_compiled\\10097159143209677078","type":"file","isSymbolicLink":false,"fileMetaData":{"size":164,"lastModifiedTime":1767161431091}},{"hashValue":"0a8a7b47a9622de59b2cde7ca8fd5fd978534cde3ee4ec44ac350a20d7bbc1d2","name":"10610976236375667427","path":"C:\\Users\\19782\\DevEcoStudioProjects\\MyApplication\\entry\\.preview\\default\\intermediates\\res\\default\\module_compiled\\10610976236375667427","type":"file","isSymbolicLink":false,"fileMetaData":{"size":242,"lastModifiedTime":1767161431089}},{"hashValue":"2c3404cf5e96bfef1285b7cb1b7f8c38404c12e2f9f626038f7feba2afd85a47","name":"10873328960601617879","path":"C:\\Users\\19782\\DevEcoStudioProjects\\MyApplication\\entry\\.preview\\default\\intermediates\\res\\default\\module_compiled\\10873328960601617879","type":"file","isSymbolicLink":false,"fileMetaData":{"size":239,"lastModifiedTime":1767161431089}},{"hashValue":"feb4c24d60306337498711fcd6ee8ba8eaed8329c650740d45e73cc633a498b8","name":"14951936301407730859","path":"C:\\Users\\19782\\DevEcoStudioProjects\\MyApplication\\entry\\.preview\\default\\intermediates\\res\\default\\module_compiled\\14951936301407730859","type":"file","isSymbolicLink":false,"fileMetaData":{"size":249,"lastModifiedTime":1767161431090}},{"hashValue":"1d4b684a1a6ef62e876aaea2f7faab9a4666ef9ceb969fead987292f526e3862","name":"15753423370897181984","path":"C:\\Users\\19782\\DevEcoStudioProjects\\MyApplication\\entry\\.preview\\default\\intermediates\\res\\default\\module_compiled\\15753423370897181984","type":"file","isSymbolicLink":false,"fileMetaData":{"size":242,"lastModifiedTime":1767161431088}},{"hashValue":"0735699fa59ad6a42a60fb583bef92a0c96d6a4f8a93073a3938fd01d6bab04f","name":"17781238959040810496","path":"C:\\Users\\19782\\DevEcoStudioProjects\\MyApplication\\entry\\.preview\\default\\intermediates\\res\\default\\module_compiled\\17781238959040810496","type":"file","isSymbolicLink":false,"fileMetaData":{"size":156,"lastModifiedTime":1767161431086}},{"hashValue":"ac823e7af78787278f383411e2629151d9c2c11c207d7265b29ee0c402f8f725","name":"1958685113495966546","path":"C:\\Users\\19782\\DevEcoStudioProjects\\MyApplication\\entry\\.preview\\default\\intermediates\\res\\default\\module_compiled\\1958685113495966546","type":"file","isSymbolicLink":false,"fileMetaData":{"size":254,"lastModifiedTime":1767161431089}},{"hashValue":"fd837337de9a783a2c8346f97e7af8eda344054f23b01381fac6dab621099f4d","name":"2680049106605391000","path":"C:\\Users\\19782\\DevEcoStudioProjects\\MyApplication\\entry\\.preview\\default\\intermediates\\res\\default\\module_compiled\\2680049106605391000","type":"file","isSymbolicLink":false,"fileMetaData":{"size":144,"lastModifiedTime":1767161431092}},{"hashValue":"dfb57abf43863a0a94a840e824f38c54d72599c9bf9ec9a33a41d04bd27c6aed","name":"2799847891579224192","path":"C:\\Users\\19782\\DevEcoStudioProjects\\MyApplication\\entry\\.preview\\default\\intermediates\\res\\default\\module_compiled\\2799847891579224192","type":"file","isSymbolicLink":false,"fileMetaData":{"size":258,"lastModifiedTime":1767161431090}},{"hashValue":"bf9c265c1e240453c710275970acc727098c6225e338477e2221c5eb1129d796","name":"2874307291199798599","path":"C:\\Users\\19782\\DevEcoStudioProjects\\MyApplication\\entry\\.preview\\default\\intermediates\\res\\default\\module_compiled\\2874307291199798599","type":"file","isSymbolicLink":false,"fileMetaData":{"size":461,"lastModifiedTime":1767161431088}},{"hashValue":"c38653d865ce5a1744724055e4a7127a6e6592dc6e0dcb916f4dff0abd74f32f","name":"9516311364974508874","path":"C:\\Users\\19782\\DevEcoStudioProjects\\MyApplication\\entry\\.preview\\default\\intermediates\\res\\default\\module_compiled\\9516311364974508874","type":"file","isSymbolicLink":false,"fileMetaData":{"size":149,"lastModifiedTime":1767161431086}}]},{"hashValue":"f7202f82a5c349b3dcc813d7deb85ff9c669c86f3911d40444a8404751bd38fa","name":"module.json","path":"C:\\Users\\19782\\DevEcoStudioProjects\\MyApplication\\entry\\.preview\\default\\intermediates\\res\\default\\module.json","type":"file","isSymbolicLink":false,"fileMetaData":{"size":2009,"lastModifiedTime":1767161431299}},{"hashValue":"1b0890450fad18d3b870eb3e0bc7f3d5a601962d8c416b2c75d2a6c6d4c03c49","name":"resources","path":"C:\\Users\\19782\\DevEcoStudioProjects\\MyApplication\\entry\\.preview\\default\\intermediates\\res\\default\\resources","type":"directory","isSymbolicLink":false,"children":[{"hashValue":"e03634aa5027e739fd05de8a2a4db6152caad5be52d51beac3344f4851ec1736","name":"base","path":"C:\\Users\\19782\\DevEcoStudioProjects\\MyApplication\\entry\\.preview\\default\\intermediates\\res\\default\\resources\\base","type":"directory","isSymbolicLink":false,"children":[{"hashValue":"8c2f3cbd779cde056b2721e00b8a3b91a4ffebf19e128efba9c3a5da16a1c06f","name":"media","path":"C:\\Users\\19782\\DevEcoStudioProjects\\MyApplication\\entry\\.preview\\default\\intermediates\\res\\default\\resources\\base\\media","type":"directory","isSymbolicLink":false,"children":[{"hashValue":"a885885a78f98bdd346d0a14d1d4dcd8a0ca352479c4985333853e82001c7579","name":"layered_image.json","path":"C:\\Users\\19782\\DevEcoStudioProjects\\MyApplication\\entry\\.preview\\default\\intermediates\\res\\default\\resources\\base\\media\\layered_image.json","type":"file","isSymbolicLink":false,"fileMetaData":{"size":95,"lastModifiedTime":1767161431249}}]},{"hashValue":"c243499e2561ed474b31905e5d70de870f927151f2e3d04f8e6bb592f1c5851f","name":"profile","path":"C:\\Users\\19782\\DevEcoStudioProjects\\MyApplication\\entry\\.preview\\default\\intermediates\\res\\default\\resources\\base\\profile","type":"directory","isSymbolicLink":false,"children":[{"hashValue":"b3611b00b45d5d10df5a8156fce8f094ed23f5c8c5dd68a7171128cb7de84f6d","name":"backup_config.json","path":"C:\\Users\\19782\\DevEcoStudioProjects\\MyApplication\\entry\\.preview\\default\\intermediates\\res\\default\\resources\\base\\profile\\backup_config.json","type":"file","isSymbolicLink":false,"fileMetaData":{"size":36,"lastModifiedTime":1766741583766}},{"hashValue":"707674d8032935c8adc3f17626baa4a4a8308016d7fb66dea13f3bf99f059f1b","name":"main_pages.json","path":"C:\\Users\\19782\\DevEcoStudioProjects\\MyApplication\\entry\\.preview\\default\\intermediates\\res\\default\\resources\\base\\profile\\main_pages.json","type":"file","isSymbolicLink":false,"fileMetaData":{"size":26,"lastModifiedTime":1767161431285}}]}]},{"hashValue":"de1309bf38b308b70173ab6d60278e78e9656e8357267f8b35b01a69067e4177","name":"rawfile","path":"C:\\Users\\19782\\DevEcoStudioProjects\\MyApplication\\entry\\.preview\\default\\intermediates\\res\\default\\resources\\rawfile","type":"directory","isSymbolicLink":false,"children":[{"hashValue":"86dbaafe39bc707c508b02d07a33c1f234e5f08d6b4a5804d1339846160818f5","name":"图片1.png","path":"C:\\Users\\19782\\DevEcoStudioProjects\\MyApplication\\entry\\.preview\\default\\intermediates\\res\\default\\resources\\rawfile\\图片1.png","type":"file","isSymbolicLink":false,"fileMetaData":{"size":859577,"lastModifiedTime":1757988765221}}]}]},{"hashValue":"cfd0a0bfecedc27089a19e6f592338b4d79e8f7132ff0d6c2258305a3d63a022","name":"resources.index","path":"C:\\Users\\19782\\DevEcoStudioProjects\\MyApplication\\entry\\.preview\\default\\intermediates\\res\\default\\resources.index","type":"file","isSymbolicLink":false,"fileMetaData":{"size":1405,"lastModifiedTime":1767161431250}},{"hashValue":"01f6ae66a7d71082d4d6d42208f8bc44328d54c4c8c2b3b33834fbcdde11c808","name":"ResourceTable.txt","path":"C:\\Users\\19782\\DevEcoStudioProjects\\MyApplication\\entry\\.preview\\default\\intermediates\\res\\default\\ResourceTable.txt","type":"file","isSymbolicLink":false,"fileMetaData":{"size":384,"lastModifiedTime":1767161431251}}]},"C:\\Users\\19782\\DevEcoStudioProjects\\MyApplication\\entry\\.preview\\default\\generated\\r\\default":{"hashValue":"02dee37dd9e332c14c069e7156818bc5457ac5e8513e658d5a60e9ead7f0a609","name":"default","path":"C:\\Users\\19782\\DevEcoStudioProjects\\MyApplication\\entry\\.preview\\default\\generated\\r\\default","type":"directory","isSymbolicLink":false,"children":[{"hashValue":"c0d625a493820304f8869ab9d513f4ae093b9903bd7b17f7349beec7bde23e81","name":"ResourceTable.h","path":"C:\\Users\\19782\\DevEcoStudioProjects\\MyApplication\\entry\\.preview\\default\\generated\\r\\default\\ResourceTable.h","type":"file","isSymbolicLink":false,"fileMetaData":{"size":1294,"lastModifiedTime":1767161431251}}]},"C:\\Users\\19782\\DevEcoStudioProjects\\MyApplication\\entry\\src\\main\\resources\\base\\profile":{"hashValue":"d502adc373be6cc36b7009c0de5779ac53582bba046a15ccb4562c2ae8c0808b","name":"profile","path":"C:\\Users\\19782\\DevEcoStudioProjects\\MyApplication\\entry\\src\\main\\resources\\base\\profile","type":"directory","isSymbolicLink":false,"children":[{"hashValue":"b3611b00b45d5d10df5a8156fce8f094ed23f5c8c5dd68a7171128cb7de84f6d","name":"backup_config.json","path":"C:\\Users\\19782\\DevEcoStudioProjects\\MyApplication\\entry\\src\\main\\resources\\base\\profile\\backup_config.json","type":"file","isSymbolicLink":false,"fileMetaData":{"size":36,"lastModifiedTime":1766741583766}},{"hashValue":"9e11516270602b36a7eca18e8d92a61eb79451fc4e3321c86a87f4e6408afc48","name":"main_pages.json","path":"C:\\Users\\19782\\DevEcoStudioProjects\\MyApplication\\entry\\src\\main\\resources\\base\\profile\\main_pages.json","type":"file","isSymbolicLink":false,"fileMetaData":{"size":87,"lastModifiedTime":1767079908988}}]},"C:\\Users\\19782\\DevEcoStudioProjects\\MyApplication\\entry\\.preview\\default\\intermediates\\res\\default\\resources\\base\\profile":{"hashValue":"c243499e2561ed474b31905e5d70de870f927151f2e3d04f8e6bb592f1c5851f","name":"profile","path":"C:\\Users\\19782\\DevEcoStudioProjects\\MyApplication\\entry\\.preview\\default\\intermediates\\res\\default\\resources\\base\\profile","type":"directory","isSymbolicLink":false,"children":[{"hashValue":"b3611b00b45d5d10df5a8156fce8f094ed23f5c8c5dd68a7171128cb7de84f6d","name":"backup_config.json","path":"C:\\Users\\19782\\DevEcoStudioProjects\\MyApplication\\entry\\.preview\\default\\intermediates\\res\\default\\resources\\base\\profile\\backup_config.json","type":"file","isSymbolicLink":false,"fileMetaData":{"size":36,"lastModifiedTime":1766741583766}},{"hashValue":"707674d8032935c8adc3f17626baa4a4a8308016d7fb66dea13f3bf99f059f1b","name":"main_pages.json","path":"C:\\Users\\19782\\DevEcoStudioProjects\\MyApplication\\entry\\.preview\\default\\intermediates\\res\\default\\resources\\base\\profile\\main_pages.json","type":"file","isSymbolicLink":false,"fileMetaData":{"size":26,"lastModifiedTime":1767161431285}}]},"C:\\Users\\19782\\DevEcoStudioProjects\\MyApplication\\entry\\.preview\\default\\intermediates\\res\\default\\module.json":{"hashValue":"f7202f82a5c349b3dcc813d7deb85ff9c669c86f3911d40444a8404751bd38fa","name":"module.json","path":"C:\\Users\\19782\\DevEcoStudioProjects\\MyApplication\\entry\\.preview\\default\\intermediates\\res\\default\\module.json","type":"file","isSymbolicLink":false,"fileMetaData":{"size":2009,"lastModifiedTime":1767161431299}},"C:\\Users\\19782\\DevEcoStudioProjects\\MyApplication\\entry\\.preview\\default\\intermediates\\res\\default\\resources\\base\\profile\\main_pages.json":{"hashValue":"707674d8032935c8adc3f17626baa4a4a8308016d7fb66dea13f3bf99f059f1b","name":"main_pages.json","path":"C:\\Users\\19782\\DevEcoStudioProjects\\MyApplication\\entry\\.preview\\default\\intermediates\\res\\default\\resources\\base\\profile\\main_pages.json","type":"file","isSymbolicLink":false,"fileMetaData":{"size":26,"lastModifiedTime":1767161431285}},"C:\\Users\\19782\\DevEcoStudioProjects\\MyApplication\\entry\\.preview\\default\\intermediates\\loader\\default":{"hashValue":"73c324d523c5f9512af7a389db8c28e5652a75d83bddc013c6344464c2cb299b","name":"default","path":"C:\\Users\\19782\\DevEcoStudioProjects\\MyApplication\\entry\\.preview\\default\\intermediates\\loader\\default","type":"directory","isSymbolicLink":false,"children":[{"hashValue":"10d5c23c16009af650ea16d2fc17d8686dd276341ae3c05bef0085f32cc29a75","name":"loader.json","path":"C:\\Users\\19782\\DevEcoStudioProjects\\MyApplication\\entry\\.preview\\default\\intermediates\\loader\\default\\loader.json","type":"file","isSymbolicLink":false,"fileMetaData":{"size":907,"lastModifiedTime":1767076786251}},{"hashValue":"894762f13d510c4863f8574b40b0a4cd0d08a94f540ff6abb941257858bda676","name":"pkgContextInfo.json","path":"C:\\Users\\19782\\DevEcoStudioProjects\\MyApplication\\entry\\.preview\\default\\intermediates\\loader\\default\\pkgContextInfo.json","type":"file","isSymbolicLink":false,"fileMetaData":{"size":444,"lastModifiedTime":1766971031028}}]},"C:\\Users\\19782\\DevEcoStudioProjects\\MyApplication\\entry\\.preview\\default\\intermediates\\res\\default\\ResourceTable.txt":{"hashValue":"01f6ae66a7d71082d4d6d42208f8bc44328d54c4c8c2b3b33834fbcdde11c808","name":"ResourceTable.txt","path":"C:\\Users\\19782\\DevEcoStudioProjects\\MyApplication\\entry\\.preview\\default\\intermediates\\res\\default\\ResourceTable.txt","type":"file","isSymbolicLink":false,"fileMetaData":{"size":384,"lastModifiedTime":1767161431251}},"C:\\Users\\19782\\DevEcoStudioProjects\\MyApplication\\entry\\.preview\\default\\intermediates\\res\\default\\resources\\rawfile":{"hashValue":"de1309bf38b308b70173ab6d60278e78e9656e8357267f8b35b01a69067e4177","name":"rawfile","path":"C:\\Users\\19782\\DevEcoStudioProjects\\MyApplication\\entry\\.preview\\default\\intermediates\\res\\default\\resources\\rawfile","type":"directory","isSymbolicLink":false,"children":[{"hashValue":"86dbaafe39bc707c508b02d07a33c1f234e5f08d6b4a5804d1339846160818f5","name":"图片1.png","path":"C:\\Users\\19782\\DevEcoStudioProjects\\MyApplication\\entry\\.preview\\default\\intermediates\\res\\default\\resources\\rawfile\\图片1.png","type":"file","isSymbolicLink":false,"fileMetaData":{"size":859577,"lastModifiedTime":1757988765221}}]},"C:\\Users\\19782\\DevEcoStudioProjects\\MyApplication\\entry\\build\\default\\generated\\profile\\default\\ModuleInfo.ts":{"hashValue":"","name":"emptyroot","path":"","type":"unknown","isSymbolicLink":false,"children":[]},"C:\\Users\\19782\\DevEcoStudioProjects\\MyApplication\\build\\cache\\default\\integrated_hsp\\integratedHspCache.json":{"hashValue":"","name":"emptyroot","path":"","type":"unknown","isSymbolicLink":false,"children":[]},"C:\\Users\\19782\\DevEcoStudioProjects\\MyApplication\\entry\\build\\default\\intermediates\\syscap\\default\\rpcid.sc":{"hashValue":"","name":"emptyroot","path":"","type":"unknown","isSymbolicLink":false,"children":[]},"C:\\Users\\19782\\DevEcoStudioProjects\\MyApplication\\entry\\build\\default\\intermediates\\startup\\default\\startup_config.json":{"hashValue":"","name":"emptyroot","path":"","type":"unknown","isSymbolicLink":false,"children":[]},"C:\\Users\\19782\\DevEcoStudioProjects\\MyApplication\\entry\\build\\default\\intermediates\\loader_out\\default\\js":{"hashValue":"","name":"emptyroot","path":"","type":"unknown","isSymbolicLink":false,"children":[]},"C:\\Users\\19782\\DevEcoStudioProjects\\MyApplication\\entry\\build\\default\\outputs\\default\\entry-default-signed.hap":{"hashValue":"","name":"emptyroot","path":"","type":"unknown","isSymbolicLink":false,"children":[]},"C:\\Users\\19782\\DevEcoStudioProjects\\MyApplication\\entry\\build\\default\\outputs\\default\\symbol":{"hashValue":"","name":"emptyroot","path":"","type":"unknown","isSymbolicLink":false,"children":[]}}