{":MyApplication:entry:default@PreBuild":{"_inputs":[{"dataType":"ValueEntry","value":"{\"_name\":\"compileApiVersion\",\"_value\":21,\"_valueType\":\"number\"}"},{"dataType":"ValueEntry","value":"{\"_name\":\"compatibleApiVersion\",\"_value\":21,\"_valueType\":\"number\"}"},{"dataType":"ValueEntry","value":"{\"_name\":\"targetStatusCode\",\"_value\":2,\"_valueType\":\"number\"}"},{"dataType":"ValueEntry","value":"{\"_name\":\"apiType\",\"_value\":\"stageMode\",\"_valueType\":\"string\"}"},{"dataType":"ValueEntry","value":"{\"_name\":\"deviceType\",\"_value\":[\"phone\"],\"_valueType\":\"object\"}"},{"dataType":"ValueEntry","value":"{\"_name\":\"codeType\",\"_value\":true,\"_valueType\":\"boolean\"}"},{"dataType":"ValueEntry","value":"{\"_name\":\"sdkToolchainsComponentVersion\",\"_value\":\"6.0.1.116\",\"_valueType\":\"string\"}"},{"dataType":"ValueEntry","value":"{\"_name\":\"profileModuleName\",\"_value\":\"entry\",\"_valueType\":\"string\"}"},{"dataType":"ValueEntry","value":"{\"_name\":\"moduleJsonOpt\",\"_value\":\"{\\\"jsonFilePath\\\":\\\"C:\\\\\\\\Users\\\\\\\\19782\\\\\\\\DevEcoStudioProjects\\\\\\\\MyApplication\\\\\\\\entry\\\\\\\\src\\\\\\\\main\\\\\\\\module.json5\\\",\\\"profile\\\":{\\\"module\\\":{\\\"requestPermissions\\\":[{\\\"name\\\":\\\"ohos.permission.INTERNET\\\"}],\\\"name\\\":\\\"entry\\\",\\\"type\\\":\\\"entry\\\",\\\"description\\\":\\\"$string:module_desc\\\",\\\"mainElement\\\":\\\"EntryAbility\\\",\\\"deviceTypes\\\":[\\\"phone\\\"],\\\"deliveryWithInstall\\\":true,\\\"installationFree\\\":false,\\\"pages\\\":\\\"$profile:main_pages\\\",\\\"abilities\\\":[{\\\"name\\\":\\\"EntryAbility\\\",\\\"srcEntry\\\":\\\"./ets/entryability/EntryAbility.ets\\\",\\\"description\\\":\\\"$string:EntryAbility_desc\\\",\\\"icon\\\":\\\"$media:layered_image\\\",\\\"label\\\":\\\"$string:EntryAbility_label\\\",\\\"startWindowIcon\\\":\\\"$media:startIcon\\\",\\\"startWindowBackground\\\":\\\"$color:start_window_background\\\",\\\"exported\\\":true,\\\"skills\\\":[{\\\"entities\\\":[\\\"entity.system.home\\\"],\\\"actions\\\":[\\\"ohos.want.action.home\\\"]}]}],\\\"extensionAbilities\\\":[{\\\"name\\\":\\\"EntryBackupAbility\\\",\\\"srcEntry\\\":\\\"./ets/entrybackupability/EntryBackupAbility.ets\\\",\\\"type\\\":\\\"backup\\\",\\\"exported\\\":false,\\\"metadata\\\":[{\\\"name\\\":\\\"ohos.extension.backup\\\",\\\"resource\\\":\\\"$profile:backup_config\\\"}]}]}},\\\"deviceTypes\\\":[\\\"phone\\\"],\\\"deviceConfig\\\":\\\"deviceTypes\\\",\\\"configurationProfile\\\":\\\"module.json5\\\"}\",\"_valueType\":\"string\"}"},{"dataType":"ValueEntry","value":"{\"_name\":\"isSupportOhpmProj\",\"_value\":true,\"_valueType\":\"boolean\"}"},{"dataType":"ValueEntry","value":"{\"_name\":\"removePermissions\",\"_valueType\":\"undefined\"}"},{"dataType":"ValueEntry","value":"{\"_name\":\"isPreloadSystemSoEnabled\",\"_value\":false,\"_valueType\":\"boolean\"}"},{"dataType":"ValueEntry","value":"{\"_name\":\"isSingleFileEmitEnabled\",\"_value\":false,\"_valueType\":\"boolean\"}"},{"dataType":"ValueEntry","value":"{\"_name\":\"customTypes\",\"_value\":\"\",\"_valueType\":\"string\"}"},{"dataType":"ValueEntry","value":"{\"_name\":\"requiredDeviceType\",\"_value\":\"phone\",\"_valueType\":\"string\"}"},{"dataType":"ValueEntry","value":"{\"_name\":\"useNormalizedOHMUrl\",\"_value\":true,\"_valueType\":\"boolean\"}"},{"dataType":"ValueEntry","value":"{\"_name\":\"integrated_hsp\",\"_value\":false,\"_valueType\":\"boolean\"}"},{"dataType":"ValueEntry","value":"{\"_name\":\"sourceRoots\",\"_value\":true,\"_valueType\":\"boolean\"}"},{"dataType":"ValueEntry","value":"{\"_name\":\"transformLib\",\"_value\":\"\",\"_valueType\":\"string\"}"},{"dataType":"ValueEntry","value":"{\"_name\":\"byteCodeHar\",\"_value\":false,\"_valueType\":\"boolean\"}"},{"dataType":"ValueEntry","value":"{\"_name\":\"configuration\",\"_value\":\"\",\"_valueType\":\"string\"}"},{"dataType":"ValueEntry","value":"{\"_name\":\"configurationFileJson\",\"_value\":\"\",\"_valueType\":\"string\"}"},{"dataType":"ValueEntry","value":"{\"_name\":\"mockConfigSources\",\"_value\":\"\",\"_valueType\":\"string\"}"},{"dataType":"ValueEntry","value":"{\"_name\":\"moduleDependencyNames\",\"_value\":[],\"_valueType\":\"object\"}"},{"dataType":"ValueEntry","value":"{\"_name\":\"isExpandImportEnabled\",\"_value\":false,\"_valueType\":\"boolean\"}"},{"dataType":"ValueEntry","value":"{\"_name\":\"excludeExpandImportDependencyNames\",\"_value\":[],\"_valueType\":\"object\"}"},{"dataType":"ValueEntry","value":"{\"_name\":\"BUILTIN_TASK_COMMAND\",\"_value\":\"\",\"_valueType\":\"string\"}"},{"dataType":"ValueEntry","value":"{\"_name\":\"BUILTIN_TASK_TOOLCHAIN\",\"_value\":\"\",\"_valueType\":\"string\"}"},{"dataType":"ValueEntry","value":"{\"_name\":\"BUILTIN_TASK_ENV\",\"_value\":\"\",\"_valueType\":\"string\"}"}],"_successful":true,"_projectName":"MyApplication","_moduleName":"entry","_taskName":"default@PreBuild","_key":":MyApplication:entry:default@PreBuild","_executionId":":MyApplication:entry:default@PreBuild:1767162015093","_inputFiles":{"dataType":"Map","value":[["C:\\Users\\19782\\DevEcoStudioProjects\\MyApplication\\AppScope\\app.json5",{"isDirectory":false,"fileSnapShotHashValue":"851f82cb1284bcb29a826bfad36c0e2462cb043df483a9aa6df8925b82edcdab"}],["C:\\Users\\19782\\DevEcoStudioProjects\\MyApplication\\entry\\src\\main\\module.json5",{"isDirectory":false,"fileSnapShotHashValue":"b301157cf2b1f98e729dcdd6e447477a8c5e1c020fae5246b592da9ab344af82"}],["C:\\Users\\19782\\DevEcoStudioProjects\\MyApplication\\build-profile.json5",{"fileSnapShotHashValue":"0481576b472af20db25e8e11b04c1beae7c75473db67c8c06dd6881021c2d172"}],["C:\\Users\\19782\\DevEcoStudioProjects\\MyApplication\\entry\\build-profile.json5",{"fileSnapShotHashValue":"546f7fbed9facace50bbbc32bb242b548fc6ea3f74294887001c46cdcb5455d3"}],["C:\\Users\\19782\\DevEcoStudioProjects\\MyApplication\\entry\\src\\main\\resources\\base\\profile\\main_pages.json",{"fileSnapShotHashValue":"7881615a0410bc3e67bb760bf4d6934753bb5e0cd3a41a752e3bcb320f0fc21e"}],["C:\\Users\\19782\\DevEcoStudioProjects\\MyApplication\\hvigor\\hvigor-config.json5",{"isDirectory":true,"fileSnapShotHashValue":"2a5d0a0d28060a8819543e4bd5d1b5d9946de70834b500c6ebc83e022dbb0b6d"}],["C:\\Users\\19782\\DevEcoStudioProjects\\MyApplication\\entry\\src\\mock\\mock-config.json5",{"isDirectory":false,"fileSnapShotHashValue":"7d694e3509eabdf88d19c33a0a7a1032fe4f24a422cb88de622757e79bad260c"}],["C:\\Users\\19782\\DevEcoStudioProjects\\MyApplication\\entry\\oh-package.json5",{"fileSnapShotHashValue":"54268546a4c376190c68babeeb1b2ff9072a1c674537507cf99df0db1b303354"}],["C:\\Users\\19782\\DevEcoStudioProjects\\MyApplication\\oh-package.json5",{"fileSnapShotHashValue":"d83e7f79dbc52890b56054407b59487aee5c16adda9dbe9f832cae8d5641252e"}]]},"_outputFiles":{"dataType":"Map","value":[]}},":MyApplication:entry:default@CreateModuleInfo":{"_inputs":[{"dataType":"ValueEntry","value":"{\"_name\":\"ohosUiTransformOptimization\",\"_value\":false,\"_valueType\":\"boolean\"}"},{"dataType":"ValueEntry","value":"{\"_name\":\"BUILTIN_TASK_COMMAND\",\"_value\":\"\",\"_valueType\":\"string\"}"},{"dataType":"ValueEntry","value":"{\"_name\":\"BUILTIN_TASK_TOOLCHAIN\",\"_value\":\"\",\"_valueType\":\"string\"}"},{"dataType":"ValueEntry","value":"{\"_name\":\"BUILTIN_TASK_ENV\",\"_value\":\"\",\"_valueType\":\"string\"}"}],"_successful":false,"_projectName":"MyApplication","_moduleName":"entry","_taskName":"default@CreateModuleInfo","_key":":MyApplication:entry:default@CreateModuleInfo","_executionId":":MyApplication:entry:default@CreateModuleInfo:1767162015305","_inputFiles":{"dataType":"Map","value":[]},"_outputFiles":{"dataType":"Map","value":[["C:\\Users\\19782\\DevEcoStudioProjects\\MyApplication\\entry\\build\\default\\generated\\profile\\default\\ModuleInfo.ts",{"isDirectory":false,"fileSnapShotHashValue":""}]]}},":MyApplication:entry:default@GenerateMetadata":{"_inputs":[{"dataType":"ValueEntry","value":"{\"_name\":\"BUILTIN_TASK_COMMAND\",\"_value\":\"\",\"_valueType\":\"string\",\"_hash\":\"6c1049eece256c5ecd9a72bb60d260f5eaa0c767e9261531c19a2711a4384caa\"}"},{"dataType":"ValueEntry","value":"{\"_name\":\"BUILTIN_TASK_ENV\",\"_value\":\"\",\"_valueType\":\"string\",\"_hash\":\"fab23d53b4bed861bede91aa55abd54ccbb48f2366122ec79fa9d6a917cab83a\"}"},{"dataType":"ValueEntry","value":"{\"_name\":\"BUILTIN_TASK_TOOLCHAIN\",\"_value\":\"\",\"_valueType\":\"string\",\"_hash\":\"f354d8b3443da1d086e3f8d488045965d1abb7d86e6d7602e63c46d85ae85454\"}"},{"dataType":"ValueEntry","value":"{\"_name\":\"artifactName\",\"_value\":\"\",\"_valueType\":\"string\",\"_hash\":\"83695c4a9aeeecff80241c7739fb4858fbd92eee38a63a48e9abc62df8327edb\"}"},{"dataType":"ValueEntry","value":"{\"_name\":\"isSigned\",\"_value\":false,\"_valueType\":\"boolean\",\"_hash\":\"049b5033138d5af3ba0f2b57ef67b23b56dc83fa0d41843418bae22b2df6770b\"}"},{"dataType":"ValueEntry","value":"{\"_name\":\"relatedEntryModules\",\"_value\":\"\",\"_valueType\":\"string\",\"_hash\":\"72c4b1665c5896b02fa9b3f992e3ce78eefc5d0a7a14e5c60fd74172282780ff\"}"},{"dataType":"ValueEntry","value":"{\"_name\":\"remoteHspMetaData\",\"_value\":\"\",\"_valueType\":\"string\",\"_hash\":\"a5bfa161987bd54bfe3921d933d3ab72f30023b9433005ef1e57f1715c4d2176\"}"},{"dataType":"ValueEntry","value":"{\"_name\":\"targetDeviceType\",\"_value\":[\"phone\"],\"_valueType\":\"object\",\"_hash\":\"3a8173a84b04e1a25f299292f99416f5987d235eb669c8ecd2f590f759589d95\"}"}],"_successful":true,"_projectName":"MyApplication","_moduleName":"entry","_taskName":"default@GenerateMetadata","_key":":MyApplication:entry:default@GenerateMetadata","_executionId":":MyApplication:entry:default@GenerateMetadata:1767162015307","_inputFiles":{"dataType":"Map","value":[["C:\\Users\\19782\\DevEcoStudioProjects\\MyApplication\\entry\\src\\main\\module.json5",{"fileSnapShotHashValue":"b301157cf2b1f98e729dcdd6e447477a8c5e1c020fae5246b592da9ab344af82"}]]},"_outputFiles":{"dataType":"Map","value":[["C:\\Users\\19782\\DevEcoStudioProjects\\MyApplication\\entry\\build\\default\\intermediates\\hap_metadata\\default\\output_metadata.json",{"fileSnapShotHashValue":"b512cb968ff239b072b42dfaf5ffad4898b917dd11887f968cd9de3648861bb7"}]]}},":MyApplication:entry:default@MergeProfile":{"_inputs":[{"dataType":"ValueEntry","value":"{\"_name\":\"BUILTIN_TASK_COMMAND\",\"_value\":\"\",\"_valueType\":\"string\",\"_hash\":\"6c1049eece256c5ecd9a72bb60d260f5eaa0c767e9261531c19a2711a4384caa\"}"},{"dataType":"ValueEntry","value":"{\"_name\":\"BUILTIN_TASK_ENV\",\"_value\":\"\",\"_valueType\":\"string\",\"_hash\":\"fab23d53b4bed861bede91aa55abd54ccbb48f2366122ec79fa9d6a917cab83a\"}"},{"dataType":"ValueEntry","value":"{\"_name\":\"BUILTIN_TASK_TOOLCHAIN\",\"_value\":\"\",\"_valueType\":\"string\",\"_hash\":\"f354d8b3443da1d086e3f8d488045965d1abb7d86e6d7602e63c46d85ae85454\"}"},{"dataType":"ValueEntry","value":"{\"_name\":\"appJsonOpt\",\"_value\":\"{\\\"app\\\":{\\\"bundleName\\\":\\\"com.example.myapplication\\\",\\\"vendor\\\":\\\"example\\\",\\\"versionCode\\\":1000000,\\\"versionName\\\":\\\"1.0.0\\\",\\\"icon\\\":\\\"$media:layered_image\\\",\\\"label\\\":\\\"$string:app_name\\\"}}\",\"_valueType\":\"string\",\"_hash\":\"e6821e018932b7671c49aceacf4800c85cfa0400ff8b38a2e0b588bb2bf8f2d4\"}"},{"dataType":"ValueEntry","value":"{\"_name\":\"asanEnable\",\"_value\":false,\"_valueType\":\"boolean\",\"_hash\":\"5de58ee96d39449ca7f885eeee57df5a760e34739a5248ac20e31818d201489d\"}"},{"dataType":"ValueEntry","value":"{\"_name\":\"buildProfileAbilities\",\"_valueType\":\"undefined\",\"_hash\":\"1b37f4c5d5e5e2c6096b0545d5c31b5bf64f747075a5e3c85f050e9e4079664b\"}"},{"dataType":"ValueEntry","value":"{\"_name\":\"buildRoot\",\"_value\":\"build\",\"_valueType\":\"string\",\"_hash\":\"57bdd28a519c384eec33006ccb97c870b2af8357499f1588cd8aacb47fc8884d\"}"},{"dataType":"ValueEntry","value":"{\"_name\":\"compatibleSdkVersion\",\"_value\":21,\"_valueType\":\"number\",\"_hash\":\"c6783854cdb0c544eb399d96f13d6156a825ae6c5b8bcbc4d6b2ae869c5ba806\"}"},{"dataType":"ValueEntry","value":"{\"_name\":\"hwasanEnable\",\"_value\":false,\"_valueType\":\"boolean\",\"_hash\":\"f8bd6c4afae917a91bd141551210297e8a9b68ab5fb0adf6880673768a5ed7c6\"}"},{"dataType":"ValueEntry","value":"{\"_name\":\"includeAppScopeRes\",\"_value\":\"\",\"_valueType\":\"string\",\"_hash\":\"3c2a9052be609669b88b444d06b45b9cd9aa9bdbc5c549cf890a3bd37fc58d60\"}"},{"dataType":"ValueEntry","value":"{\"_name\":\"integratedHsp\",\"_value\":false,\"_valueType\":\"boolean\",\"_hash\":\"ab7ebc56ff53ba733fc5e60a1c0e16725afa0b21d0966f7b50cce78a02e48d74\"}"},{"dataType":"ValueEntry","value":"{\"_name\":\"isBundledDependencies\",\"_value\":false,\"_valueType\":\"boolean\",\"_hash\":\"2a22b42a8504b32b68a8cc4173a9e266e6540a9372bf6553176105f698c20dc2\"}"},{"dataType":"ValueEntry","value":"{\"_name\":\"isDebug\",\"_value\":true,\"_valueType\":\"boolean\",\"_hash\":\"3a45940aa78d73204cdc3177ffe70a15eb93b11c64cbef458f919e1b86a6ec6e\"}"},{"dataType":"ValueEntry","value":"{\"_name\":\"isHarModule\",\"_value\":false,\"_valueType\":\"boolean\",\"_hash\":\"bc6aa6a015fd1e648c9c5e447449ece707a678e12fba08771f90ddfe134af3f0\"}"},{"dataType":"ValueEntry","value":"{\"_name\":\"moduleJsonOpt\",\"_value\":\"{\\\"module\\\":{\\\"requestPermissions\\\":[{\\\"name\\\":\\\"ohos.permission.INTERNET\\\"}],\\\"name\\\":\\\"entry\\\",\\\"type\\\":\\\"entry\\\",\\\"description\\\":\\\"$string:module_desc\\\",\\\"mainElement\\\":\\\"EntryAbility\\\",\\\"deviceTypes\\\":[\\\"phone\\\"],\\\"deliveryWithInstall\\\":true,\\\"installationFree\\\":false,\\\"pages\\\":\\\"$profile:main_pages\\\",\\\"abilities\\\":[{\\\"name\\\":\\\"EntryAbility\\\",\\\"srcEntry\\\":\\\"./ets/entryability/EntryAbility.ets\\\",\\\"description\\\":\\\"$string:EntryAbility_desc\\\",\\\"icon\\\":\\\"$media:layered_image\\\",\\\"label\\\":\\\"$string:EntryAbility_label\\\",\\\"startWindowIcon\\\":\\\"$media:startIcon\\\",\\\"startWindowBackground\\\":\\\"$color:start_window_background\\\",\\\"exported\\\":true,\\\"skills\\\":[{\\\"entities\\\":[\\\"entity.system.home\\\"],\\\"actions\\\":[\\\"ohos.want.action.home\\\"]}]}],\\\"extensionAbilities\\\":[{\\\"name\\\":\\\"EntryBackupAbility\\\",\\\"srcEntry\\\":\\\"./ets/entrybackupability/EntryBackupAbility.ets\\\",\\\"type\\\":\\\"backup\\\",\\\"exported\\\":false,\\\"metadata\\\":[{\\\"name\\\":\\\"ohos.extension.backup\\\",\\\"resource\\\":\\\"$profile:backup_config\\\"}]}]}}\",\"_valueType\":\"string\",\"_hash\":\"559ec65c314c25e5aa5f4d26d2f36ec91196827a59c36bbe538f07c81a98dcf3\"}"},{"dataType":"ValueEntry","value":"{\"_name\":\"multiProjects\",\"_value\":false,\"_valueType\":\"boolean\",\"_hash\":\"dea8161c1a034ab86a9348c01dfdc4626089c413501f5016bc4be71f6214747b\"}"},{"dataType":"ValueEntry","value":"{\"_name\":\"ohLibs\",\"_value\":[],\"_valueType\":\"object\",\"_hash\":\"a126612b51ae7b5b49f64e029e1534ed38b87d56c35915c9b19e6d46695e567b\"}"},{"dataType":"ValueEntry","value":"{\"_name\":\"packageName\",\"_value\":\"entry\",\"_valueType\":\"string\",\"_hash\":\"2d02010f87ac0c4b88be91ac58b940c03eada62489017432aebd339464bf633a\"}"},{"dataType":"ValueEntry","value":"{\"_name\":\"projectConfigAppOpt\",\"_valueType\":\"undefined\",\"_hash\":\"690bf99bac27c7294cc7056baecf9d1f5996393f344fda6ad83f08f971cfc658\"}"},{"dataType":"ValueEntry","value":"{\"_name\":\"releaseType\",\"_value\":\"Release\",\"_valueType\":\"string\",\"_hash\":\"f9d0b6fb1c4b29b9f08a909bbe00e8b5aa50d5eaf9eb1d05491d02351d827df1\"}"},{"dataType":"ValueEntry","value":"{\"_name\":\"removePermissions\",\"_valueType\":\"undefined\",\"_hash\":\"68ce79e87f7bc97a0e03070101e01e1b68b101f52b35a57fde4a1b321be3bdde\"}"},{"dataType":"ValueEntry","value":"{\"_name\":\"targetSdkVersion\",\"_value\":21,\"_valueType\":\"number\",\"_hash\":\"d66a831efa5064d04b7ffc61b4c4af4813d985ad30b903dae2bd65649965b68d\"}"},{"dataType":"ValueEntry","value":"{\"_name\":\"tsanEnable\",\"_value\":false,\"_valueType\":\"boolean\",\"_hash\":\"4a39a3fadc194c5ff71505bb8da8930c39fe534c877674936b5fa82a4d0c2229\"}"},{"dataType":"ValueEntry","value":"{\"_name\":\"ubsanEnable\",\"_value\":false,\"_valueType\":\"boolean\",\"_hash\":\"b7f8b201242d9c1e5fe6ef2f7faa4fddf88b1072d6bdbbac7f3e0841ecaf8a6f\"}"}],"_successful":true,"_projectName":"MyApplication","_moduleName":"entry","_taskName":"default@MergeProfile","_key":":MyApplication:entry:default@MergeProfile","_executionId":":MyApplication:entry:default@MergeProfile:1767162015314","_inputFiles":{"dataType":"Map","value":[["C:\\Users\\19782\\DevEcoStudioProjects\\MyApplication\\AppScope\\app.json5",{"fileSnapShotHashValue":"851f82cb1284bcb29a826bfad36c0e2462cb043df483a9aa6df8925b82edcdab"}],["C:\\Users\\19782\\DevEcoStudioProjects\\MyApplication\\build-profile.json5",{"fileSnapShotHashValue":"0481576b472af20db25e8e11b04c1beae7c75473db67c8c06dd6881021c2d172"}],["C:\\Users\\19782\\DevEcoStudioProjects\\MyApplication\\entry\\src\\main\\module.json5",{"fileSnapShotHashValue":"b301157cf2b1f98e729dcdd6e447477a8c5e1c020fae5246b592da9ab344af82"}]]},"_outputFiles":{"dataType":"Map","value":[["C:\\Users\\19782\\DevEcoStudioProjects\\MyApplication\\entry\\build\\default\\intermediates\\merge_profile\\default\\module.json",{"fileSnapShotHashValue":"f8ff01385a76c25475b4691f9924d8c2040e3281fd162f1ab3897007860fd342"}]]}},":MyApplication:entry:default@CreateBuildProfile":{"_inputs":[{"dataType":"ValueEntry","value":"{\"_name\":\"BUILTIN_TASK_COMMAND\",\"_value\":\"\",\"_valueType\":\"string\",\"_hash\":\"6c1049eece256c5ecd9a72bb60d260f5eaa0c767e9261531c19a2711a4384caa\"}"},{"dataType":"ValueEntry","value":"{\"_name\":\"BUILTIN_TASK_ENV\",\"_value\":\"\",\"_valueType\":\"string\",\"_hash\":\"fab23d53b4bed861bede91aa55abd54ccbb48f2366122ec79fa9d6a917cab83a\"}"},{"dataType":"ValueEntry","value":"{\"_name\":\"BUILTIN_TASK_TOOLCHAIN\",\"_value\":\"\",\"_valueType\":\"string\",\"_hash\":\"f354d8b3443da1d086e3f8d488045965d1abb7d86e6d7602e63c46d85ae85454\"}"},{"dataType":"ValueEntry","value":"{\"_name\":\"buildMode\",\"_value\":\"Debug\",\"_valueType\":\"string\",\"_hash\":\"e5ca4ddaac7575fd86f22541aff1adda5124dfd5735cfbc8d69a5813341024a2\"}"},{"dataType":"ValueEntry","value":"{\"_name\":\"buildModeName\",\"_value\":\"debug\",\"_valueType\":\"string\",\"_hash\":\"eed88fbd50af6d038f129b1446ece3710f8c3d0a5302679a6fb87ad47253410a\"}"},{"dataType":"ValueEntry","value":"{\"_name\":\"buildProfileFields\",\"_value\":\"\",\"_valueType\":\"string\",\"_hash\":\"c045d039f2ef60e781c590cc5f82f3d6d7f97bbb3b5af5252b100ace8eb332bf\"}"},{"dataType":"ValueEntry","value":"{\"_name\":\"projectOhosConfigAppOpt\",\"_value\":\"\",\"_valueType\":\"string\",\"_hash\":\"31886fe858c1eb45b5d680c019a12d2bebebf813093c3583804d179ae701c5c3\"}"}],"_successful":true,"_projectName":"MyApplication","_moduleName":"entry","_taskName":"default@CreateBuildProfile","_key":":MyApplication:entry:default@CreateBuildProfile","_executionId":":MyApplication:entry:default@CreateBuildProfile:1767162015336","_inputFiles":{"dataType":"Map","value":[["C:\\Users\\19782\\DevEcoStudioProjects\\MyApplication\\AppScope\\app.json5",{"fileSnapShotHashValue":"851f82cb1284bcb29a826bfad36c0e2462cb043df483a9aa6df8925b82edcdab"}],["C:\\Users\\19782\\DevEcoStudioProjects\\MyApplication\\build-profile.json5",{"fileSnapShotHashValue":"0481576b472af20db25e8e11b04c1beae7c75473db67c8c06dd6881021c2d172"}]]},"_outputFiles":{"dataType":"Map","value":[["C:\\Users\\19782\\DevEcoStudioProjects\\MyApplication\\entry\\build\\default\\generated\\profile\\default\\BuildProfile.ets",{"fileSnapShotHashValue":"958fbe64c6da7d3628d128a153755fea92f8f64ee949a6c0ca692dd105de36b4"}]]}},":MyApplication:entry:default@GeneratePkgContextInfo":{"_inputs":[{"dataType":"ValueEntry","value":"{\"_name\":\"BUILTIN_TASK_COMMAND\",\"_value\":\"\",\"_valueType\":\"string\",\"_hash\":\"6c1049eece256c5ecd9a72bb60d260f5eaa0c767e9261531c19a2711a4384caa\"}"},{"dataType":"ValueEntry","value":"{\"_name\":\"BUILTIN_TASK_ENV\",\"_value\":\"\",\"_valueType\":\"string\",\"_hash\":\"fab23d53b4bed861bede91aa55abd54ccbb48f2366122ec79fa9d6a917cab83a\"}"},{"dataType":"ValueEntry","value":"{\"_name\":\"BUILTIN_TASK_TOOLCHAIN\",\"_value\":\"\",\"_valueType\":\"string\",\"_hash\":\"f354d8b3443da1d086e3f8d488045965d1abb7d86e6d7602e63c46d85ae85454\"}"},{"dataType":"ValueEntry","value":"{\"_name\":\"pkgContextInfoMap\",\"_value\":\"{\\\"@ohos/hypium\\\":{\\\"packageName\\\":\\\"@ohos/hypium\\\",\\\"bundleName\\\":\\\"\\\",\\\"moduleName\\\":\\\"\\\",\\\"version\\\":\\\"1.0.24\\\",\\\"entryPath\\\":\\\"index.js\\\",\\\"isSO\\\":false,\\\"dependencyAlias\\\":\\\"\\\"},\\\"@ohos/hamock\\\":{\\\"packageName\\\":\\\"@ohos/hamock\\\",\\\"bundleName\\\":\\\"\\\",\\\"moduleName\\\":\\\"\\\",\\\"version\\\":\\\"1.0.0\\\",\\\"entryPath\\\":\\\"index.ets\\\",\\\"isSO\\\":false,\\\"dependencyAlias\\\":\\\"\\\"},\\\"entry\\\":{\\\"packageName\\\":\\\"entry\\\",\\\"bundleName\\\":\\\"\\\",\\\"moduleName\\\":\\\"\\\",\\\"version\\\":\\\"\\\",\\\"entryPath\\\":\\\"src/main/\\\",\\\"isSO\\\":false,\\\"dependencyAlias\\\":\\\"\\\"}}\",\"_valueType\":\"string\",\"_hash\":\"aba659aff71a637ce4f541961504cde8d3768f9cfd2c25d07905307dec7982cb\"}"},{"dataType":"ValueEntry","value":"{\"_name\":\"useNormalizedOHMUrl\",\"_value\":true,\"_valueType\":\"boolean\",\"_hash\":\"0224eeca0e5401fc0c653dbed2bab63ff91b2d1c8e23719fbab4e11e695311d9\"}"}],"_successful":true,"_projectName":"MyApplication","_moduleName":"entry","_taskName":"default@GeneratePkgContextInfo","_key":":MyApplication:entry:default@GeneratePkgContextInfo","_executionId":":MyApplication:entry:default@GeneratePkgContextInfo:1767162015350","_inputFiles":{"dataType":"Map","value":[]},"_outputFiles":{"dataType":"Map","value":[["C:\\Users\\19782\\DevEcoStudioProjects\\MyApplication\\entry\\build\\default\\intermediates\\loader\\default\\pkgContextInfo.json",{"isDirectory":false,"fileSnapShotHashValue":"6b85b85a56af8737646cafd031e82a4b24b68eab4a2b8dcf2ac32f3fdf982f2f"}]]}},":MyApplication:entry:default@ProcessIntegratedHsp":{"_inputs":[{"dataType":"ValueEntry","value":"{\"_name\":\"bundleName\",\"_value\":\"com.example.myapplication\",\"_valueType\":\"string\"}"},{"dataType":"ValueEntry","value":"{\"_name\":\"versionCode\",\"_value\":1000000,\"_valueType\":\"number\"}"},{"dataType":"ValueEntry","value":"{\"_name\":\"BUILTIN_TASK_COMMAND\",\"_value\":\"\",\"_valueType\":\"string\"}"},{"dataType":"ValueEntry","value":"{\"_name\":\"BUILTIN_TASK_TOOLCHAIN\",\"_value\":\"\",\"_valueType\":\"string\"}"},{"dataType":"ValueEntry","value":"{\"_name\":\"BUILTIN_TASK_ENV\",\"_value\":\"\",\"_valueType\":\"string\"}"}],"_successful":true,"_projectName":"MyApplication","_moduleName":"entry","_taskName":"default@ProcessIntegratedHsp","_key":":MyApplication:entry:default@ProcessIntegratedHsp","_executionId":":MyApplication:entry:default@ProcessIntegratedHsp:1767162015358","_inputFiles":{"dataType":"Map","value":[]},"_outputFiles":{"dataType":"Map","value":[["C:\\Users\\19782\\DevEcoStudioProjects\\MyApplication\\build\\cache\\default\\integrated_hsp\\integratedHspCache.json",{"isDirectory":false,"fileSnapShotHashValue":""}]]}},":MyApplication:entry:default@MakePackInfo":{"_inputs":[{"dataType":"ValueEntry","value":"{\"_name\":\"BUILTIN_TASK_COMMAND\",\"_value\":\"\",\"_valueType\":\"string\",\"_hash\":\"6c1049eece256c5ecd9a72bb60d260f5eaa0c767e9261531c19a2711a4384caa\"}"},{"dataType":"ValueEntry","value":"{\"_name\":\"BUILTIN_TASK_ENV\",\"_value\":\"\",\"_valueType\":\"string\",\"_hash\":\"fab23d53b4bed861bede91aa55abd54ccbb48f2366122ec79fa9d6a917cab83a\"}"},{"dataType":"ValueEntry","value":"{\"_name\":\"BUILTIN_TASK_TOOLCHAIN\",\"_value\":\"\",\"_valueType\":\"string\",\"_hash\":\"f354d8b3443da1d086e3f8d488045965d1abb7d86e6d7602e63c46d85ae85454\"}"},{"dataType":"ValueEntry","value":"{\"_name\":\"appResOpt\",\"_value\":\"{\\\"app\\\":{\\\"bundleName\\\":\\\"com.example.myapplication\\\",\\\"vendor\\\":\\\"example\\\",\\\"versionCode\\\":1000000,\\\"versionName\\\":\\\"1.0.0\\\",\\\"icon\\\":\\\"$media:layered_image\\\",\\\"label\\\":\\\"$string:app_name\\\"}}\",\"_valueType\":\"string\",\"_hash\":\"62ea758116305154f2a45014267a28462cea72092efb66b8c4ead009af8d8a17\"}"},{"dataType":"ValueEntry","value":"{\"_name\":\"compatibleSdkVersion\",\"_value\":21,\"_valueType\":\"number\",\"_hash\":\"c6783854cdb0c544eb399d96f13d6156a825ae6c5b8bcbc4d6b2ae869c5ba806\"}"},{"dataType":"ValueEntry","value":"{\"_name\":\"compileSdkVersion\",\"_value\":21,\"_valueType\":\"number\",\"_hash\":\"afed48637822e116d0c98dd24d0955b76d9c6857b48abebbad24ee85eff9a07f\"}"},{"dataType":"ValueEntry","value":"{\"_name\":\"deviceTypes\",\"_value\":[\"phone\"],\"_valueType\":\"object\",\"_hash\":\"ff9c705bd66ebea0c0ee769e3dd2b8613997fae46b2a946c0afb40ddb17f532e\"}"},{"dataType":"ValueEntry","value":"{\"_name\":\"integratedHsp\",\"_value\":false,\"_valueType\":\"boolean\",\"_hash\":\"ab7ebc56ff53ba733fc5e60a1c0e16725afa0b21d0966f7b50cce78a02e48d74\"}"},{"dataType":"ValueEntry","value":"{\"_name\":\"moduleJsonOpt\",\"_value\":\"{\\\"module\\\":{\\\"requestPermissions\\\":[{\\\"name\\\":\\\"ohos.permission.INTERNET\\\"}],\\\"name\\\":\\\"entry\\\",\\\"type\\\":\\\"entry\\\",\\\"description\\\":\\\"$string:module_desc\\\",\\\"mainElement\\\":\\\"EntryAbility\\\",\\\"deviceTypes\\\":[\\\"phone\\\"],\\\"deliveryWithInstall\\\":true,\\\"pages\\\":\\\"$profile:main_pages\\\",\\\"abilities\\\":[{\\\"name\\\":\\\"EntryAbility\\\",\\\"srcEntry\\\":\\\"./ets/entryability/EntryAbility.ets\\\",\\\"description\\\":\\\"$string:EntryAbility_desc\\\",\\\"icon\\\":\\\"$media:layered_image\\\",\\\"label\\\":\\\"$string:EntryAbility_label\\\",\\\"startWindowIcon\\\":\\\"$media:startIcon\\\",\\\"startWindowBackground\\\":\\\"$color:start_window_background\\\",\\\"exported\\\":true,\\\"skills\\\":[{\\\"entities\\\":[\\\"entity.system.home\\\"],\\\"actions\\\":[\\\"ohos.want.action.home\\\"]}]}],\\\"extensionAbilities\\\":[{\\\"name\\\":\\\"EntryBackupAbility\\\",\\\"srcEntry\\\":\\\"./ets/entrybackupability/EntryBackupAbility.ets\\\",\\\"type\\\":\\\"backup\\\",\\\"exported\\\":false,\\\"metadata\\\":[{\\\"name\\\":\\\"ohos.extension.backup\\\",\\\"resource\\\":\\\"$profile:backup_config\\\"}]}]}}\",\"_valueType\":\"string\",\"_hash\":\"53116a51d653e6466c31c9e77bef5ba3e8153cd459465a718407860a1e60bd2b\"}"},{"dataType":"ValueEntry","value":"{\"_name\":\"projectConfigAppOpt\",\"_valueType\":\"undefined\",\"_hash\":\"690bf99bac27c7294cc7056baecf9d1f5996393f344fda6ad83f08f971cfc658\"}"},{"dataType":"ValueEntry","value":"{\"_name\":\"releaseType\",\"_value\":\"Release\",\"_valueType\":\"string\",\"_hash\":\"f9d0b6fb1c4b29b9f08a909bbe00e8b5aa50d5eaf9eb1d05491d02351d827df1\"}"}],"_successful":true,"_projectName":"MyApplication","_moduleName":"entry","_taskName":"default@MakePackInfo","_key":":MyApplication:entry:default@MakePackInfo","_executionId":":MyApplication:entry:default@MakePackInfo:1767162015362","_inputFiles":{"dataType":"Map","value":[["C:\\Users\\19782\\DevEcoStudioProjects\\MyApplication\\AppScope\\app.json5",{"fileSnapShotHashValue":"851f82cb1284bcb29a826bfad36c0e2462cb043df483a9aa6df8925b82edcdab"}],["C:\\Users\\19782\\DevEcoStudioProjects\\MyApplication\\entry\\src\\main\\module.json5",{"fileSnapShotHashValue":"b301157cf2b1f98e729dcdd6e447477a8c5e1c020fae5246b592da9ab344af82"}],["C:\\Users\\19782\\DevEcoStudioProjects\\MyApplication\\build-profile.json5",{"fileSnapShotHashValue":"0481576b472af20db25e8e11b04c1beae7c75473db67c8c06dd6881021c2d172"}],["C:\\Users\\19782\\DevEcoStudioProjects\\MyApplication\\entry\\src\\main\\resources\\base\\profile\\backup_config.json",{"fileSnapShotHashValue":"b3611b00b45d5d10df5a8156fce8f094ed23f5c8c5dd68a7171128cb7de84f6d"}]]},"_outputFiles":{"dataType":"Map","value":[["C:\\Users\\19782\\DevEcoStudioProjects\\MyApplication\\entry\\build\\default\\outputs\\default\\pack.info",{"fileSnapShotHashValue":"c6c697428ba4d6f2efa1189090ed29ade7fc40dcff63e7427675b2987c8e1ef1"}]]}},":MyApplication:entry:default@SyscapTransform":{"_inputs":[{"dataType":"ValueEntry","value":"{\"_name\":\"deviceTypes\",\"_value\":[\"phone\"],\"_valueType\":\"object\"}"},{"dataType":"ValueEntry","value":"{\"_name\":\"BUILTIN_TASK_COMMAND\",\"_value\":\"\",\"_valueType\":\"string\"}"},{"dataType":"ValueEntry","value":"{\"_name\":\"BUILTIN_TASK_TOOLCHAIN\",\"_value\":\"\",\"_valueType\":\"string\"}"},{"dataType":"ValueEntry","value":"{\"_name\":\"BUILTIN_TASK_ENV\",\"_value\":\"\",\"_valueType\":\"string\"}"}],"_successful":true,"_projectName":"MyApplication","_moduleName":"entry","_taskName":"default@SyscapTransform","_key":":MyApplication:entry:default@SyscapTransform","_executionId":":MyApplication:entry:default@SyscapTransform:1767162015370","_inputFiles":{"dataType":"Map","value":[["C:\\Huawei\\DevEcoStudio\\sdk\\default\\openharmony\\toolchains\\syscap_tool.exe",{"fileSnapShotHashValue":"b95d766cad5c9221c71d16029441d991e07310b0f9a76bcc1263ab852374e57f"}],["C:\\Huawei\\DevEcoStudio\\sdk\\default\\openharmony\\ets\\api\\device-define",{"fileSnapShotHashValue":"35d3a948a8afc53d8cbdb3f6e8c7827f4983c2d5bbc9ff3667bca9770932bf8a"}]]},"_outputFiles":{"dataType":"Map","value":[["C:\\Users\\19782\\DevEcoStudioProjects\\MyApplication\\entry\\build\\default\\intermediates\\syscap\\default\\rpcid.sc",{"fileSnapShotHashValue":""}]]}},":MyApplication:entry:default@ProcessProfile":{"_inputs":[{"dataType":"ValueEntry","value":"{\"_name\":\"arkEnable\",\"_value\":true,\"_valueType\":\"boolean\"}"},{"dataType":"ValueEntry","value":"{\"_name\":\"compileMode\",\"_value\":\"esmodule\",\"_valueType\":\"string\"}"},{"dataType":"ValueEntry","value":"{\"_name\":\"deviceTypes\",\"_value\":[\"phone\"],\"_valueType\":\"object\"}"},{"dataType":"ValueEntry","value":"{\"_name\":\"dependency\",\"_value\":\"[]\",\"_valueType\":\"string\"}"},{"dataType":"ValueEntry","value":"{\"_name\":\"harExcludeHSPDependencies\",\"_valueType\":\"undefined\"}"},{"dataType":"ValueEntry","value":"{\"_name\":\"compatibleSdkVersionStage\",\"_value\":\"\",\"_valueType\":\"string\"}"},{"dataType":"ValueEntry","value":"{\"_name\":\"isFakeUIAbilityExists\",\"_value\":false,\"_valueType\":\"boolean\"}"},{"dataType":"ValueEntry","value":"{\"_name\":\"BUILTIN_TASK_COMMAND\",\"_value\":\"\",\"_valueType\":\"string\"}"},{"dataType":"ValueEntry","value":"{\"_name\":\"BUILTIN_TASK_TOOLCHAIN\",\"_value\":\"\",\"_valueType\":\"string\"}"},{"dataType":"ValueEntry","value":"{\"_name\":\"BUILTIN_TASK_ENV\",\"_value\":\"\",\"_valueType\":\"string\"}"}],"_successful":true,"_projectName":"MyApplication","_moduleName":"entry","_taskName":"default@ProcessProfile","_key":":MyApplication:entry:default@ProcessProfile","_executionId":":MyApplication:entry:default@ProcessProfile:1767162015394","_inputFiles":{"dataType":"Map","value":[["C:\\Users\\19782\\DevEcoStudioProjects\\MyApplication\\entry\\build\\default\\intermediates\\merge_profile\\default\\module.json",{"fileSnapShotHashValue":"f8ff01385a76c25475b4691f9924d8c2040e3281fd162f1ab3897007860fd342"}]]},"_outputFiles":{"dataType":"Map","value":[["C:\\Users\\19782\\DevEcoStudioProjects\\MyApplication\\entry\\build\\default\\intermediates\\process_profile\\default\\module.json",{"fileSnapShotHashValue":"e3f2bc031bdf673c2cd8f374ce145ed350f0265e7526c137b980177691aee63e"}]]}},":MyApplication:entry:default@ProcessRouterMap":{"_inputs":[{"dataType":"ValueEntry","value":"{\"_name\":\"useNormalizedOHMUrl\",\"_value\":true,\"_valueType\":\"boolean\"}"},{"dataType":"ValueEntry","value":"{\"_name\":\"obfuscated\",\"_value\":true,\"_valueType\":\"boolean\"}"},{"dataType":"ValueEntry","value":"{\"_name\":\"byteCodeHar\",\"_value\":false,\"_valueType\":\"boolean\"}"},{"dataType":"ValueEntry","value":"{\"_name\":\"BUILTIN_TASK_COMMAND\",\"_value\":\"\",\"_valueType\":\"string\"}"},{"dataType":"ValueEntry","value":"{\"_name\":\"BUILTIN_TASK_TOOLCHAIN\",\"_value\":\"\",\"_valueType\":\"string\"}"},{"dataType":"ValueEntry","value":"{\"_name\":\"BUILTIN_TASK_ENV\",\"_value\":\"\",\"_valueType\":\"string\"}"}],"_successful":true,"_projectName":"MyApplication","_moduleName":"entry","_taskName":"default@ProcessRouterMap","_key":":MyApplication:entry:default@ProcessRouterMap","_executionId":":MyApplication:entry:default@ProcessRouterMap:1767162015560","_inputFiles":{"dataType":"Map","value":[["C:\\Users\\19782\\DevEcoStudioProjects\\MyApplication\\entry\\oh-package.json5",{"fileSnapShotHashValue":"54268546a4c376190c68babeeb1b2ff9072a1c674537507cf99df0db1b303354"}],["C:\\Users\\19782\\DevEcoStudioProjects\\MyApplication\\oh-package.json5",{"fileSnapShotHashValue":"d83e7f79dbc52890b56054407b59487aee5c16adda9dbe9f832cae8d5641252e"}],["C:\\Users\\19782\\DevEcoStudioProjects\\MyApplication\\entry\\src\\main\\module.json5",{"fileSnapShotHashValue":"b301157cf2b1f98e729dcdd6e447477a8c5e1c020fae5246b592da9ab344af82"}],["C:\\Users\\19782\\DevEcoStudioProjects\\MyApplication\\entry\\build\\default\\intermediates\\loader\\default\\pkgContextInfo.json",{"fileSnapShotHashValue":"6b85b85a56af8737646cafd031e82a4b24b68eab4a2b8dcf2ac32f3fdf982f2f"}]]},"_outputFiles":{"dataType":"Map","value":[["C:\\Users\\19782\\DevEcoStudioProjects\\MyApplication\\entry\\build\\default\\intermediates\\router_map\\default\\temp-router-map.json",{"fileSnapShotHashValue":"6a14b5c2bebc9a63cdd82327b0528e7c3b47f5b40e5f3112bff5577f7cb6a307"}],["C:\\Users\\19782\\DevEcoStudioProjects\\MyApplication\\entry\\build\\default\\intermediates\\router_map\\default\\loader-router-map.json",{"fileSnapShotHashValue":"626f56d76156bd4695cfd170a6f448f894dc38577f961f7900f98beca2fca55d"}]]}},":MyApplication:entry:default@ProcessShareConfig":{"_inputs":[{"dataType":"ValueEntry","value":"{\"_name\":\"BUILTIN_TASK_COMMAND\",\"_value\":\"\",\"_valueType\":\"string\"}"},{"dataType":"ValueEntry","value":"{\"_name\":\"BUILTIN_TASK_TOOLCHAIN\",\"_value\":\"\",\"_valueType\":\"string\"}"},{"dataType":"ValueEntry","value":"{\"_name\":\"BUILTIN_TASK_ENV\",\"_value\":\"\",\"_valueType\":\"string\"}"}],"_successful":true,"_projectName":"MyApplication","_moduleName":"entry","_taskName":"default@ProcessShareConfig","_key":":MyApplication:entry:default@ProcessShareConfig","_executionId":":MyApplication:entry:default@ProcessShareConfig:1767162015568","_inputFiles":{"dataType":"Map","value":[["C:\\Users\\19782\\DevEcoStudioProjects\\MyApplication\\entry\\oh-package.json5",{"fileSnapShotHashValue":"54268546a4c376190c68babeeb1b2ff9072a1c674537507cf99df0db1b303354"}],["C:\\Users\\19782\\DevEcoStudioProjects\\MyApplication\\oh-package.json5",{"fileSnapShotHashValue":"d83e7f79dbc52890b56054407b59487aee5c16adda9dbe9f832cae8d5641252e"}],["C:\\Users\\19782\\DevEcoStudioProjects\\MyApplication\\entry\\src\\main\\module.json5",{"fileSnapShotHashValue":"b301157cf2b1f98e729dcdd6e447477a8c5e1c020fae5246b592da9ab344af82"}],["C:\\Users\\19782\\DevEcoStudioProjects\\MyApplication\\entry\\build\\default\\intermediates\\loader\\default\\pkgContextInfo.json",{"fileSnapShotHashValue":"6b85b85a56af8737646cafd031e82a4b24b68eab4a2b8dcf2ac32f3fdf982f2f"}]]},"_outputFiles":{"dataType":"Map","value":[["C:\\Users\\19782\\DevEcoStudioProjects\\MyApplication\\entry\\build\\default\\intermediates\\share_config\\default\\temp-share-config.json",{"fileSnapShotHashValue":"1e562b64a91d85990280086c700419199c2f33caea8aaf61ee97a6ef411b54e5"}]]}},":MyApplication:entry:default@ProcessStartupConfig":{"_inputs":[{"dataType":"ValueEntry","value":"{\"_name\":\"appStartupFileName\",\"_value\":\"\",\"_valueType\":\"string\"}"},{"dataType":"ValueEntry","value":"{\"_name\":\"useNormalizedOHMUrl\",\"_value\":true,\"_valueType\":\"boolean\"}"},{"dataType":"ValueEntry","value":"{\"_name\":\"shouldCollectPreloadSystemSo\",\"_value\":false,\"_valueType\":\"boolean\"}"},{"dataType":"ValueEntry","value":"{\"_name\":\"BUILTIN_TASK_COMMAND\",\"_value\":\"\",\"_valueType\":\"string\"}"},{"dataType":"ValueEntry","value":"{\"_name\":\"BUILTIN_TASK_TOOLCHAIN\",\"_value\":\"\",\"_valueType\":\"string\"}"},{"dataType":"ValueEntry","value":"{\"_name\":\"BUILTIN_TASK_ENV\",\"_value\":\"\",\"_valueType\":\"string\"}"}],"_successful":true,"_projectName":"MyApplication","_moduleName":"entry","_taskName":"default@ProcessStartupConfig","_key":":MyApplication:entry:default@ProcessStartupConfig","_executionId":":MyApplication:entry:default@ProcessStartupConfig:1767162015574","_inputFiles":{"dataType":"Map","value":[["C:\\Users\\19782\\DevEcoStudioProjects\\MyApplication\\entry\\build\\default\\intermediates\\loader\\default\\pkgContextInfo.json",{"fileSnapShotHashValue":"6b85b85a56af8737646cafd031e82a4b24b68eab4a2b8dcf2ac32f3fdf982f2f"}]]},"_outputFiles":{"dataType":"Map","value":[["C:\\Users\\19782\\DevEcoStudioProjects\\MyApplication\\entry\\build\\default\\intermediates\\startup\\default\\startup_config.json",{"fileSnapShotHashValue":""}]]}},":MyApplication:entry:default@ProcessResource":{"_inputs":[{"dataType":"ValueEntry","value":"{\"_name\":\"BUILTIN_TASK_COMMAND\",\"_value\":\"\",\"_valueType\":\"string\",\"_hash\":\"6c1049eece256c5ecd9a72bb60d260f5eaa0c767e9261531c19a2711a4384caa\"}"},{"dataType":"ValueEntry","value":"{\"_name\":\"BUILTIN_TASK_ENV\",\"_value\":\"\",\"_valueType\":\"string\",\"_hash\":\"fab23d53b4bed861bede91aa55abd54ccbb48f2366122ec79fa9d6a917cab83a\"}"},{"dataType":"ValueEntry","value":"{\"_name\":\"BUILTIN_TASK_TOOLCHAIN\",\"_value\":\"\",\"_valueType\":\"string\",\"_hash\":\"f354d8b3443da1d086e3f8d488045965d1abb7d86e6d7602e63c46d85ae85454\"}"},{"dataType":"ValueEntry","value":"{\"_name\":\"C:\\\\Users\\\\19782\\\\DevEcoStudioProjects\\\\MyApplication\\\\entry\\\\build\\\\default\\\\intermediates\\\\res\\\\default\\\\opt-compression.json\",\"_value\":\"{\\\"context\\\":{\\\"extensionPath\\\":\\\"C:\\\\\\\\Huawei\\\\\\\\DevEcoStudio\\\\\\\\sdk\\\\\\\\default\\\\\\\\hms\\\\\\\\toolchains\\\\\\\\lib\\\\\\\\libimage_transcoder_shared.dll\\\"},\\\"compression\\\":{\\\"media\\\":{\\\"enable\\\":false},\\\"filters\\\":[]}}\",\"_valueType\":\"string\",\"_hash\":\"286734bb787c2a5a1ceb43dd304f2c20e4f7935223d01f722b3e29d12ae392e4\"}"},{"dataType":"ValueEntry","value":"{\"_name\":\"ignoreResourcePattern\",\"_value\":\"\",\"_valueType\":\"string\",\"_hash\":\"fa8a2bf7e8701fa08ecd49defdde15eba74e0f6f1c0edd32f96fec2db98c287d\"}"},{"dataType":"ValueEntry","value":"{\"_name\":\"includeAppScopeRes\",\"_value\":\"\",\"_valueType\":\"string\",\"_hash\":\"3c2a9052be609669b88b444d06b45b9cd9aa9bdbc5c549cf890a3bd37fc58d60\"}"},{"dataType":"ValueEntry","value":"{\"_name\":\"resConfigJsonContent\",\"_value\":\"{\\\"configPath\\\":\\\"C:\\\\\\\\Users\\\\\\\\19782\\\\\\\\DevEcoStudioProjects\\\\\\\\MyApplication\\\\\\\\entry\\\\\\\\build\\\\\\\\default\\\\\\\\intermediates\\\\\\\\process_profile\\\\\\\\default\\\\\\\\module.json\\\",\\\"packageName\\\":\\\"com.example.myapplication\\\",\\\"output\\\":\\\"C:\\\\\\\\Users\\\\\\\\19782\\\\\\\\DevEcoStudioProjects\\\\\\\\MyApplication\\\\\\\\entry\\\\\\\\build\\\\\\\\default\\\\\\\\intermediates\\\\\\\\res\\\\\\\\default\\\",\\\"moduleNames\\\":\\\"entry\\\",\\\"ResourceTable\\\":[\\\"C:\\\\\\\\Users\\\\\\\\19782\\\\\\\\DevEcoStudioProjects\\\\\\\\MyApplication\\\\\\\\entry\\\\\\\\build\\\\\\\\default\\\\\\\\generated\\\\\\\\r\\\\\\\\default\\\\\\\\ResourceTable.h\\\"],\\\"applicationResource\\\":\\\"C:\\\\\\\\Users\\\\\\\\19782\\\\\\\\DevEcoStudioProjects\\\\\\\\MyApplication\\\\\\\\AppScope\\\\\\\\resources\\\",\\\"moduleResources\\\":[\\\"C:\\\\\\\\Users\\\\\\\\19782\\\\\\\\DevEcoStudioProjects\\\\\\\\MyApplication\\\\\\\\entry\\\\\\\\src\\\\\\\\main\\\\\\\\resources\\\"],\\\"dependencies\\\":[],\\\"iconCheck\\\":true,\\\"ids\\\":\\\"C:\\\\\\\\Users\\\\\\\\19782\\\\\\\\DevEcoStudioProjects\\\\\\\\MyApplication\\\\\\\\entry\\\\\\\\build\\\\\\\\default\\\\\\\\intermediates\\\\\\\\res\\\\\\\\default\\\\\\\\ids_map\\\",\\\"definedIds\\\":\\\"C:\\\\\\\\Users\\\\\\\\19782\\\\\\\\DevEcoStudioProjects\\\\\\\\MyApplication\\\\\\\\entry\\\\\\\\build\\\\\\\\default\\\\\\\\intermediates\\\\\\\\res\\\\\\\\default\\\\\\\\ids_map\\\\\\\\id_defined.json\\\",\\\"definedSysIds\\\":\\\"C:\\\\\\\\Huawei\\\\\\\\DevEcoStudio\\\\\\\\sdk\\\\\\\\default\\\\\\\\hms\\\\\\\\toolchains\\\\\\\\id_defined.json\\\"}\",\"_valueType\":\"string\",\"_hash\":\"ddb3a448de7e841630feb869a18a46585440b5d4d938d48bdee61db9caa6b0f7\"}"},{"dataType":"ValueEntry","value":"{\"_name\":\"resource_str\",\"_value\":false,\"_valueType\":\"boolean\",\"_hash\":\"9a11b63a88a050aea92ebf0b9b95f6e60d441fcbadd1c0a4a4e8470f9b9fa1e3\"}"}],"_successful":true,"_projectName":"MyApplication","_moduleName":"entry","_taskName":"default@ProcessResource","_key":":MyApplication:entry:default@ProcessResource","_executionId":":MyApplication:entry:default@ProcessResource:1766809710512","_inputFiles":{"dataType":"Map","value":[]},"_outputFiles":{"dataType":"Map","value":[["C:\\Users\\19782\\DevEcoStudioProjects\\MyApplication\\entry\\build\\default\\intermediates\\res\\default\\resConfig.json",{"isDirectory":false,"fileSnapShotHashValue":"c0e8cb2690e91aba34bb58e5d795405cabb6ba8709a7e88ca3d71e6c7d1160b0"}],["C:\\Users\\19782\\DevEcoStudioProjects\\MyApplication\\entry\\build\\default\\intermediates\\res\\default\\opt-compression.json",{"isDirectory":false,"fileSnapShotHashValue":"113b852e9454f7800f23aec442cbdc756b670e5ecee8cf7ecfa03fc423ad35ce"}]]}},":MyApplication:entry:default@GenerateLoaderJson":{"_inputs":[{"dataType":"ValueEntry","value":"{\"_name\":\"projectRootPath\",\"_value\":\"C:\\\\Users\\\\19782\\\\DevEcoStudioProjects\\\\MyApplication\",\"_valueType\":\"string\"}"},{"dataType":"ValueEntry","value":"{\"_name\":\"modulePathMap\",\"_value\":\"{\\\"entry\\\":\\\"C:\\\\\\\\Users\\\\\\\\19782\\\\\\\\DevEcoStudioProjects\\\\\\\\MyApplication\\\\\\\\entry\\\"}\",\"_valueType\":\"string\"}"},{"dataType":"ValueEntry","value":"{\"_name\":\"module_dependencies\",\"_value\":\"{}\",\"_valueType\":\"string\"}"},{"dataType":"ValueEntry","value":"{\"_name\":\"overrides\",\"_valueType\":\"undefined\"}"},{"dataType":"ValueEntry","value":"{\"_name\":\"project_dependencies\",\"_value\":\"{}\",\"_valueType\":\"string\"}"},{"dataType":"ValueEntry","value":"{\"_name\":\"useNormalizedOHMUrl\",\"_value\":true,\"_valueType\":\"boolean\"}"},{"dataType":"ValueEntry","value":"{\"_name\":\"isOhosTest\",\"_value\":false,\"_valueType\":\"boolean\"}"},{"dataType":"ValueEntry","value":"{\"_name\":\"isFullCompilationEnabled\",\"_value\":true,\"_valueType\":\"boolean\"}"},{"dataType":"ValueEntry","value":"{\"_name\":\"patchConfig\",\"_value\":\"{\\\"changedFileList\\\":\\\"C:\\\\\\\\Users\\\\\\\\19782\\\\\\\\DevEcoStudioProjects\\\\\\\\MyApplication\\\\\\\\entry\\\\\\\\build\\\\\\\\default\\\\\\\\intermediates\\\\\\\\patch\\\\\\\\default\\\\\\\\changedFileList.json\\\"}\",\"_valueType\":\"string\"}"},{"dataType":"ValueEntry","value":"{\"_name\":\"appStartupFileName\",\"_value\":\"\",\"_valueType\":\"string\"}"},{"dataType":"ValueEntry","value":"{\"_name\":\"compileMode\",\"_value\":\"esmodule\",\"_valueType\":\"string\"}"},{"dataType":"ValueEntry","value":"{\"_name\":\"nodeModulesPath\",\"_value\":\"C:\\\\Users\\\\19782\\\\DevEcoStudioProjects\\\\MyApplication\\\\entry\\\\build\\\\default\\\\intermediates\\\\loader_out\\\\default\\\\node_modules\",\"_valueType\":\"string\"}"},{"dataType":"ValueEntry","value":"{\"_name\":\"targetConfig\",\"_value\":\"{\\\"name\\\":\\\"default\\\"}\",\"_valueType\":\"string\"}"},{"dataType":"ValueEntry","value":"{\"_name\":\"hspNameOhmMap\",\"_value\":\"{}\",\"_valueType\":\"string\"}"},{"dataType":"ValueEntry","value":"{\"_name\":\"harNameOhmMap\",\"_value\":\"{}\",\"_valueType\":\"string\"}"},{"dataType":"ValueEntry","value":"{\"_name\":\"anBuildMode\",\"_value\":\"type\",\"_valueType\":\"string\"}"},{"dataType":"ValueEntry","value":"{\"_name\":\"apPath\",\"_value\":\"C:\\\\Users\\\\19782\\\\DevEcoStudioProjects\\\\MyApplication\\\\entry\\\\modules.ap\",\"_valueType\":\"string\"}"},{"dataType":"ValueEntry","value":"{\"_name\":\"fallbackAnBuild\",\"_value\":false,\"_valueType\":\"boolean\"}"},{"dataType":"ValueEntry","value":"{\"_name\":\"isHarWithCoverage\",\"_value\":false,\"_valueType\":\"boolean\"}"},{"dataType":"ValueEntry","value":"{\"_name\":\"compileApiVersion\",\"_value\":21,\"_valueType\":\"number\"}"},{"dataType":"ValueEntry","value":"{\"_name\":\"compatibleApiVersion\",\"_value\":21,\"_valueType\":\"number\"}"},{"dataType":"ValueEntry","value":"{\"_name\":\"isByteCodeHar\",\"_value\":false,\"_valueType\":\"boolean\"}"},{"dataType":"ValueEntry","value":"{\"_name\":\"shouldTreatHarAsHap\",\"_value\":false,\"_valueType\":\"boolean\"}"},{"dataType":"ValueEntry","value":"{\"_name\":\"isBundledDependencies\",\"_value\":false,\"_valueType\":\"boolean\"}"},{"dataType":"ValueEntry","value":"{\"_name\":\"needSubmitArkTsWidget\",\"_value\":false,\"_valueType\":\"boolean\"}"},{"dataType":"ValueEntry","value":"{\"_name\":\"isByteCodeHarOptimize\",\"_value\":false,\"_valueType\":\"boolean\"}"},{"dataType":"ValueEntry","value":"{\"_name\":\"BUILTIN_TASK_COMMAND\",\"_value\":\"\",\"_valueType\":\"string\"}"},{"dataType":"ValueEntry","value":"{\"_name\":\"BUILTIN_TASK_TOOLCHAIN\",\"_value\":\"\",\"_valueType\":\"string\"}"},{"dataType":"ValueEntry","value":"{\"_name\":\"BUILTIN_TASK_ENV\",\"_value\":\"\",\"_valueType\":\"string\"}"}],"_successful":true,"_projectName":"MyApplication","_moduleName":"entry","_taskName":"default@GenerateLoaderJson","_key":":MyApplication:entry:default@GenerateLoaderJson","_executionId":":MyApplication:entry:default@GenerateLoaderJson:1767162015615","_inputFiles":{"dataType":"Map","value":[["C:\\Users\\19782\\DevEcoStudioProjects\\MyApplication\\entry\\src\\mock\\mock-config.json5",{"fileSnapShotHashValue":"7d694e3509eabdf88d19c33a0a7a1032fe4f24a422cb88de622757e79bad260c"}],["C:\\Users\\19782\\DevEcoStudioProjects\\MyApplication\\entry\\build\\default\\intermediates\\loader\\default\\pkgContextInfo.json",{"fileSnapShotHashValue":"6b85b85a56af8737646cafd031e82a4b24b68eab4a2b8dcf2ac32f3fdf982f2f"}],["C:\\Users\\19782\\DevEcoStudioProjects\\MyApplication\\entry\\build\\default\\intermediates\\router_map\\default\\temp-router-map.json",{"fileSnapShotHashValue":"6a14b5c2bebc9a63cdd82327b0528e7c3b47f5b40e5f3112bff5577f7cb6a307"}]]},"_outputFiles":{"dataType":"Map","value":[["C:\\Users\\19782\\DevEcoStudioProjects\\MyApplication\\entry\\build\\default\\intermediates\\loader\\default\\loader.json",{"isDirectory":false,"fileSnapShotHashValue":"909bf6895b9cc30edd0948162749146ec209cd6f437d45a867aa71a3f831dd8a"}]]}},":MyApplication:entry:default@ProcessLibs":{"_inputs":[{"dataType":"ValueEntry","value":"{\"_name\":\"BUILTIN_TASK_COMMAND\",\"_value\":\"\",\"_valueType\":\"string\",\"_hash\":\"6c1049eece256c5ecd9a72bb60d260f5eaa0c767e9261531c19a2711a4384caa\"}"},{"dataType":"ValueEntry","value":"{\"_name\":\"BUILTIN_TASK_ENV\",\"_value\":\"\",\"_valueType\":\"string\",\"_hash\":\"fab23d53b4bed861bede91aa55abd54ccbb48f2366122ec79fa9d6a917cab83a\"}"},{"dataType":"ValueEntry","value":"{\"_name\":\"BUILTIN_TASK_TOOLCHAIN\",\"_value\":\"\",\"_valueType\":\"string\",\"_hash\":\"f354d8b3443da1d086e3f8d488045965d1abb7d86e6d7602e63c46d85ae85454\"}"},{"dataType":"ValueEntry","value":"{\"_name\":\"excludeFromHar\",\"_value\":true,\"_valueType\":\"boolean\",\"_hash\":\"6df8c70e1286b558ff469defa1217f7ab51015a20dce3ca94cf8685c9537866d\"}"},{"dataType":"ValueEntry","value":"{\"_name\":\"isBundledDependencies\",\"_value\":false,\"_valueType\":\"boolean\",\"_hash\":\"2a22b42a8504b32b68a8cc4173a9e266e6540a9372bf6553176105f698c20dc2\"}"},{"dataType":"ValueEntry","value":"{\"_name\":\"isByteCodeHar\",\"_value\":false,\"_valueType\":\"boolean\",\"_hash\":\"31aa2831dc8ab7d38bfe1091d4eb58c38ef100d622c96497f4e1c6e12552058f\"}"}],"_successful":true,"_projectName":"MyApplication","_moduleName":"entry","_taskName":"default@ProcessLibs","_key":":MyApplication:entry:default@ProcessLibs","_executionId":":MyApplication:entry:default@ProcessLibs:1766809710537","_inputFiles":{"dataType":"Map","value":[["C:\\Users\\19782\\DevEcoStudioProjects\\MyApplication\\build-profile.json5",{"fileSnapShotHashValue":"0481576b472af20db25e8e11b04c1beae7c75473db67c8c06dd6881021c2d172"}],["C:\\Users\\19782\\DevEcoStudioProjects\\MyApplication\\entry\\build-profile.json5",{"fileSnapShotHashValue":"546f7fbed9facace50bbbc32bb242b548fc6ea3f74294887001c46cdcb5455d3"}]]},"_outputFiles":{"dataType":"Map","value":[["C:\\Users\\19782\\DevEcoStudioProjects\\MyApplication\\entry\\build\\default\\intermediates\\libs\\default",{"isDirectory":true,"fileSnapShotHashValue":""}]]}},":MyApplication:entry:default@CompileResource":{"_inputs":[{"dataType":"ValueEntry","value":"{\"_name\":\"TARGET_CONFIG\",\"_value\":\"{\\\"name\\\":\\\"default\\\"}\",\"_valueType\":\"string\"}"},{"dataType":"ValueEntry","value":"{\"_name\":\"useNormalizedOHMUrl\",\"_value\":true,\"_valueType\":\"boolean\"}"},{"dataType":"ValueEntry","value":"{\"_name\":\"BUILTIN_TASK_COMMAND\",\"_value\":\"C:\\\\Huawei\\\\DevEcoStudio\\\\sdk\\\\default\\\\openharmony\\\\toolchains\\\\restool.exe,-l,C:\\\\Users\\\\19782\\\\DevEcoStudioProjects\\\\MyApplication\\\\entry\\\\build\\\\default\\\\intermediates\\\\res\\\\default\\\\resConfig.json\",\"_valueType\":\"string\"}"},{"dataType":"ValueEntry","value":"{\"_name\":\"BUILTIN_TASK_TOOLCHAIN\",\"_value\":\"C:\\\\Huawei\\\\DevEcoStudio\\\\sdk\\\\default\\\\openharmony\\\\toolchains\\\\restool.exe\",\"_valueType\":\"string\"}"},{"dataType":"ValueEntry","value":"{\"_name\":\"BUILTIN_TASK_ENV\",\"_value\":\"\",\"_valueType\":\"string\"}"}],"_successful":true,"_projectName":"MyApplication","_moduleName":"entry","_taskName":"default@CompileResource","_key":":MyApplication:entry:default@CompileResource","_executionId":":MyApplication:entry:default@CompileResource:1767162015641","_inputFiles":{"dataType":"Map","value":[["C:\\Users\\19782\\DevEcoStudioProjects\\MyApplication\\entry\\src\\main\\resources",{"fileSnapShotHashValue":"ec0147038918c6e3e9bec7fd53869d4bcbb15c14f2ca94be1339b3f292447acb"}],["C:\\Users\\19782\\DevEcoStudioProjects\\MyApplication\\AppScope\\resources",{"fileSnapShotHashValue":"bf53eff4f7c5896a21202bf7245b347523d292c1a30dd079afca3f16f3f3fe56"}],["C:\\Users\\19782\\DevEcoStudioProjects\\MyApplication\\entry\\build\\default\\intermediates\\process_profile\\default\\module.json",{"isDirectory":false,"fileSnapShotHashValue":"e3f2bc031bdf673c2cd8f374ce145ed350f0265e7526c137b980177691aee63e"}],["C:\\Users\\19782\\DevEcoStudioProjects\\MyApplication\\entry\\build\\default\\intermediates\\res\\default\\resConfig.json",{"isDirectory":false,"fileSnapShotHashValue":"c0e8cb2690e91aba34bb58e5d795405cabb6ba8709a7e88ca3d71e6c7d1160b0"}]]},"_outputFiles":{"dataType":"Map","value":[["C:\\Users\\19782\\DevEcoStudioProjects\\MyApplication\\entry\\build\\default\\intermediates\\res\\default",{"isDirectory":true,"fileSnapShotHashValue":"94273df766b758f0c81b822cd76fe802fce37a17741cd4294a505f25fb4b588c"}],["C:\\Users\\19782\\DevEcoStudioProjects\\MyApplication\\entry\\build\\default\\generated\\r\\default\\ResourceTable.h",{"isDirectory":false,"fileSnapShotHashValue":"1edd025294a65905851ba483e5e12375b7844dba34db6d66647c66f2435bfab7"}],["C:\\Users\\19782\\DevEcoStudioProjects\\MyApplication\\entry\\build\\default\\generated\\r\\default",{"isDirectory":true,"fileSnapShotHashValue":"f7d43a1e0c27d2cfd7ee19516c1e832d0ccf8d23effb707a4f7fa1dfe61e6f8c"}]]}},":MyApplication:entry:default@DoNativeStrip":{"_inputs":[{"dataType":"ValueEntry","value":"{\"_name\":\"BUILTIN_TASK_COMMAND\",\"_value\":\"\",\"_valueType\":\"string\",\"_hash\":\"6c1049eece256c5ecd9a72bb60d260f5eaa0c767e9261531c19a2711a4384caa\"}"},{"dataType":"ValueEntry","value":"{\"_name\":\"BUILTIN_TASK_ENV\",\"_value\":\"\",\"_valueType\":\"string\",\"_hash\":\"fab23d53b4bed861bede91aa55abd54ccbb48f2366122ec79fa9d6a917cab83a\"}"},{"dataType":"ValueEntry","value":"{\"_name\":\"BUILTIN_TASK_TOOLCHAIN\",\"_value\":\"\",\"_valueType\":\"string\",\"_hash\":\"f354d8b3443da1d086e3f8d488045965d1abb7d86e6d7602e63c46d85ae85454\"}"},{"dataType":"ValueEntry","value":"{\"_name\":\"debugSymbol\",\"_value\":\"\",\"_valueType\":\"string\",\"_hash\":\"1082dd5e6f56bef4530b1600ccdfc7599cf6cc8a5c6d5087d1cab1f405df3d2f\"}"}],"_successful":true,"_projectName":"MyApplication","_moduleName":"entry","_taskName":"default@DoNativeStrip","_key":":MyApplication:entry:default@DoNativeStrip","_executionId":":MyApplication:entry:default@DoNativeStrip:1766809711699","_inputFiles":{"dataType":"Map","value":[["C:\\Users\\19782\\DevEcoStudioProjects\\MyApplication\\entry\\build\\default\\intermediates\\libs\\default",{"isDirectory":true,"fileSnapShotHashValue":""}]]},"_outputFiles":{"dataType":"Map","value":[["C:\\Users\\19782\\DevEcoStudioProjects\\MyApplication\\entry\\build\\default\\intermediates\\stripped_native_libs\\default",{"isDirectory":true,"fileSnapShotHashValue":""}]]}},":MyApplication:entry:default@CompileArkTS":{"_inputs":[{"dataType":"ValueEntry","value":"{\"_name\":\"debuggable\",\"_value\":true,\"_valueType\":\"boolean\"}"},{"dataType":"ValueEntry","value":"{\"_name\":\"isArk\",\"_value\":true,\"_valueType\":\"boolean\"}"},{"dataType":"ValueEntry","value":"{\"_name\":\"needCoverageInsert\",\"_value\":false,\"_valueType\":\"boolean\"}"},{"dataType":"ValueEntry","value":"{\"_name\":\"ark.tsImportSendable\",\"_value\":false,\"_valueType\":\"boolean\"}"},{"dataType":"ValueEntry","value":"{\"_name\":\"customTypes\",\"_value\":[],\"_valueType\":\"object\"}"},{"dataType":"ValueEntry","value":"{\"_name\":\"isByteCodeHarOptimize\",\"_value\":false,\"_valueType\":\"boolean\"}"},{"dataType":"ValueEntry","value":"{\"_name\":\"caseSensitiveCheck\",\"_value\":true,\"_valueType\":\"boolean\"}"},{"dataType":"ValueEntry","value":"{\"_name\":\"useNormalizedOHMUrl\",\"_value\":true,\"_valueType\":\"boolean\"}"},{"dataType":"ValueEntry","value":"{\"_name\":\"transformLib\",\"_value\":\"\",\"_valueType\":\"string\"}"},{"dataType":"ValueEntry","value":"{\"_name\":\"compatibleSdkVersionStage\",\"_value\":\"\",\"_valueType\":\"string\"}"},{"dataType":"ValueEntry","value":"{\"_name\":\"skipOhModulesLint\",\"_value\":false,\"_valueType\":\"boolean\"}"},{"dataType":"ValueEntry","value":"{\"_name\":\"autoLazyImport\",\"_value\":false,\"_valueType\":\"boolean\"}"},{"dataType":"ValueEntry","value":"{\"_name\":\"allowEmptyBundleName\",\"_value\":false,\"_valueType\":\"boolean\"}"},{"dataType":"ValueEntry","value":"{\"_name\":\"reExportCheckMode\",\"_value\":\"noCheck\",\"_valueType\":\"string\"}"},{"dataType":"ValueEntry","value":"{\"_name\":\"executionMode\",\"_value\":\"memory\",\"_valueType\":\"string\"}"},{"dataType":"ValueEntry","value":"{\"_name\":\"usePathPlaceholder\",\"_value\":false,\"_valueType\":\"boolean\"}"},{"dataType":"ValueEntry","value":"{\"_name\":\"writeRollupCache\",\"_value\":true,\"_valueType\":\"boolean\"}"},{"dataType":"ValueEntry","value":"{\"_name\":\"isExpandImportEnabled\",\"_value\":false,\"_valueType\":\"boolean\"}"},{"dataType":"ValueEntry","value":"{\"_name\":\"expandImportExclude\",\"_value\":\"\",\"_valueType\":\"string\"}"},{"dataType":"ValueEntry","value":"{\"_name\":\"lazyImportExclude\",\"_value\":\"\",\"_valueType\":\"string\"}"},{"dataType":"ValueEntry","value":"{\"_name\":\"lazyImportInclude\",\"_value\":\"\",\"_valueType\":\"string\"}"},{"dataType":"ValueEntry","value":"{\"_name\":\"ignoreCrossplatformCheck\",\"_value\":false,\"_valueType\":\"boolean\"}"},{"dataType":"ValueEntry","value":"{\"_name\":\"isHarDeduplicateEnabled\",\"_value\":false,\"_valueType\":\"boolean\"}"},{"dataType":"ValueEntry","value":"{\"_name\":\"enableStrictCheckOHModule\",\"_value\":false,\"_valueType\":\"boolean\"}"},{"dataType":"ValueEntry","value":"{\"_name\":\"useDeclarationFileSignature\",\"_value\":false,\"_valueType\":\"boolean\"}"},{"dataType":"ValueEntry","value":"{\"_name\":\"isPreloadSoEnabled\",\"_value\":false,\"_valueType\":\"boolean\"}"},{"dataType":"ValueEntry","value":"{\"_name\":\"arkTsWdiget\",\"_value\":false,\"_valueType\":\"boolean\"}"},{"dataType":"ValueEntry","value":"{\"_name\":\"OBFUSCATION_ENABLE\",\"_value\":\"undefined\",\"_valueType\":\"string\"}"},{"dataType":"ValueEntry","value":"{\"_name\":\"OBFUSCATION_FILES_HASH\",\"_value\":\"\",\"_valueType\":\"string\"}"},{"dataType":"ValueEntry","value":"{\"_name\":\"maxFlowDepth\",\"_value\":\"undefined\",\"_valueType\":\"string\"}"},{"dataType":"ValueEntry","value":"{\"_name\":\"noExternalImportByPath\",\"_value\":true,\"_valueType\":\"boolean\"}"},{"dataType":"ValueEntry","value":"{\"_name\":\"copyCodeResourceEnable\",\"_value\":false,\"_valueType\":\"boolean\"}"},{"dataType":"ValueEntry","value":"{\"_name\":\"ohos.uiTransform.Optimization\",\"_value\":false,\"_valueType\":\"boolean\"}"},{"dataType":"ValueEntry","value":"{\"_name\":\"ohos.rollupCache.useSourceHash\",\"_value\":false,\"_valueType\":\"boolean\"}"},{"dataType":"ValueEntry","value":"{\"_name\":\"localModuleParamMap\",\"_value\":\"{}\",\"_valueType\":\"string\"}"},{"dataType":"ValueEntry","value":"{\"_name\":\"autoLazyFilter\",\"_value\":\"\",\"_valueType\":\"string\"}"},{"dataType":"ValueEntry","value":"{\"_name\":\"BUILTIN_TASK_COMMAND\",\"_value\":\"\",\"_valueType\":\"string\"}"},{"dataType":"ValueEntry","value":"{\"_name\":\"BUILTIN_TASK_TOOLCHAIN\",\"_value\":\"\",\"_valueType\":\"string\"}"},{"dataType":"ValueEntry","value":"{\"_name\":\"BUILTIN_TASK_ENV\",\"_value\":\"\",\"_valueType\":\"string\"}"}],"_successful":true,"_projectName":"MyApplication","_moduleName":"entry","_taskName":"default@CompileArkTS","_key":":MyApplication:entry:default@CompileArkTS","_executionId":":MyApplication:entry:default@CompileArkTS:1767162016424","_inputFiles":{"dataType":"Map","value":[["C:\\Users\\19782\\DevEcoStudioProjects\\MyApplication\\entry\\build\\default\\intermediates\\loader\\default",{"isDirectory":true,"fileSnapShotHashValue":"bde20d9137a5cf8f77583934d578b316247763ad773121adab8a58435576a38e"}],["C:\\Users\\19782\\DevEcoStudioProjects\\MyApplication\\entry\\build\\default\\intermediates\\res\\default\\resources\\rawfile",{"isDirectory":true,"fileSnapShotHashValue":"de1309bf38b308b70173ab6d60278e78e9656e8357267f8b35b01a69067e4177"}],["C:\\Users\\19782\\DevEcoStudioProjects\\MyApplication\\entry\\build\\default\\intermediates\\res\\default\\ResourceTable.txt",{"fileSnapShotHashValue":"b1b7263851d13547b956b53e5d76c842135edc4500e8fd77331dd1c3bfcf8ee5"}],["C:\\Users\\19782\\DevEcoStudioProjects\\MyApplication\\entry\\build\\default\\intermediates\\res\\default\\ark_module.json",{"fileSnapShotHashValue":"eedacd757610650d5b50c69aee2ff166777e52ab629e06d18f5bf785f054c8db"}],["C:\\Users\\19782\\DevEcoStudioProjects\\MyApplication\\entry\\build\\default\\intermediates\\res\\default\\resources\\base\\profile",{"isDirectory":true,"fileSnapShotHashValue":"2e7cb3272e02e8dc7df7f28bf094e3779c007d403a6ecd4a4526488b6211854d"}],["C:\\Users\\19782\\DevEcoStudioProjects\\MyApplication\\entry\\src\\main\\ets",{"isDirectory":true,"fileSnapShotHashValue":"bc97b293c5cf7f66805fe3a0d31423e425272168e86e3880b045b1cf36d5a51f"}],["C:\\Users\\19782\\DevEcoStudioProjects\\MyApplication\\entry\\build\\default\\intermediates\\loader\\default\\pkgContextInfo.json",{"fileSnapShotHashValue":"6b85b85a56af8737646cafd031e82a4b24b68eab4a2b8dcf2ac32f3fdf982f2f"}],["C:\\Users\\19782\\DevEcoStudioProjects\\MyApplication\\entry\\build\\default\\generated\\profile\\default\\BuildProfile.ets",{"fileSnapShotHashValue":"958fbe64c6da7d3628d128a153755fea92f8f64ee949a6c0ca692dd105de36b4"}],["C:\\Users\\19782\\DevEcoStudioProjects\\MyApplication\\entry\\src\\mock\\mock-config.json5",{"isDirectory":false,"fileSnapShotHashValue":"7d694e3509eabdf88d19c33a0a7a1032fe4f24a422cb88de622757e79bad260c"}]]},"_outputFiles":{"dataType":"Map","value":[["C:\\Users\\19782\\DevEcoStudioProjects\\MyApplication\\entry\\build\\default\\intermediates\\loader_out\\default\\ets",{"isDirectory":true,"fileSnapShotHashValue":"d8c702a4696736d05cbc25c71478844724dfe871127e6dac2d71a2107e32615b"}]]}},":MyApplication:entry:default@BuildJS":{"_inputs":[{"dataType":"ValueEntry","value":"{\"_name\":\"debuggable\",\"_value\":true,\"_valueType\":\"boolean\"}"},{"dataType":"ValueEntry","value":"{\"_name\":\"isArk\",\"_value\":true,\"_valueType\":\"boolean\"}"},{"dataType":"ValueEntry","value":"{\"_name\":\"needCoverageInsert\",\"_value\":false,\"_valueType\":\"boolean\"}"},{"dataType":"ValueEntry","value":"{\"_name\":\"ark.tsImportSendable\",\"_value\":false,\"_valueType\":\"boolean\"}"},{"dataType":"ValueEntry","value":"{\"_name\":\"customTypes\",\"_value\":[],\"_valueType\":\"object\"}"},{"dataType":"ValueEntry","value":"{\"_name\":\"isByteCodeHarOptimize\",\"_value\":false,\"_valueType\":\"boolean\"}"},{"dataType":"ValueEntry","value":"{\"_name\":\"caseSensitiveCheck\",\"_value\":true,\"_valueType\":\"boolean\"}"},{"dataType":"ValueEntry","value":"{\"_name\":\"useNormalizedOHMUrl\",\"_value\":true,\"_valueType\":\"boolean\"}"},{"dataType":"ValueEntry","value":"{\"_name\":\"transformLib\",\"_value\":\"\",\"_valueType\":\"string\"}"},{"dataType":"ValueEntry","value":"{\"_name\":\"compatibleSdkVersionStage\",\"_value\":\"\",\"_valueType\":\"string\"}"},{"dataType":"ValueEntry","value":"{\"_name\":\"skipOhModulesLint\",\"_value\":false,\"_valueType\":\"boolean\"}"},{"dataType":"ValueEntry","value":"{\"_name\":\"autoLazyImport\",\"_value\":false,\"_valueType\":\"boolean\"}"},{"dataType":"ValueEntry","value":"{\"_name\":\"allowEmptyBundleName\",\"_value\":false,\"_valueType\":\"boolean\"}"},{"dataType":"ValueEntry","value":"{\"_name\":\"reExportCheckMode\",\"_value\":\"noCheck\",\"_valueType\":\"string\"}"},{"dataType":"ValueEntry","value":"{\"_name\":\"executionMode\",\"_value\":\"memory\",\"_valueType\":\"string\"}"},{"dataType":"ValueEntry","value":"{\"_name\":\"usePathPlaceholder\",\"_value\":false,\"_valueType\":\"boolean\"}"},{"dataType":"ValueEntry","value":"{\"_name\":\"writeRollupCache\",\"_value\":true,\"_valueType\":\"boolean\"}"},{"dataType":"ValueEntry","value":"{\"_name\":\"isExpandImportEnabled\",\"_value\":false,\"_valueType\":\"boolean\"}"},{"dataType":"ValueEntry","value":"{\"_name\":\"expandImportExclude\",\"_value\":\"\",\"_valueType\":\"string\"}"},{"dataType":"ValueEntry","value":"{\"_name\":\"lazyImportExclude\",\"_value\":\"\",\"_valueType\":\"string\"}"},{"dataType":"ValueEntry","value":"{\"_name\":\"lazyImportInclude\",\"_value\":\"\",\"_valueType\":\"string\"}"},{"dataType":"ValueEntry","value":"{\"_name\":\"ignoreCrossplatformCheck\",\"_value\":false,\"_valueType\":\"boolean\"}"},{"dataType":"ValueEntry","value":"{\"_name\":\"isHarDeduplicateEnabled\",\"_value\":false,\"_valueType\":\"boolean\"}"},{"dataType":"ValueEntry","value":"{\"_name\":\"enableStrictCheckOHModule\",\"_value\":false,\"_valueType\":\"boolean\"}"},{"dataType":"ValueEntry","value":"{\"_name\":\"useDeclarationFileSignature\",\"_value\":false,\"_valueType\":\"boolean\"}"},{"dataType":"ValueEntry","value":"{\"_name\":\"autoLazyFilter\",\"_value\":\"\",\"_valueType\":\"string\"}"},{"dataType":"ValueEntry","value":"{\"_name\":\"BUILTIN_TASK_COMMAND\",\"_value\":\"\",\"_valueType\":\"string\"}"},{"dataType":"ValueEntry","value":"{\"_name\":\"BUILTIN_TASK_TOOLCHAIN\",\"_value\":\"\",\"_valueType\":\"string\"}"},{"dataType":"ValueEntry","value":"{\"_name\":\"BUILTIN_TASK_ENV\",\"_value\":\"\",\"_valueType\":\"string\"}"}],"_successful":false,"_projectName":"MyApplication","_moduleName":"entry","_taskName":"default@BuildJS","_key":":MyApplication:entry:default@BuildJS","_executionId":":MyApplication:entry:default@BuildJS:1767162016464","_inputFiles":{"dataType":"Map","value":[["C:\\Users\\19782\\DevEcoStudioProjects\\MyApplication\\entry\\build\\default\\intermediates\\loader\\default",{"isDirectory":true,"fileSnapShotHashValue":"bde20d9137a5cf8f77583934d578b316247763ad773121adab8a58435576a38e"}],["C:\\Users\\19782\\DevEcoStudioProjects\\MyApplication\\entry\\build\\default\\intermediates\\res\\default\\resources\\rawfile",{"isDirectory":true,"fileSnapShotHashValue":"de1309bf38b308b70173ab6d60278e78e9656e8357267f8b35b01a69067e4177"}],["C:\\Users\\19782\\DevEcoStudioProjects\\MyApplication\\entry\\build\\default\\intermediates\\res\\default\\ResourceTable.txt",{"fileSnapShotHashValue":"b1b7263851d13547b956b53e5d76c842135edc4500e8fd77331dd1c3bfcf8ee5"}],["C:\\Users\\19782\\DevEcoStudioProjects\\MyApplication\\entry\\build\\default\\intermediates\\res\\default\\ark_module.json",{"fileSnapShotHashValue":"eedacd757610650d5b50c69aee2ff166777e52ab629e06d18f5bf785f054c8db"}],["C:\\Users\\19782\\DevEcoStudioProjects\\MyApplication\\entry\\build\\default\\intermediates\\res\\default\\resources\\base\\profile",{"isDirectory":true,"fileSnapShotHashValue":"2e7cb3272e02e8dc7df7f28bf094e3779c007d403a6ecd4a4526488b6211854d"}],["C:\\Users\\19782\\DevEcoStudioProjects\\MyApplication\\entry\\build\\default\\intermediates\\loader\\default\\pkgContextInfo.json",{"fileSnapShotHashValue":"6b85b85a56af8737646cafd031e82a4b24b68eab4a2b8dcf2ac32f3fdf982f2f"}]]},"_outputFiles":{"dataType":"Map","value":[["C:\\Users\\19782\\DevEcoStudioProjects\\MyApplication\\entry\\build\\default\\intermediates\\loader_out\\default\\js",{"isDirectory":true,"fileSnapShotHashValue":""}]]}},":MyApplication:entry:default@CacheNativeLibs":{"_inputs":[{"dataType":"ValueEntry","value":"{\"_name\":\"BUILTIN_TASK_COMMAND\",\"_value\":\"\",\"_valueType\":\"string\",\"_hash\":\"6c1049eece256c5ecd9a72bb60d260f5eaa0c767e9261531c19a2711a4384caa\"}"},{"dataType":"ValueEntry","value":"{\"_name\":\"BUILTIN_TASK_ENV\",\"_value\":\"\",\"_valueType\":\"string\",\"_hash\":\"fab23d53b4bed861bede91aa55abd54ccbb48f2366122ec79fa9d6a917cab83a\"}"},{"dataType":"ValueEntry","value":"{\"_name\":\"BUILTIN_TASK_TOOLCHAIN\",\"_value\":\"\",\"_valueType\":\"string\",\"_hash\":\"f354d8b3443da1d086e3f8d488045965d1abb7d86e6d7602e63c46d85ae85454\"}"},{"dataType":"ValueEntry","value":"{\"_name\":\"debugSymbol\",\"_value\":\"\",\"_valueType\":\"string\",\"_hash\":\"1082dd5e6f56bef4530b1600ccdfc7599cf6cc8a5c6d5087d1cab1f405df3d2f\"}"}],"_successful":true,"_projectName":"MyApplication","_moduleName":"entry","_taskName":"default@CacheNativeLibs","_key":":MyApplication:entry:default@CacheNativeLibs","_executionId":":MyApplication:entry:default@CacheNativeLibs:1766809711800","_inputFiles":{"dataType":"Map","value":[["C:\\Users\\19782\\DevEcoStudioProjects\\MyApplication\\entry\\build\\default\\intermediates\\stripped_native_libs\\default",{"isDirectory":true,"fileSnapShotHashValue":""}],["C:\\Users\\19782\\DevEcoStudioProjects\\MyApplication\\entry\\build\\default\\intermediates\\libs\\default",{"isDirectory":true,"fileSnapShotHashValue":""}]]},"_outputFiles":{"dataType":"Map","value":[["C:\\Users\\19782\\DevEcoStudioProjects\\MyApplication\\entry\\build\\default\\intermediates\\patch\\default\\base_native_libs.json",{"isDirectory":false,"fileSnapShotHashValue":"31002075c902961c6d9e4f6cd3d20a2d052ce89e155210c713fa145161f5166c"}]]}},":MyApplication:entry:default@GeneratePkgModuleJson":{"_inputs":[{"dataType":"ValueEntry","value":"{\"_name\":\"BUILTIN_TASK_COMMAND\",\"_value\":\"\",\"_valueType\":\"string\"}"},{"dataType":"ValueEntry","value":"{\"_name\":\"BUILTIN_TASK_TOOLCHAIN\",\"_value\":\"\",\"_valueType\":\"string\"}"},{"dataType":"ValueEntry","value":"{\"_name\":\"BUILTIN_TASK_ENV\",\"_value\":\"\",\"_valueType\":\"string\"}"}],"_successful":true,"_projectName":"MyApplication","_moduleName":"entry","_taskName":"default@GeneratePkgModuleJson","_key":":MyApplication:entry:default@GeneratePkgModuleJson","_executionId":":MyApplication:entry:default@GeneratePkgModuleJson:1767162024438","_inputFiles":{"dataType":"Map","value":[["C:\\Users\\19782\\DevEcoStudioProjects\\MyApplication\\entry\\build\\default\\intermediates\\res\\default\\module.json",{"fileSnapShotHashValue":"d4bba0f011b12ee1a8709e31771ecaf50e9deefc6d1cf2d65c1c2cf6feb1f07f"}]]},"_outputFiles":{"dataType":"Map","value":[["C:\\Users\\19782\\DevEcoStudioProjects\\MyApplication\\entry\\build\\default\\intermediates\\package\\default\\module.json",{"fileSnapShotHashValue":"c938a0f4e0c0ec976dd54c2c1efbaa248f851fea973769d25f00329d797aa40d"}]]}},":MyApplication:entry:default@ProcessCompiledResources":{"_inputs":[{"dataType":"ValueEntry","value":"{\"_name\":\"resourcePath\",\"_value\":\"C:\\\\Users\\\\19782\\\\DevEcoStudioProjects\\\\MyApplication\\\\entry\\\\build\\\\default\\\\intermediates\\\\res\\\\default\\\\resources\",\"_valueType\":\"string\"}"},{"dataType":"ValueEntry","value":"{\"_name\":\"BUILTIN_TASK_COMMAND\",\"_value\":\"\",\"_valueType\":\"string\"}"},{"dataType":"ValueEntry","value":"{\"_name\":\"BUILTIN_TASK_TOOLCHAIN\",\"_value\":\"\",\"_valueType\":\"string\"}"},{"dataType":"ValueEntry","value":"{\"_name\":\"BUILTIN_TASK_ENV\",\"_value\":\"\",\"_valueType\":\"string\"}"}],"_successful":false,"_projectName":"MyApplication","_moduleName":"entry","_taskName":"default@ProcessCompiledResources","_key":":MyApplication:entry:default@ProcessCompiledResources","_executionId":":MyApplication:entry:default@ProcessCompiledResources:1767162024442","_inputFiles":{"dataType":"Map","value":[]},"_outputFiles":{"dataType":"Map","value":[]}},":MyApplication:entry:default@PackageHap":{"_inputs":[{"dataType":"ValueEntry","value":"{\"_name\":\"hotReload\",\"_value\":false,\"_valueType\":\"boolean\"}"},{"dataType":"ValueEntry","value":"{\"_name\":\"integrated_hsp\",\"_value\":false,\"_valueType\":\"boolean\"}"},{"dataType":"ValueEntry","value":"{\"_name\":\"projectConfigAppOpt\",\"_valueType\":\"undefined\"}"},{"dataType":"ValueEntry","value":"{\"_name\":\"sourceMapDir\",\"_value\":\"\",\"_valueType\":\"string\"}"},{"dataType":"ValueEntry","value":"{\"_name\":\"bundleType\",\"_value\":\"app\",\"_valueType\":\"string\"}"},{"dataType":"ValueEntry","value":"{\"_name\":\"BUILTIN_TASK_COMMAND\",\"_value\":\"java,-Dfile.encoding=GBK,-jar,C:\\\\Huawei\\\\DevEcoStudio\\\\sdk\\\\default\\\\openharmony\\\\toolchains\\\\lib\\\\app_packing_tool.jar,--mode,hap,--force,true,--lib-path,C:\\\\Users\\\\19782\\\\DevEcoStudioProjects\\\\MyApplication\\\\entry\\\\build\\\\default\\\\intermediates\\\\stripped_native_libs\\\\default,--json-path,C:\\\\Users\\\\19782\\\\DevEcoStudioProjects\\\\MyApplication\\\\entry\\\\build\\\\default\\\\intermediates\\\\package\\\\default\\\\module.json,--resources-path,C:\\\\Users\\\\19782\\\\DevEcoStudioProjects\\\\MyApplication\\\\entry\\\\build\\\\default\\\\intermediates\\\\res\\\\default\\\\resources,--index-path,C:\\\\Users\\\\19782\\\\DevEcoStudioProjects\\\\MyApplication\\\\entry\\\\build\\\\default\\\\intermediates\\\\res\\\\default\\\\resources.index,--pack-info-path,C:\\\\Users\\\\19782\\\\DevEcoStudioProjects\\\\MyApplication\\\\entry\\\\build\\\\default\\\\outputs\\\\default\\\\pack.info,--out-path,C:\\\\Users\\\\19782\\\\DevEcoStudioProjects\\\\MyApplication\\\\entry\\\\build\\\\default\\\\outputs\\\\default\\\\entry-default-unsigned.hap,--ets-path,C:\\\\Users\\\\19782\\\\DevEcoStudioProjects\\\\MyApplication\\\\entry\\\\build\\\\default\\\\intermediates\\\\loader_out\\\\default\\\\ets,--pkg-context-path,C:\\\\Users\\\\19782\\\\DevEcoStudioProjects\\\\MyApplication\\\\entry\\\\build\\\\default\\\\intermediates\\\\loader\\\\default\\\\pkgContextInfo.json\",\"_valueType\":\"string\"}"},{"dataType":"ValueEntry","value":"{\"_name\":\"BUILTIN_TASK_TOOLCHAIN\",\"_value\":\"C:\\\\Huawei\\\\DevEcoStudio\\\\sdk\\\\default\\\\openharmony\\\\toolchains\\\\lib\\\\app_packing_tool.jar\",\"_valueType\":\"string\"}"},{"dataType":"ValueEntry","value":"{\"_name\":\"BUILTIN_TASK_ENV\",\"_value\":\"\",\"_valueType\":\"string\"}"}],"_successful":true,"_projectName":"MyApplication","_moduleName":"entry","_taskName":"default@PackageHap","_key":":MyApplication:entry:default@PackageHap","_executionId":":MyApplication:entry:default@PackageHap:1767162024446","_inputFiles":{"dataType":"Map","value":[["C:\\Users\\19782\\DevEcoStudioProjects\\MyApplication\\entry\\build\\default\\intermediates\\stripped_native_libs\\default",{"isDirectory":false,"fileSnapShotHashValue":""}],["C:\\Users\\19782\\DevEcoStudioProjects\\MyApplication\\entry\\build\\default\\intermediates\\res\\default\\module.json",{"isDirectory":false,"fileSnapShotHashValue":"d4bba0f011b12ee1a8709e31771ecaf50e9deefc6d1cf2d65c1c2cf6feb1f07f"}],["C:\\Users\\19782\\DevEcoStudioProjects\\MyApplication\\entry\\build\\default\\intermediates\\res\\default\\resources",{"isDirectory":false,"fileSnapShotHashValue":"5acf974180abbfc5c8fb5e34d2c73afcd4dc399d239f1f6d6e1ee78c9bf58fe9"}],["C:\\Users\\19782\\DevEcoStudioProjects\\MyApplication\\entry\\build\\default\\intermediates\\res\\default\\resources.index",{"isDirectory":false,"fileSnapShotHashValue":"2af9cd4d0182489b5222f0b88215a6e984a176286f5bcc0b2bccfe1551ee0cbd"}],["C:\\Users\\19782\\DevEcoStudioProjects\\MyApplication\\entry\\build\\default\\outputs\\default\\pack.info",{"isDirectory":false,"fileSnapShotHashValue":"c6c697428ba4d6f2efa1189090ed29ade7fc40dcff63e7427675b2987c8e1ef1"}],["C:\\Users\\19782\\DevEcoStudioProjects\\MyApplication\\entry\\build\\default\\intermediates\\loader_out\\default\\ets",{"isDirectory":false,"fileSnapShotHashValue":"d8c702a4696736d05cbc25c71478844724dfe871127e6dac2d71a2107e32615b"}],["C:\\Users\\19782\\DevEcoStudioProjects\\MyApplication\\entry\\build\\default\\intermediates\\loader\\default\\pkgContextInfo.json",{"isDirectory":false,"fileSnapShotHashValue":"6b85b85a56af8737646cafd031e82a4b24b68eab4a2b8dcf2ac32f3fdf982f2f"}],["C:\\Users\\19782\\DevEcoStudioProjects\\MyApplication\\entry\\build\\default\\intermediates\\loader_out\\default\\ets\\sourceMaps.map",{"isDirectory":false,"fileSnapShotHashValue":"f5e91dc5aefa85a71e7d7a29ae306350c9c3d22ddcfc8fb28fc4b63fba57ee4c"}],["C:\\Users\\19782\\DevEcoStudioProjects\\MyApplication\\entry\\build\\default\\generated\\profile\\default\\BuildProfile.ets",{"fileSnapShotHashValue":"958fbe64c6da7d3628d128a153755fea92f8f64ee949a6c0ca692dd105de36b4"}]]},"_outputFiles":{"dataType":"Map","value":[["C:\\Users\\19782\\DevEcoStudioProjects\\MyApplication\\entry\\build\\default\\outputs\\default\\entry-default-unsigned.hap",{"isDirectory":false,"fileSnapShotHashValue":"1341174fe01bcf0edff09d67a5f64c75fcebfc40adb0a9cd0fe5e690c9629a2b"}],["C:\\Users\\19782\\DevEcoStudioProjects\\MyApplication\\entry\\build\\default\\intermediates\\source_map\\default\\sourceMaps.map",{"fileSnapShotHashValue":"f5e91dc5aefa85a71e7d7a29ae306350c9c3d22ddcfc8fb28fc4b63fba57ee4c"}],["C:\\Users\\19782\\DevEcoStudioProjects\\MyApplication\\entry\\build\\default\\outputs\\default\\mapping\\sourceMaps.map",{"fileSnapShotHashValue":"f5e91dc5aefa85a71e7d7a29ae306350c9c3d22ddcfc8fb28fc4b63fba57ee4c"}]]}},":MyApplication:entry:default@SignHap":{"_inputs":[{"dataType":"ValueEntry","value":"{\"_name\":\"enableSignTask\",\"_value\":true,\"_valueType\":\"boolean\"}"},{"dataType":"ValueEntry","value":"{\"_name\":\"sdkToolchainsComponentVersion\",\"_value\":\"6.0.1.116\",\"_valueType\":\"string\"}"},{"dataType":"ValueEntry","value":"{\"_name\":\"existSigningConfig\",\"_value\":false,\"_valueType\":\"boolean\"}"},{"dataType":"ValueEntry","value":"{\"_name\":\"BUILTIN_TASK_COMMAND\",\"_value\":\"\",\"_valueType\":\"string\"}"},{"dataType":"ValueEntry","value":"{\"_name\":\"BUILTIN_TASK_TOOLCHAIN\",\"_value\":\"\",\"_valueType\":\"string\"}"},{"dataType":"ValueEntry","value":"{\"_name\":\"BUILTIN_TASK_ENV\",\"_value\":\"\",\"_valueType\":\"string\"}"}],"_successful":true,"_projectName":"MyApplication","_moduleName":"entry","_taskName":"default@SignHap","_key":":MyApplication:entry:default@SignHap","_executionId":":MyApplication:entry:default@SignHap:1767162024925","_inputFiles":{"dataType":"Map","value":[["C:\\Users\\19782\\DevEcoStudioProjects\\MyApplication\\entry\\build\\default\\outputs\\default\\entry-default-unsigned.hap",{"isDirectory":false,"fileSnapShotHashValue":"1341174fe01bcf0edff09d67a5f64c75fcebfc40adb0a9cd0fe5e690c9629a2b"}]]},"_outputFiles":{"dataType":"Map","value":[["C:\\Users\\19782\\DevEcoStudioProjects\\MyApplication\\entry\\build\\default\\outputs\\default\\entry-default-signed.hap",{"isDirectory":false,"fileSnapShotHashValue":""}]]}},":MyApplication:entry:default@CollectDebugSymbol":{"_inputs":[{"dataType":"ValueEntry","value":"{\"_name\":\"BUILTIN_TASK_COMMAND\",\"_value\":\"\",\"_valueType\":\"string\"}"},{"dataType":"ValueEntry","value":"{\"_name\":\"BUILTIN_TASK_TOOLCHAIN\",\"_value\":\"\",\"_valueType\":\"string\"}"},{"dataType":"ValueEntry","value":"{\"_name\":\"BUILTIN_TASK_ENV\",\"_value\":\"\",\"_valueType\":\"string\"}"}],"_successful":false,"_projectName":"MyApplication","_moduleName":"entry","_taskName":"default@CollectDebugSymbol","_key":":MyApplication:entry:default@CollectDebugSymbol","_executionId":":MyApplication:entry:default@CollectDebugSymbol:1767162024930","_inputFiles":{"dataType":"Map","value":[["C:\\Users\\19782\\DevEcoStudioProjects\\MyApplication\\entry\\build\\default\\intermediates\\loader_out\\default\\ets\\sourceMaps.map",{"fileSnapShotHashValue":"f5e91dc5aefa85a71e7d7a29ae306350c9c3d22ddcfc8fb28fc4b63fba57ee4c"}],["C:\\Users\\19782\\DevEcoStudioProjects\\MyApplication\\entry\\build\\default\\intermediates\\libs\\default",{"isDirectory":true,"fileSnapShotHashValue":""}]]},"_outputFiles":{"dataType":"Map","value":[["C:\\Users\\19782\\DevEcoStudioProjects\\MyApplication\\entry\\build\\default\\outputs\\default\\symbol",{"isDirectory":true,"fileSnapShotHashValue":""}]]}},":MyApplication:entry:default@PreviewCompileResource":{"_inputs":[{"dataType":"ValueEntry","value":"{\"_name\":\"BUILTIN_TASK_COMMAND\",\"_value\":\"\",\"_valueType\":\"string\"}"},{"dataType":"ValueEntry","value":"{\"_name\":\"BUILTIN_TASK_ENV\",\"_value\":\"\",\"_valueType\":\"string\"}"},{"dataType":"ValueEntry","value":"{\"_name\":\"BUILTIN_TASK_TOOLCHAIN\",\"_value\":\"C:\\\\Huawei\\\\DevEcoStudio\\\\sdk\\\\default\\\\openharmony\\\\toolchains\\\\restool.exe\",\"_valueType\":\"string\"}"},{"dataType":"ValueEntry","value":"{\"_name\":\"PREVIEWER_REPLACE_PAGE\",\"_value\":\"\\\"pages/SQLTest\\\"\",\"_valueType\":\"string\"}"},{"dataType":"ValueEntry","value":"{\"_name\":\"PREVIEWER_REPLACE_SRCPATH\",\"_valueType\":\"undefined\"}"},{"dataType":"ValueEntry","value":"{\"_name\":\"TARGET_CONFIG\",\"_value\":\"{\\\"name\\\":\\\"default\\\"}\",\"_valueType\":\"string\"}"}],"_successful":true,"_projectName":"MyApplication","_moduleName":"entry","_taskName":"default@PreviewCompileResource","_key":":MyApplication:entry:default@PreviewCompileResource","_executionId":":MyApplication:entry:default@PreviewCompileResource:1767161430809","_inputFiles":{"dataType":"Map","value":[["C:\\Users\\19782\\DevEcoStudioProjects\\MyApplication\\entry\\src\\main\\resources",{"fileSnapShotHashValue":"9bd41da0a5182a3f71b12036ebd94d1a96a2e2ca3f7b82115a59b9e67a45b31d"}],["C:\\Users\\19782\\DevEcoStudioProjects\\MyApplication\\entry\\.preview\\default\\intermediates\\merge_profile\\default\\module.json",{"fileSnapShotHashValue":"f14938b2b6d873bdc027af82d961aa9607bdece351a594ca6c6fc6ad543a2360"}]]},"_outputFiles":{"dataType":"Map","value":[["C:\\Users\\19782\\DevEcoStudioProjects\\MyApplication\\entry\\.preview\\default\\intermediates\\res\\default",{"isDirectory":true,"fileSnapShotHashValue":"521ce22da27705d1121139dc4423c40bd3072f95e998d87fae1314bc9ba61ea7"}],["C:\\Users\\19782\\DevEcoStudioProjects\\MyApplication\\entry\\.preview\\default\\generated\\r\\default",{"isDirectory":true,"fileSnapShotHashValue":"02dee37dd9e332c14c069e7156818bc5457ac5e8513e658d5a60e9ead7f0a609"}]]}},":MyApplication:entry:default@CopyPreviewProfile":{"_inputs":[{"dataType":"ValueEntry","value":"{\"_name\":\"BUILTIN_TASK_COMMAND\",\"_value\":\"\",\"_valueType\":\"string\"}"},{"dataType":"ValueEntry","value":"{\"_name\":\"BUILTIN_TASK_TOOLCHAIN\",\"_value\":\"\",\"_valueType\":\"string\"}"},{"dataType":"ValueEntry","value":"{\"_name\":\"BUILTIN_TASK_ENV\",\"_value\":\"\",\"_valueType\":\"string\"}"}],"_successful":true,"_projectName":"MyApplication","_moduleName":"entry","_taskName":"default@CopyPreviewProfile","_key":":MyApplication:entry:default@CopyPreviewProfile","_executionId":":MyApplication:entry:default@CopyPreviewProfile:1767161431260","_inputFiles":{"dataType":"Map","value":[["C:\\Users\\19782\\DevEcoStudioProjects\\MyApplication\\entry\\src\\main\\resources\\base\\profile",{"fileSnapShotHashValue":"d502adc373be6cc36b7009c0de5779ac53582bba046a15ccb4562c2ae8c0808b"}]]},"_outputFiles":{"dataType":"Map","value":[["C:\\Users\\19782\\DevEcoStudioProjects\\MyApplication\\entry\\.preview\\default\\intermediates\\res\\default\\resources\\base\\profile",{"fileSnapShotHashValue":"c243499e2561ed474b31905e5d70de870f927151f2e3d04f8e6bb592f1c5851f"}]]}},":MyApplication:entry:default@PreviewUpdateAssets":{"_inputs":[{"dataType":"ValueEntry","value":"{\"_name\":\"previewBuildConfigJson\",\"_value\":\"{\\\"deviceType\\\":\\\"phone\\\",\\\"buildMode\\\":\\\"debug\\\",\\\"note\\\":\\\"false\\\",\\\"logLevel\\\":\\\"3\\\",\\\"isPreview\\\":\\\"true\\\",\\\"localPropertiesPath\\\":\\\"C:\\\\\\\\Users\\\\\\\\19782\\\\\\\\DevEcoStudioProjects\\\\\\\\MyApplication\\\\\\\\local.properties\\\",\\\"Path\\\":\\\"C:\\\\\\\\Huawei\\\\\\\\DevEcoStudio\\\\\\\\tools\\\\\\\\node\\\\\\\\\\\",\\\"aceProfilePath\\\":\\\"C:\\\\\\\\Users\\\\\\\\19782\\\\\\\\DevEcoStudioProjects\\\\\\\\MyApplication\\\\\\\\entry\\\\\\\\.preview\\\\\\\\default\\\\\\\\intermediates\\\\\\\\res\\\\\\\\default\\\\\\\\resources\\\\\\\\base\\\\\\\\profile\\\",\\\"hapMode\\\":\\\"false\\\",\\\"img2bin\\\":\\\"true\\\",\\\"projectProfilePath\\\":\\\"C:\\\\\\\\Users\\\\\\\\19782\\\\\\\\DevEcoStudioProjects\\\\\\\\MyApplication\\\\\\\\build-profile.json5\\\",\\\"watchMode\\\":\\\"true\\\",\\\"appResource\\\":\\\"C:\\\\\\\\Users\\\\\\\\19782\\\\\\\\DevEcoStudioProjects\\\\\\\\MyApplication\\\\\\\\entry\\\\\\\\.preview\\\\\\\\default\\\\\\\\intermediates\\\\\\\\res\\\\\\\\default\\\\\\\\ResourceTable.txt\\\",\\\"aceBuildJson\\\":\\\"C:\\\\\\\\Users\\\\\\\\19782\\\\\\\\DevEcoStudioProjects\\\\\\\\MyApplication\\\\\\\\entry\\\\\\\\.preview\\\\\\\\default\\\\\\\\intermediates\\\\\\\\loader\\\\\\\\default\\\\\\\\loader.json\\\",\\\"aceModuleRoot\\\":\\\"C:\\\\\\\\Users\\\\\\\\19782\\\\\\\\DevEcoStudioProjects\\\\\\\\MyApplication\\\\\\\\entry\\\\\\\\src\\\\\\\\main\\\\\\\\ets\\\",\\\"aceSoPath\\\":\\\"C:\\\\\\\\Users\\\\\\\\19782\\\\\\\\DevEcoStudioProjects\\\\\\\\MyApplication\\\\\\\\entry\\\\\\\\.preview\\\\\\\\cache\\\\\\\\nativeDependencies.txt\\\",\\\"cachePath\\\":\\\"C:\\\\\\\\Users\\\\\\\\19782\\\\\\\\DevEcoStudioProjects\\\\\\\\MyApplication\\\\\\\\entry\\\\\\\\.preview\\\\\\\\cache\\\\\\\\.default\\\",\\\"aceModuleBuild\\\":\\\"C:\\\\\\\\Users\\\\\\\\19782\\\\\\\\DevEcoStudioProjects\\\\\\\\MyApplication\\\\\\\\entry\\\\\\\\.preview\\\\\\\\default\\\\\\\\intermediates\\\\\\\\assets\\\\\\\\default\\\\\\\\ets\\\",\\\"aceModuleJsonPath\\\":\\\"C:\\\\\\\\Users\\\\\\\\19782\\\\\\\\DevEcoStudioProjects\\\\\\\\MyApplication\\\\\\\\entry\\\\\\\\.preview\\\\\\\\default\\\\\\\\intermediates\\\\\\\\res\\\\\\\\default\\\\\\\\module.json\\\",\\\"stageRouterConfig\\\":{\\\"paths\\\":[\\\"C:\\\\\\\\Users\\\\\\\\19782\\\\\\\\DevEcoStudioProjects\\\\\\\\MyApplication\\\\\\\\entry\\\\\\\\.preview\\\\\\\\default\\\\\\\\intermediates\\\\\\\\res\\\\\\\\default\\\\\\\\module.json\\\",\\\"C:\\\\\\\\Users\\\\\\\\19782\\\\\\\\DevEcoStudioProjects\\\\\\\\MyApplication\\\\\\\\entry\\\\\\\\.preview\\\\\\\\default\\\\\\\\intermediates\\\\\\\\res\\\\\\\\default\\\\\\\\resources\\\\\\\\base\\\\\\\\profile\\\\\\\\main_pages.json\\\"],\\\"contents\\\":[\\\"{\\\\\\\"module\\\\\\\":{\\\\\\\"pages\\\\\\\":\\\\\\\"$profile:main_pages\\\\\\\",\\\\\\\"name\\\\\\\":\\\\\\\"entry\\\\\\\"}}\\\",\\\"{\\\\\\\"src\\\\\\\":[\\\\\\\"pages/SQLTest\\\\\\\"]}\\\"]}}\",\"_valueType\":\"string\"}"},{"dataType":"ValueEntry","value":"{\"_name\":\"BUILTIN_TASK_COMMAND\",\"_value\":\"\",\"_valueType\":\"string\"}"},{"dataType":"ValueEntry","value":"{\"_name\":\"BUILTIN_TASK_TOOLCHAIN\",\"_value\":\"\",\"_valueType\":\"string\"}"},{"dataType":"ValueEntry","value":"{\"_name\":\"BUILTIN_TASK_ENV\",\"_value\":\"\",\"_valueType\":\"string\"}"}],"_successful":true,"_projectName":"MyApplication","_moduleName":"entry","_taskName":"default@PreviewUpdateAssets","_key":":MyApplication:entry:default@PreviewUpdateAssets","_executionId":":MyApplication:entry:default@PreviewUpdateAssets:1767161431277","_inputFiles":{"dataType":"Map","value":[]},"_outputFiles":{"dataType":"Map","value":[["C:\\Users\\19782\\DevEcoStudioProjects\\MyApplication\\entry\\.preview\\default\\intermediates\\res\\default\\module.json",{"isDirectory":false,"fileSnapShotHashValue":"f7202f82a5c349b3dcc813d7deb85ff9c669c86f3911d40444a8404751bd38fa"}],["C:\\Users\\19782\\DevEcoStudioProjects\\MyApplication\\entry\\.preview\\default\\intermediates\\res\\default\\resources\\base\\profile\\main_pages.json",{"isDirectory":false,"fileSnapShotHashValue":"707674d8032935c8adc3f17626baa4a4a8308016d7fb66dea13f3bf99f059f1b"}]]}},":MyApplication:entry:default@PreviewArkTS":{"_inputs":[{"dataType":"ValueEntry","value":"{\"_name\":\"debuggable\",\"_value\":true,\"_valueType\":\"boolean\"}"},{"dataType":"ValueEntry","value":"{\"_name\":\"isArk\",\"_value\":true,\"_valueType\":\"boolean\"}"},{"dataType":"ValueEntry","value":"{\"_name\":\"needCoverageInsert\",\"_value\":false,\"_valueType\":\"boolean\"}"},{"dataType":"ValueEntry","value":"{\"_name\":\"ark.tsImportSendable\",\"_value\":false,\"_valueType\":\"boolean\"}"},{"dataType":"ValueEntry","value":"{\"_name\":\"customTypes\",\"_value\":[],\"_valueType\":\"object\"}"},{"dataType":"ValueEntry","value":"{\"_name\":\"isByteCodeHarOptimize\",\"_value\":false,\"_valueType\":\"boolean\"}"},{"dataType":"ValueEntry","value":"{\"_name\":\"caseSensitiveCheck\",\"_value\":true,\"_valueType\":\"boolean\"}"},{"dataType":"ValueEntry","value":"{\"_name\":\"useNormalizedOHMUrl\",\"_value\":true,\"_valueType\":\"boolean\"}"},{"dataType":"ValueEntry","value":"{\"_name\":\"transformLib\",\"_value\":\"\",\"_valueType\":\"string\"}"},{"dataType":"ValueEntry","value":"{\"_name\":\"compatibleSdkVersionStage\",\"_value\":\"\",\"_valueType\":\"string\"}"},{"dataType":"ValueEntry","value":"{\"_name\":\"skipOhModulesLint\",\"_value\":false,\"_valueType\":\"boolean\"}"},{"dataType":"ValueEntry","value":"{\"_name\":\"autoLazyImport\",\"_value\":false,\"_valueType\":\"boolean\"}"},{"dataType":"ValueEntry","value":"{\"_name\":\"allowEmptyBundleName\",\"_value\":false,\"_valueType\":\"boolean\"}"},{"dataType":"ValueEntry","value":"{\"_name\":\"reExportCheckMode\",\"_value\":\"noCheck\",\"_valueType\":\"string\"}"},{"dataType":"ValueEntry","value":"{\"_name\":\"executionMode\",\"_value\":\"memory\",\"_valueType\":\"string\"}"},{"dataType":"ValueEntry","value":"{\"_name\":\"usePathPlaceholder\",\"_value\":false,\"_valueType\":\"boolean\"}"},{"dataType":"ValueEntry","value":"{\"_name\":\"writeRollupCache\",\"_value\":true,\"_valueType\":\"boolean\"}"},{"dataType":"ValueEntry","value":"{\"_name\":\"isExpandImportEnabled\",\"_value\":false,\"_valueType\":\"boolean\"}"},{"dataType":"ValueEntry","value":"{\"_name\":\"expandImportExclude\",\"_value\":\"\",\"_valueType\":\"string\"}"},{"dataType":"ValueEntry","value":"{\"_name\":\"lazyImportExclude\",\"_value\":\"\",\"_valueType\":\"string\"}"},{"dataType":"ValueEntry","value":"{\"_name\":\"lazyImportInclude\",\"_value\":\"\",\"_valueType\":\"string\"}"},{"dataType":"ValueEntry","value":"{\"_name\":\"ignoreCrossplatformCheck\",\"_value\":false,\"_valueType\":\"boolean\"}"},{"dataType":"ValueEntry","value":"{\"_name\":\"isHarDeduplicateEnabled\",\"_value\":false,\"_valueType\":\"boolean\"}"},{"dataType":"ValueEntry","value":"{\"_name\":\"enableStrictCheckOHModule\",\"_value\":false,\"_valueType\":\"boolean\"}"},{"dataType":"ValueEntry","value":"{\"_name\":\"useDeclarationFileSignature\",\"_value\":false,\"_valueType\":\"boolean\"}"},{"dataType":"ValueEntry","value":"{\"_name\":\"isPreloadSoEnabled\",\"_value\":false,\"_valueType\":\"boolean\"}"},{"dataType":"ValueEntry","value":"{\"_name\":\"arkTsWdiget\",\"_value\":false,\"_valueType\":\"boolean\"}"},{"dataType":"ValueEntry","value":"{\"_name\":\"OBFUSCATION_ENABLE\",\"_value\":\"undefined\",\"_valueType\":\"string\"}"},{"dataType":"ValueEntry","value":"{\"_name\":\"OBFUSCATION_FILES_HASH\",\"_value\":\"\",\"_valueType\":\"string\"}"},{"dataType":"ValueEntry","value":"{\"_name\":\"maxFlowDepth\",\"_value\":\"undefined\",\"_valueType\":\"string\"}"},{"dataType":"ValueEntry","value":"{\"_name\":\"noExternalImportByPath\",\"_value\":true,\"_valueType\":\"boolean\"}"},{"dataType":"ValueEntry","value":"{\"_name\":\"copyCodeResourceEnable\",\"_value\":false,\"_valueType\":\"boolean\"}"},{"dataType":"ValueEntry","value":"{\"_name\":\"ohos.uiTransform.Optimization\",\"_value\":false,\"_valueType\":\"boolean\"}"},{"dataType":"ValueEntry","value":"{\"_name\":\"ohos.rollupCache.useSourceHash\",\"_value\":false,\"_valueType\":\"boolean\"}"},{"dataType":"ValueEntry","value":"{\"_name\":\"localModuleParamMap\",\"_value\":\"{}\",\"_valueType\":\"string\"}"},{"dataType":"ValueEntry","value":"{\"_name\":\"autoLazyFilter\",\"_value\":\"\",\"_valueType\":\"string\"}"},{"dataType":"ValueEntry","value":"{\"_name\":\"BUILTIN_TASK_COMMAND\",\"_value\":\"\",\"_valueType\":\"string\"}"},{"dataType":"ValueEntry","value":"{\"_name\":\"BUILTIN_TASK_TOOLCHAIN\",\"_value\":\"\",\"_valueType\":\"string\"}"},{"dataType":"ValueEntry","value":"{\"_name\":\"BUILTIN_TASK_ENV\",\"_value\":\"\",\"_valueType\":\"string\"}"}],"_successful":true,"_projectName":"MyApplication","_moduleName":"entry","_taskName":"default@PreviewArkTS","_key":":MyApplication:entry:default@PreviewArkTS","_executionId":":MyApplication:entry:default@PreviewArkTS:1767161431288","_inputFiles":{"dataType":"Map","value":[["C:\\Users\\19782\\DevEcoStudioProjects\\MyApplication\\entry\\.preview\\default\\intermediates\\loader\\default",{"isDirectory":true,"fileSnapShotHashValue":"73c324d523c5f9512af7a389db8c28e5652a75d83bddc013c6344464c2cb299b"}],["C:\\Users\\19782\\DevEcoStudioProjects\\MyApplication\\entry\\.preview\\default\\intermediates\\res\\default\\resources\\rawfile",{"isDirectory":true,"fileSnapShotHashValue":"de1309bf38b308b70173ab6d60278e78e9656e8357267f8b35b01a69067e4177"}],["C:\\Users\\19782\\DevEcoStudioProjects\\MyApplication\\entry\\.preview\\default\\intermediates\\res\\default\\ResourceTable.txt",{"fileSnapShotHashValue":"01f6ae66a7d71082d4d6d42208f8bc44328d54c4c8c2b3b33834fbcdde11c808"}],["C:\\Users\\19782\\DevEcoStudioProjects\\MyApplication\\entry\\.preview\\default\\intermediates\\process_profile\\default\\module.json",{"fileSnapShotHashValue":"d27fbd4b93ec1fc7a3cf8a2535388e03541fe08046f9f84cd56bb44185e8cf37"}],["C:\\Users\\19782\\DevEcoStudioProjects\\MyApplication\\entry\\.preview\\default\\intermediates\\res\\default\\resources\\base\\profile",{"isDirectory":true,"fileSnapShotHashValue":"c243499e2561ed474b31905e5d70de870f927151f2e3d04f8e6bb592f1c5851f"}],["C:\\Users\\19782\\DevEcoStudioProjects\\MyApplication\\entry\\src\\main\\ets",{"isDirectory":true,"fileSnapShotHashValue":"92a5ce3514a0068ad483c4539cadbcc7b0b61858e5fa56f105e2425f0fc5fa34"}],["C:\\Users\\19782\\DevEcoStudioProjects\\MyApplication\\entry\\.preview\\default\\intermediates\\loader\\default\\pkgContextInfo.json",{"fileSnapShotHashValue":"894762f13d510c4863f8574b40b0a4cd0d08a94f540ff6abb941257858bda676"}],["C:\\Users\\19782\\DevEcoStudioProjects\\MyApplication\\entry\\.preview\\default\\generated\\profile\\default\\BuildProfile.ets",{"fileSnapShotHashValue":"ab7c11b227c9c339f203dfa0acbb94633794d78cbbf4138d77fc2de972cf6b91"}],["C:\\Users\\19782\\DevEcoStudioProjects\\MyApplication\\entry\\src\\mock\\mock-config.json5",{"isDirectory":false,"fileSnapShotHashValue":"7d694e3509eabdf88d19c33a0a7a1032fe4f24a422cb88de622757e79bad260c"}]]},"_outputFiles":{"dataType":"Map","value":[["C:\\Users\\19782\\DevEcoStudioProjects\\MyApplication\\entry\\.preview\\default\\intermediates\\loader_out\\default\\ets",{"isDirectory":true,"fileSnapShotHashValue":""}]]}}}