{":MyApplication:entry:default@PreBuild":{"_inputs":[{"dataType":"ValueEntry","value":"{\"_name\":\"BUILTIN_TASK_COMMAND\",\"_value\":\"\",\"_valueType\":\"string\",\"_hash\":\"6c1049eece256c5ecd9a72bb60d260f5eaa0c767e9261531c19a2711a4384caa\"}"},{"dataType":"ValueEntry","value":"{\"_name\":\"BUILTIN_TASK_ENV\",\"_value\":\"\",\"_valueType\":\"string\",\"_hash\":\"fab23d53b4bed861bede91aa55abd54ccbb48f2366122ec79fa9d6a917cab83a\"}"},{"dataType":"ValueEntry","value":"{\"_name\":\"BUILTIN_TASK_TOOLCHAIN\",\"_value\":\"\",\"_valueType\":\"string\",\"_hash\":\"f354d8b3443da1d086e3f8d488045965d1abb7d86e6d7602e63c46d85ae85454\"}"},{"dataType":"ValueEntry","value":"{\"_name\":\"apiType\",\"_value\":\"stageMode\",\"_valueType\":\"string\",\"_hash\":\"9ac09f1ae36c615b7034e57604d143ee6f7923a31f49ed79ba5af84e65bd2cd5\"}"},{"dataType":"ValueEntry","value":"{\"_name\":\"byteCodeHar\",\"_value\":false,\"_valueType\":\"boolean\",\"_hash\":\"4a2f0b0a7b1684665f4cfdf556e7849eb7b76fd73c8be3b83a43ccf9022a23dc\"}"},{"dataType":"ValueEntry","value":"{\"_name\":\"codeType\",\"_value\":true,\"_valueType\":\"boolean\",\"_hash\":\"55d417a3ae2590190c5eec1f80e83526051dc5fd38bfdf095543a8ebfb0969d0\"}"},{"dataType":"ValueEntry","value":"{\"_name\":\"compatibleApiVersion\",\"_value\":21,\"_valueType\":\"number\",\"_hash\":\"624a96f106d6b8478cc921abcf4151a1fc63573f476f9bf62fd1cfedac78067a\"}"},{"dataType":"ValueEntry","value":"{\"_name\":\"compileApiVersion\",\"_value\":21,\"_valueType\":\"number\",\"_hash\":\"172e07e1335bae92f1242f8a7ae7145e7cc2346411314feb3d79274c65d19671\"}"},{"dataType":"ValueEntry","value":"{\"_name\":\"configuration\",\"_value\":\"\",\"_valueType\":\"string\",\"_hash\":\"b041968df1b26a31cfc4ac747e70435fa5a69b22512251322233d70b778fdade\"}"},{"dataType":"ValueEntry","value":"{\"_name\":\"configurationFileJson\",\"_value\":\"\",\"_valueType\":\"string\",\"_hash\":\"38995319d700f1305e6f6c3f020f422155fa8dbd43f1ebc9125ad7fdfa41a760\"}"},{"dataType":"ValueEntry","value":"{\"_name\":\"customTypes\",\"_value\":\"\",\"_valueType\":\"string\",\"_hash\":\"a53b59d3cf3d0e26864fb7740c427a8bb49c88847f89d2674bae0714f005cd69\"}"},{"dataType":"ValueEntry","value":"{\"_name\":\"deviceType\",\"_value\":[\"phone\"],\"_valueType\":\"object\",\"_hash\":\"35058b222bc7d5123f775d086d840977321c7cf65da5bf12a25b22a071dddbdb\"}"},{"dataType":"ValueEntry","value":"{\"_name\":\"excludeExpandImportDependencyNames\",\"_value\":[],\"_valueType\":\"object\",\"_hash\":\"7ac740b7270690c6ad8e2c54545fb0683a607618b35bc56fa079abd95d469671\"}"},{"dataType":"ValueEntry","value":"{\"_name\":\"integrated_hsp\",\"_value\":false,\"_valueType\":\"boolean\",\"_hash\":\"c8e0a42238b6cb31ba5369f43f42fa7da63c8b99e3bc85ae67f55c6b25ba0540\"}"},{"dataType":"ValueEntry","value":"{\"_name\":\"isExpandImportEnabled\",\"_value\":false,\"_valueType\":\"boolean\",\"_hash\":\"b67a29a46e7f73582199a2914054cf91c9c3c5201bae6150d41cb4ff12f75a33\"}"},{"dataType":"ValueEntry","value":"{\"_name\":\"isPreloadSystemSoEnabled\",\"_value\":false,\"_valueType\":\"boolean\",\"_hash\":\"6ac08297964668ba6d6497fff711f690384b7295ce0ad8544261dd56d792025c\"}"},{"dataType":"ValueEntry","value":"{\"_name\":\"isSingleFileEmitEnabled\",\"_value\":false,\"_valueType\":\"boolean\",\"_hash\":\"e4c94844e729a98f2b41957f8a30299cb4b7008cbb2b94ad9f2b339252b2a3e8\"}"},{"dataType":"ValueEntry","value":"{\"_name\":\"isSupportOhpmProj\",\"_value\":true,\"_valueType\":\"boolean\",\"_hash\":\"9338de8e6e2136c4fbf4aca514d6b4410fe55bc08b27a9df26930b1bc45b181b\"}"},{"dataType":"ValueEntry","value":"{\"_name\":\"mockConfigSources\",\"_value\":\"\",\"_valueType\":\"string\",\"_hash\":\"a3bff00750cc8a798045da26a41c733414559f8c03a3b3b128a9d5d1b4030388\"}"},{"dataType":"ValueEntry","value":"{\"_name\":\"moduleDependencyNames\",\"_value\":[],\"_valueType\":\"object\",\"_hash\":\"a371086d2024edef8e9b6734d528894e3bd2f5c7a4f7158b62a2545963146831\"}"},{"dataType":"ValueEntry","value":"{\"_name\":\"moduleJsonOpt\",\"_value\":\"{\\\"jsonFilePath\\\":\\\"C:\\\\\\\\Users\\\\\\\\19782\\\\\\\\DevEcoStudioProjects\\\\\\\\MyApplication\\\\\\\\entry\\\\\\\\src\\\\\\\\main\\\\\\\\module.json5\\\",\\\"profile\\\":{\\\"module\\\":{\\\"name\\\":\\\"entry\\\",\\\"type\\\":\\\"entry\\\",\\\"description\\\":\\\"$string:module_desc\\\",\\\"mainElement\\\":\\\"EntryAbility\\\",\\\"deviceTypes\\\":[\\\"phone\\\"],\\\"deliveryWithInstall\\\":true,\\\"installationFree\\\":false,\\\"pages\\\":\\\"$profile:main_pages\\\",\\\"abilities\\\":[{\\\"name\\\":\\\"EntryAbility\\\",\\\"srcEntry\\\":\\\"./ets/entryability/EntryAbility.ets\\\",\\\"description\\\":\\\"$string:EntryAbility_desc\\\",\\\"icon\\\":\\\"$media:layered_image\\\",\\\"label\\\":\\\"$string:EntryAbility_label\\\",\\\"startWindowIcon\\\":\\\"$media:startIcon\\\",\\\"startWindowBackground\\\":\\\"$color:start_window_background\\\",\\\"exported\\\":true,\\\"skills\\\":[{\\\"entities\\\":[\\\"entity.system.home\\\"],\\\"actions\\\":[\\\"ohos.want.action.home\\\"]}]}],\\\"extensionAbilities\\\":[{\\\"name\\\":\\\"EntryBackupAbility\\\",\\\"srcEntry\\\":\\\"./ets/entrybackupability/EntryBackupAbility.ets\\\",\\\"type\\\":\\\"backup\\\",\\\"exported\\\":false,\\\"metadata\\\":[{\\\"name\\\":\\\"ohos.extension.backup\\\",\\\"resource\\\":\\\"$profile:backup_config\\\"}]}]}},\\\"deviceTypes\\\":[\\\"phone\\\"],\\\"deviceConfig\\\":\\\"deviceTypes\\\",\\\"configurationProfile\\\":\\\"module.json5\\\"}\",\"_valueType\":\"string\",\"_hash\":\"97b56843ef6687a00c56086a8cad1ca6ef7eb7b728492357891855bda30a3590\"}"},{"dataType":"ValueEntry","value":"{\"_name\":\"profileModuleName\",\"_value\":\"entry\",\"_valueType\":\"string\",\"_hash\":\"78e7b86d1a6d2e9e31fd10fc7e74c0a899014f517dec9eb153efb2374affaafd\"}"},{"dataType":"ValueEntry","value":"{\"_name\":\"removePermissions\",\"_valueType\":\"undefined\",\"_hash\":\"68ce79e87f7bc97a0e03070101e01e1b68b101f52b35a57fde4a1b321be3bdde\"}"},{"dataType":"ValueEntry","value":"{\"_name\":\"requiredDeviceType\",\"_value\":\"\",\"_valueType\":\"string\",\"_hash\":\"d53e6eaa8506ecaa660904b04d0296bd447ad8d55785334aa590509fbf0cf454\"}"},{"dataType":"ValueEntry","value":"{\"_name\":\"sdkToolchainsComponentVersion\",\"_value\":\"6.0.1.116\",\"_valueType\":\"string\",\"_hash\":\"c5f8ad071cdb9b26dd6d44ba32488e26341001cda889843c6f36abb3a120e59e\"}"},{"dataType":"ValueEntry","value":"{\"_name\":\"sourceRoots\",\"_value\":true,\"_valueType\":\"boolean\",\"_hash\":\"09f6b4afb8ee03e299b12d3d2d17163933dca5fed9db3a9d0bc0694a7c1a8ff8\"}"},{"dataType":"ValueEntry","value":"{\"_name\":\"targetStatusCode\",\"_value\":2,\"_valueType\":\"number\",\"_hash\":\"6946489f2257d736396b7b570077542aef0edefbcd7f8686c6020a2a9d5530fa\"}"},{"dataType":"ValueEntry","value":"{\"_name\":\"transformLib\",\"_value\":\"\",\"_valueType\":\"string\",\"_hash\":\"e290891c0838ca6470020dcf292833f2588221dca1a7fa6af21969fb642d4e6d\"}"},{"dataType":"ValueEntry","value":"{\"_name\":\"useNormalizedOHMUrl\",\"_value\":true,\"_valueType\":\"boolean\",\"_hash\":\"0224eeca0e5401fc0c653dbed2bab63ff91b2d1c8e23719fbab4e11e695311d9\"}"}],"_successful":true,"_projectName":"MyApplication","_moduleName":"entry","_taskName":"default@PreBuild","_key":":MyApplication:entry:default@PreBuild","_executionId":":MyApplication:entry:default@PreBuild:1766971030873","_inputFiles":{"dataType":"Map","value":[["C:\\Users\\19782\\DevEcoStudioProjects\\MyApplication\\AppScope\\app.json5",{"isDirectory":false,"fileSnapShotHashValue":"851f82cb1284bcb29a826bfad36c0e2462cb043df483a9aa6df8925b82edcdab"}],["C:\\Users\\19782\\DevEcoStudioProjects\\MyApplication\\entry\\src\\main\\module.json5",{"isDirectory":false,"fileSnapShotHashValue":"ba1a89b190cb4e26fc92903a059afdf58e398a0ac912e0f5c5cad886dbef96f5"}],["C:\\Users\\19782\\DevEcoStudioProjects\\MyApplication\\build-profile.json5",{"fileSnapShotHashValue":"0481576b472af20db25e8e11b04c1beae7c75473db67c8c06dd6881021c2d172"}],["C:\\Users\\19782\\DevEcoStudioProjects\\MyApplication\\entry\\build-profile.json5",{"fileSnapShotHashValue":"546f7fbed9facace50bbbc32bb242b548fc6ea3f74294887001c46cdcb5455d3"}],["C:\\Users\\19782\\DevEcoStudioProjects\\MyApplication\\entry\\src\\main\\resources\\base\\profile\\main_pages.json",{"fileSnapShotHashValue":"3d1c800b95066936f86007ce9661299f3f64fdae2e4f822fa489d1d489148976"}],["C:\\Users\\19782\\DevEcoStudioProjects\\MyApplication\\hvigor\\hvigor-config.json5",{"isDirectory":true,"fileSnapShotHashValue":"2a5d0a0d28060a8819543e4bd5d1b5d9946de70834b500c6ebc83e022dbb0b6d"}],["C:\\Users\\19782\\DevEcoStudioProjects\\MyApplication\\entry\\src\\mock\\mock-config.json5",{"isDirectory":false,"fileSnapShotHashValue":"7d694e3509eabdf88d19c33a0a7a1032fe4f24a422cb88de622757e79bad260c"}],["C:\\Users\\19782\\DevEcoStudioProjects\\MyApplication\\entry\\oh-package.json5",{"fileSnapShotHashValue":"54268546a4c376190c68babeeb1b2ff9072a1c674537507cf99df0db1b303354"}],["C:\\Users\\19782\\DevEcoStudioProjects\\MyApplication\\oh-package.json5",{"fileSnapShotHashValue":"d83e7f79dbc52890b56054407b59487aee5c16adda9dbe9f832cae8d5641252e"}]]},"_outputFiles":{"dataType":"Map","value":[]}},":MyApplication:entry:default@CreateModuleInfo":{"_inputs":[{"dataType":"ValueEntry","value":"{\"_name\":\"ohosUiTransformOptimization\",\"_value\":false,\"_valueType\":\"boolean\"}"},{"dataType":"ValueEntry","value":"{\"_name\":\"BUILTIN_TASK_COMMAND\",\"_value\":\"\",\"_valueType\":\"string\"}"},{"dataType":"ValueEntry","value":"{\"_name\":\"BUILTIN_TASK_TOOLCHAIN\",\"_value\":\"\",\"_valueType\":\"string\"}"},{"dataType":"ValueEntry","value":"{\"_name\":\"BUILTIN_TASK_ENV\",\"_value\":\"\",\"_valueType\":\"string\"}"}],"_successful":false,"_projectName":"MyApplication","_moduleName":"entry","_taskName":"default@CreateModuleInfo","_key":":MyApplication:entry:default@CreateModuleInfo","_executionId":":MyApplication:entry:default@CreateModuleInfo:1767066359769","_inputFiles":{"dataType":"Map","value":[]},"_outputFiles":{"dataType":"Map","value":[["C:\\Users\\19782\\DevEcoStudioProjects\\MyApplication\\entry\\.preview\\default\\generated\\profile\\default\\ModuleInfo.ts",{"isDirectory":false,"fileSnapShotHashValue":""}]]}},":MyApplication:entry:default@GenerateMetadata":{"_inputs":[{"dataType":"ValueEntry","value":"{\"_name\":\"BUILTIN_TASK_COMMAND\",\"_value\":\"\",\"_valueType\":\"string\"}"},{"dataType":"ValueEntry","value":"{\"_name\":\"BUILTIN_TASK_ENV\",\"_value\":\"\",\"_valueType\":\"string\"}"},{"dataType":"ValueEntry","value":"{\"_name\":\"BUILTIN_TASK_TOOLCHAIN\",\"_value\":\"\",\"_valueType\":\"string\"}"},{"dataType":"ValueEntry","value":"{\"_name\":\"artifactName\",\"_value\":\"\",\"_valueType\":\"string\"}"},{"dataType":"ValueEntry","value":"{\"_name\":\"isSigned\",\"_value\":false,\"_valueType\":\"boolean\"}"},{"dataType":"ValueEntry","value":"{\"_name\":\"relatedEntryModules\",\"_value\":\"\",\"_valueType\":\"string\"}"},{"dataType":"ValueEntry","value":"{\"_name\":\"remoteHspMetaData\",\"_value\":\"\",\"_valueType\":\"string\"}"},{"dataType":"ValueEntry","value":"{\"_name\":\"targetDeviceType\",\"_value\":[\"phone\"],\"_valueType\":\"object\"}"}],"_successful":true,"_projectName":"MyApplication","_moduleName":"entry","_taskName":"default@GenerateMetadata","_key":":MyApplication:entry:default@GenerateMetadata","_executionId":":MyApplication:entry:default@GenerateMetadata:1766809709460","_inputFiles":{"dataType":"Map","value":[["C:\\Users\\19782\\DevEcoStudioProjects\\MyApplication\\entry\\src\\main\\module.json5",{"fileSnapShotHashValue":"ba1a89b190cb4e26fc92903a059afdf58e398a0ac912e0f5c5cad886dbef96f5"}]]},"_outputFiles":{"dataType":"Map","value":[["C:\\Users\\19782\\DevEcoStudioProjects\\MyApplication\\entry\\build\\default\\intermediates\\hap_metadata\\default\\output_metadata.json",{"fileSnapShotHashValue":"5f546445b95faaabc84b38665956b1abcb7b0dcaf609700aaaa5ba8e4f068461"}]]}},":MyApplication:entry:default@MergeProfile":{"_inputs":[{"dataType":"ValueEntry","value":"{\"_name\":\"BUILTIN_TASK_COMMAND\",\"_value\":\"\",\"_valueType\":\"string\",\"_hash\":\"6c1049eece256c5ecd9a72bb60d260f5eaa0c767e9261531c19a2711a4384caa\"}"},{"dataType":"ValueEntry","value":"{\"_name\":\"BUILTIN_TASK_ENV\",\"_value\":\"\",\"_valueType\":\"string\",\"_hash\":\"fab23d53b4bed861bede91aa55abd54ccbb48f2366122ec79fa9d6a917cab83a\"}"},{"dataType":"ValueEntry","value":"{\"_name\":\"BUILTIN_TASK_TOOLCHAIN\",\"_value\":\"\",\"_valueType\":\"string\",\"_hash\":\"f354d8b3443da1d086e3f8d488045965d1abb7d86e6d7602e63c46d85ae85454\"}"},{"dataType":"ValueEntry","value":"{\"_name\":\"appJsonOpt\",\"_value\":\"{\\\"app\\\":{\\\"bundleName\\\":\\\"com.example.myapplication\\\",\\\"vendor\\\":\\\"example\\\",\\\"versionCode\\\":1000000,\\\"versionName\\\":\\\"1.0.0\\\",\\\"icon\\\":\\\"$media:layered_image\\\",\\\"label\\\":\\\"$string:app_name\\\"}}\",\"_valueType\":\"string\",\"_hash\":\"e6821e018932b7671c49aceacf4800c85cfa0400ff8b38a2e0b588bb2bf8f2d4\"}"},{"dataType":"ValueEntry","value":"{\"_name\":\"asanEnable\",\"_value\":false,\"_valueType\":\"boolean\",\"_hash\":\"5de58ee96d39449ca7f885eeee57df5a760e34739a5248ac20e31818d201489d\"}"},{"dataType":"ValueEntry","value":"{\"_name\":\"buildProfileAbilities\",\"_valueType\":\"undefined\",\"_hash\":\"1b37f4c5d5e5e2c6096b0545d5c31b5bf64f747075a5e3c85f050e9e4079664b\"}"},{"dataType":"ValueEntry","value":"{\"_name\":\"buildRoot\",\"_value\":\".preview\",\"_valueType\":\"string\",\"_hash\":\"983f07ddcb5bc16ca01c2f9294b9f1627f8c968cceacd196b267815d395139cb\"}"},{"dataType":"ValueEntry","value":"{\"_name\":\"compatibleSdkVersion\",\"_value\":21,\"_valueType\":\"number\",\"_hash\":\"c6783854cdb0c544eb399d96f13d6156a825ae6c5b8bcbc4d6b2ae869c5ba806\"}"},{"dataType":"ValueEntry","value":"{\"_name\":\"hwasanEnable\",\"_value\":false,\"_valueType\":\"boolean\",\"_hash\":\"f8bd6c4afae917a91bd141551210297e8a9b68ab5fb0adf6880673768a5ed7c6\"}"},{"dataType":"ValueEntry","value":"{\"_name\":\"includeAppScopeRes\",\"_value\":\"\",\"_valueType\":\"string\",\"_hash\":\"3c2a9052be609669b88b444d06b45b9cd9aa9bdbc5c549cf890a3bd37fc58d60\"}"},{"dataType":"ValueEntry","value":"{\"_name\":\"integratedHsp\",\"_value\":false,\"_valueType\":\"boolean\",\"_hash\":\"ab7ebc56ff53ba733fc5e60a1c0e16725afa0b21d0966f7b50cce78a02e48d74\"}"},{"dataType":"ValueEntry","value":"{\"_name\":\"isBundledDependencies\",\"_value\":false,\"_valueType\":\"boolean\",\"_hash\":\"2a22b42a8504b32b68a8cc4173a9e266e6540a9372bf6553176105f698c20dc2\"}"},{"dataType":"ValueEntry","value":"{\"_name\":\"isDebug\",\"_value\":true,\"_valueType\":\"boolean\",\"_hash\":\"3a45940aa78d73204cdc3177ffe70a15eb93b11c64cbef458f919e1b86a6ec6e\"}"},{"dataType":"ValueEntry","value":"{\"_name\":\"isHarModule\",\"_value\":false,\"_valueType\":\"boolean\",\"_hash\":\"bc6aa6a015fd1e648c9c5e447449ece707a678e12fba08771f90ddfe134af3f0\"}"},{"dataType":"ValueEntry","value":"{\"_name\":\"moduleJsonOpt\",\"_value\":\"{\\\"module\\\":{\\\"name\\\":\\\"entry\\\",\\\"type\\\":\\\"entry\\\",\\\"description\\\":\\\"$string:module_desc\\\",\\\"mainElement\\\":\\\"EntryAbility\\\",\\\"deviceTypes\\\":[\\\"phone\\\"],\\\"deliveryWithInstall\\\":true,\\\"installationFree\\\":false,\\\"pages\\\":\\\"$profile:main_pages\\\",\\\"abilities\\\":[{\\\"name\\\":\\\"EntryAbility\\\",\\\"srcEntry\\\":\\\"./ets/entryability/EntryAbility.ets\\\",\\\"description\\\":\\\"$string:EntryAbility_desc\\\",\\\"icon\\\":\\\"$media:layered_image\\\",\\\"label\\\":\\\"$string:EntryAbility_label\\\",\\\"startWindowIcon\\\":\\\"$media:startIcon\\\",\\\"startWindowBackground\\\":\\\"$color:start_window_background\\\",\\\"exported\\\":true,\\\"skills\\\":[{\\\"entities\\\":[\\\"entity.system.home\\\"],\\\"actions\\\":[\\\"ohos.want.action.home\\\"]}]}],\\\"extensionAbilities\\\":[{\\\"name\\\":\\\"EntryBackupAbility\\\",\\\"srcEntry\\\":\\\"./ets/entrybackupability/EntryBackupAbility.ets\\\",\\\"type\\\":\\\"backup\\\",\\\"exported\\\":false,\\\"metadata\\\":[{\\\"name\\\":\\\"ohos.extension.backup\\\",\\\"resource\\\":\\\"$profile:backup_config\\\"}]}]}}\",\"_valueType\":\"string\",\"_hash\":\"ee363493f0c1a485f2f7d5c438cdc1d5469e59dd17a77d9b0c172ec783144f56\"}"},{"dataType":"ValueEntry","value":"{\"_name\":\"multiProjects\",\"_value\":false,\"_valueType\":\"boolean\",\"_hash\":\"dea8161c1a034ab86a9348c01dfdc4626089c413501f5016bc4be71f6214747b\"}"},{"dataType":"ValueEntry","value":"{\"_name\":\"ohLibs\",\"_value\":[],\"_valueType\":\"object\",\"_hash\":\"a126612b51ae7b5b49f64e029e1534ed38b87d56c35915c9b19e6d46695e567b\"}"},{"dataType":"ValueEntry","value":"{\"_name\":\"packageName\",\"_value\":\"entry\",\"_valueType\":\"string\",\"_hash\":\"2d02010f87ac0c4b88be91ac58b940c03eada62489017432aebd339464bf633a\"}"},{"dataType":"ValueEntry","value":"{\"_name\":\"projectConfigAppOpt\",\"_valueType\":\"undefined\",\"_hash\":\"690bf99bac27c7294cc7056baecf9d1f5996393f344fda6ad83f08f971cfc658\"}"},{"dataType":"ValueEntry","value":"{\"_name\":\"releaseType\",\"_value\":\"Release\",\"_valueType\":\"string\",\"_hash\":\"f9d0b6fb1c4b29b9f08a909bbe00e8b5aa50d5eaf9eb1d05491d02351d827df1\"}"},{"dataType":"ValueEntry","value":"{\"_name\":\"removePermissions\",\"_valueType\":\"undefined\",\"_hash\":\"68ce79e87f7bc97a0e03070101e01e1b68b101f52b35a57fde4a1b321be3bdde\"}"},{"dataType":"ValueEntry","value":"{\"_name\":\"targetSdkVersion\",\"_value\":21,\"_valueType\":\"number\",\"_hash\":\"d66a831efa5064d04b7ffc61b4c4af4813d985ad30b903dae2bd65649965b68d\"}"},{"dataType":"ValueEntry","value":"{\"_name\":\"tsanEnable\",\"_value\":false,\"_valueType\":\"boolean\",\"_hash\":\"4a39a3fadc194c5ff71505bb8da8930c39fe534c877674936b5fa82a4d0c2229\"}"},{"dataType":"ValueEntry","value":"{\"_name\":\"ubsanEnable\",\"_value\":false,\"_valueType\":\"boolean\",\"_hash\":\"b7f8b201242d9c1e5fe6ef2f7faa4fddf88b1072d6bdbbac7f3e0841ecaf8a6f\"}"}],"_successful":true,"_projectName":"MyApplication","_moduleName":"entry","_taskName":"default@MergeProfile","_key":":MyApplication:entry:default@MergeProfile","_executionId":":MyApplication:entry:default@MergeProfile:1766971030978","_inputFiles":{"dataType":"Map","value":[["C:\\Users\\19782\\DevEcoStudioProjects\\MyApplication\\AppScope\\app.json5",{"fileSnapShotHashValue":"851f82cb1284bcb29a826bfad36c0e2462cb043df483a9aa6df8925b82edcdab"}],["C:\\Users\\19782\\DevEcoStudioProjects\\MyApplication\\build-profile.json5",{"fileSnapShotHashValue":"0481576b472af20db25e8e11b04c1beae7c75473db67c8c06dd6881021c2d172"}],["C:\\Users\\19782\\DevEcoStudioProjects\\MyApplication\\entry\\src\\main\\module.json5",{"fileSnapShotHashValue":"ba1a89b190cb4e26fc92903a059afdf58e398a0ac912e0f5c5cad886dbef96f5"}]]},"_outputFiles":{"dataType":"Map","value":[["C:\\Users\\19782\\DevEcoStudioProjects\\MyApplication\\entry\\.preview\\default\\intermediates\\merge_profile\\default\\module.json",{"fileSnapShotHashValue":"de4922ef1647fb934e8858760905133a283d9a74b5a0f211aaf4e56e5ae4cc79"}]]}},":MyApplication:entry:default@CreateBuildProfile":{"_inputs":[{"dataType":"ValueEntry","value":"{\"_name\":\"BUILTIN_TASK_COMMAND\",\"_value\":\"\",\"_valueType\":\"string\",\"_hash\":\"6c1049eece256c5ecd9a72bb60d260f5eaa0c767e9261531c19a2711a4384caa\"}"},{"dataType":"ValueEntry","value":"{\"_name\":\"BUILTIN_TASK_ENV\",\"_value\":\"\",\"_valueType\":\"string\",\"_hash\":\"fab23d53b4bed861bede91aa55abd54ccbb48f2366122ec79fa9d6a917cab83a\"}"},{"dataType":"ValueEntry","value":"{\"_name\":\"BUILTIN_TASK_TOOLCHAIN\",\"_value\":\"\",\"_valueType\":\"string\",\"_hash\":\"f354d8b3443da1d086e3f8d488045965d1abb7d86e6d7602e63c46d85ae85454\"}"},{"dataType":"ValueEntry","value":"{\"_name\":\"buildMode\",\"_value\":\"Debug\",\"_valueType\":\"string\",\"_hash\":\"e5ca4ddaac7575fd86f22541aff1adda5124dfd5735cfbc8d69a5813341024a2\"}"},{"dataType":"ValueEntry","value":"{\"_name\":\"buildModeName\",\"_value\":\"debug\",\"_valueType\":\"string\",\"_hash\":\"eed88fbd50af6d038f129b1446ece3710f8c3d0a5302679a6fb87ad47253410a\"}"},{"dataType":"ValueEntry","value":"{\"_name\":\"buildProfileFields\",\"_value\":\"\",\"_valueType\":\"string\",\"_hash\":\"c045d039f2ef60e781c590cc5f82f3d6d7f97bbb3b5af5252b100ace8eb332bf\"}"},{"dataType":"ValueEntry","value":"{\"_name\":\"projectOhosConfigAppOpt\",\"_value\":\"\",\"_valueType\":\"string\",\"_hash\":\"31886fe858c1eb45b5d680c019a12d2bebebf813093c3583804d179ae701c5c3\"}"}],"_successful":true,"_projectName":"MyApplication","_moduleName":"entry","_taskName":"default@CreateBuildProfile","_key":":MyApplication:entry:default@CreateBuildProfile","_executionId":":MyApplication:entry:default@CreateBuildProfile:1766971031011","_inputFiles":{"dataType":"Map","value":[["C:\\Users\\19782\\DevEcoStudioProjects\\MyApplication\\AppScope\\app.json5",{"fileSnapShotHashValue":"851f82cb1284bcb29a826bfad36c0e2462cb043df483a9aa6df8925b82edcdab"}],["C:\\Users\\19782\\DevEcoStudioProjects\\MyApplication\\build-profile.json5",{"fileSnapShotHashValue":"0481576b472af20db25e8e11b04c1beae7c75473db67c8c06dd6881021c2d172"}]]},"_outputFiles":{"dataType":"Map","value":[["C:\\Users\\19782\\DevEcoStudioProjects\\MyApplication\\entry\\.preview\\default\\generated\\profile\\default\\BuildProfile.ets",{"fileSnapShotHashValue":"ab7c11b227c9c339f203dfa0acbb94633794d78cbbf4138d77fc2de972cf6b91"}]]}},":MyApplication:entry:default@GeneratePkgContextInfo":{"_inputs":[{"dataType":"ValueEntry","value":"{\"_name\":\"BUILTIN_TASK_COMMAND\",\"_value\":\"\",\"_valueType\":\"string\",\"_hash\":\"6c1049eece256c5ecd9a72bb60d260f5eaa0c767e9261531c19a2711a4384caa\"}"},{"dataType":"ValueEntry","value":"{\"_name\":\"BUILTIN_TASK_ENV\",\"_value\":\"\",\"_valueType\":\"string\",\"_hash\":\"fab23d53b4bed861bede91aa55abd54ccbb48f2366122ec79fa9d6a917cab83a\"}"},{"dataType":"ValueEntry","value":"{\"_name\":\"BUILTIN_TASK_TOOLCHAIN\",\"_value\":\"\",\"_valueType\":\"string\",\"_hash\":\"f354d8b3443da1d086e3f8d488045965d1abb7d86e6d7602e63c46d85ae85454\"}"},{"dataType":"ValueEntry","value":"{\"_name\":\"pkgContextInfoMap\",\"_value\":\"{\\\"@ohos/hypium\\\":{\\\"packageName\\\":\\\"@ohos/hypium\\\",\\\"bundleName\\\":\\\"\\\",\\\"moduleName\\\":\\\"\\\",\\\"version\\\":\\\"1.0.24\\\",\\\"entryPath\\\":\\\"index.js\\\",\\\"isSO\\\":false,\\\"dependencyAlias\\\":\\\"\\\"},\\\"@ohos/hamock\\\":{\\\"packageName\\\":\\\"@ohos/hamock\\\",\\\"bundleName\\\":\\\"\\\",\\\"moduleName\\\":\\\"\\\",\\\"version\\\":\\\"1.0.0\\\",\\\"entryPath\\\":\\\"index.ets\\\",\\\"isSO\\\":false,\\\"dependencyAlias\\\":\\\"\\\"},\\\"entry\\\":{\\\"packageName\\\":\\\"entry\\\",\\\"bundleName\\\":\\\"\\\",\\\"moduleName\\\":\\\"\\\",\\\"version\\\":\\\"\\\",\\\"entryPath\\\":\\\"src/main/\\\",\\\"isSO\\\":false,\\\"dependencyAlias\\\":\\\"\\\"}}\",\"_valueType\":\"string\",\"_hash\":\"aba659aff71a637ce4f541961504cde8d3768f9cfd2c25d07905307dec7982cb\"}"},{"dataType":"ValueEntry","value":"{\"_name\":\"useNormalizedOHMUrl\",\"_value\":true,\"_valueType\":\"boolean\",\"_hash\":\"0224eeca0e5401fc0c653dbed2bab63ff91b2d1c8e23719fbab4e11e695311d9\"}"}],"_successful":true,"_projectName":"MyApplication","_moduleName":"entry","_taskName":"default@GeneratePkgContextInfo","_key":":MyApplication:entry:default@GeneratePkgContextInfo","_executionId":":MyApplication:entry:default@GeneratePkgContextInfo:1766971031026","_inputFiles":{"dataType":"Map","value":[]},"_outputFiles":{"dataType":"Map","value":[["C:\\Users\\19782\\DevEcoStudioProjects\\MyApplication\\entry\\.preview\\default\\intermediates\\loader\\default\\pkgContextInfo.json",{"isDirectory":false,"fileSnapShotHashValue":"894762f13d510c4863f8574b40b0a4cd0d08a94f540ff6abb941257858bda676"}]]}},":MyApplication:entry:default@ProcessIntegratedHsp":{"_inputs":[{"dataType":"ValueEntry","value":"{\"_name\":\"bundleName\",\"_value\":\"com.example.myapplication\",\"_valueType\":\"string\"}"},{"dataType":"ValueEntry","value":"{\"_name\":\"versionCode\",\"_value\":1000000,\"_valueType\":\"number\"}"},{"dataType":"ValueEntry","value":"{\"_name\":\"BUILTIN_TASK_COMMAND\",\"_value\":\"\",\"_valueType\":\"string\"}"},{"dataType":"ValueEntry","value":"{\"_name\":\"BUILTIN_TASK_TOOLCHAIN\",\"_value\":\"\",\"_valueType\":\"string\"}"},{"dataType":"ValueEntry","value":"{\"_name\":\"BUILTIN_TASK_ENV\",\"_value\":\"\",\"_valueType\":\"string\"}"}],"_successful":true,"_projectName":"MyApplication","_moduleName":"entry","_taskName":"default@ProcessIntegratedHsp","_key":":MyApplication:entry:default@ProcessIntegratedHsp","_executionId":":MyApplication:entry:default@ProcessIntegratedHsp:1766892618677","_inputFiles":{"dataType":"Map","value":[]},"_outputFiles":{"dataType":"Map","value":[["C:\\Users\\19782\\DevEcoStudioProjects\\MyApplication\\build\\cache\\default\\integrated_hsp\\integratedHspCache.json",{"isDirectory":false,"fileSnapShotHashValue":""}]]}},":MyApplication:entry:default@MakePackInfo":{"_inputs":[{"dataType":"ValueEntry","value":"{\"_name\":\"BUILTIN_TASK_COMMAND\",\"_value\":\"\",\"_valueType\":\"string\"}"},{"dataType":"ValueEntry","value":"{\"_name\":\"BUILTIN_TASK_ENV\",\"_value\":\"\",\"_valueType\":\"string\"}"},{"dataType":"ValueEntry","value":"{\"_name\":\"BUILTIN_TASK_TOOLCHAIN\",\"_value\":\"\",\"_valueType\":\"string\"}"},{"dataType":"ValueEntry","value":"{\"_name\":\"appResOpt\",\"_value\":\"{\\\"app\\\":{\\\"bundleName\\\":\\\"com.example.myapplication\\\",\\\"vendor\\\":\\\"example\\\",\\\"versionCode\\\":1000000,\\\"versionName\\\":\\\"1.0.0\\\",\\\"icon\\\":\\\"$media:layered_image\\\",\\\"label\\\":\\\"$string:app_name\\\"}}\",\"_valueType\":\"string\"}"},{"dataType":"ValueEntry","value":"{\"_name\":\"compatibleSdkVersion\",\"_value\":21,\"_valueType\":\"number\"}"},{"dataType":"ValueEntry","value":"{\"_name\":\"compileSdkVersion\",\"_value\":21,\"_valueType\":\"number\"}"},{"dataType":"ValueEntry","value":"{\"_name\":\"deviceTypes\",\"_value\":[\"phone\"],\"_valueType\":\"object\"}"},{"dataType":"ValueEntry","value":"{\"_name\":\"integratedHsp\",\"_value\":false,\"_valueType\":\"boolean\"}"},{"dataType":"ValueEntry","value":"{\"_name\":\"moduleJsonOpt\",\"_value\":\"{\\\"module\\\":{\\\"name\\\":\\\"entry\\\",\\\"type\\\":\\\"entry\\\",\\\"description\\\":\\\"$string:module_desc\\\",\\\"mainElement\\\":\\\"EntryAbility\\\",\\\"deviceTypes\\\":[\\\"phone\\\"],\\\"deliveryWithInstall\\\":true,\\\"pages\\\":\\\"$profile:main_pages\\\",\\\"abilities\\\":[{\\\"name\\\":\\\"EntryAbility\\\",\\\"srcEntry\\\":\\\"./ets/entryability/EntryAbility.ets\\\",\\\"description\\\":\\\"$string:EntryAbility_desc\\\",\\\"icon\\\":\\\"$media:layered_image\\\",\\\"label\\\":\\\"$string:EntryAbility_label\\\",\\\"startWindowIcon\\\":\\\"$media:startIcon\\\",\\\"startWindowBackground\\\":\\\"$color:start_window_background\\\",\\\"exported\\\":true,\\\"skills\\\":[{\\\"entities\\\":[\\\"entity.system.home\\\"],\\\"actions\\\":[\\\"ohos.want.action.home\\\"]}]}],\\\"extensionAbilities\\\":[{\\\"name\\\":\\\"EntryBackupAbility\\\",\\\"srcEntry\\\":\\\"./ets/entrybackupability/EntryBackupAbility.ets\\\",\\\"type\\\":\\\"backup\\\",\\\"exported\\\":false,\\\"metadata\\\":[{\\\"name\\\":\\\"ohos.extension.backup\\\",\\\"resource\\\":\\\"$profile:backup_config\\\"}]}]}}\",\"_valueType\":\"string\"}"},{"dataType":"ValueEntry","value":"{\"_name\":\"projectConfigAppOpt\",\"_valueType\":\"undefined\"}"},{"dataType":"ValueEntry","value":"{\"_name\":\"releaseType\",\"_value\":\"Release\",\"_valueType\":\"string\"}"}],"_successful":true,"_projectName":"MyApplication","_moduleName":"entry","_taskName":"default@MakePackInfo","_key":":MyApplication:entry:default@MakePackInfo","_executionId":":MyApplication:entry:default@MakePackInfo:1766809709515","_inputFiles":{"dataType":"Map","value":[["C:\\Users\\19782\\DevEcoStudioProjects\\MyApplication\\AppScope\\app.json5",{"fileSnapShotHashValue":"851f82cb1284bcb29a826bfad36c0e2462cb043df483a9aa6df8925b82edcdab"}],["C:\\Users\\19782\\DevEcoStudioProjects\\MyApplication\\entry\\src\\main\\module.json5",{"fileSnapShotHashValue":"ba1a89b190cb4e26fc92903a059afdf58e398a0ac912e0f5c5cad886dbef96f5"}],["C:\\Users\\19782\\DevEcoStudioProjects\\MyApplication\\build-profile.json5",{"fileSnapShotHashValue":"0481576b472af20db25e8e11b04c1beae7c75473db67c8c06dd6881021c2d172"}],["C:\\Users\\19782\\DevEcoStudioProjects\\MyApplication\\entry\\src\\main\\resources\\base\\profile\\backup_config.json",{"fileSnapShotHashValue":"b3611b00b45d5d10df5a8156fce8f094ed23f5c8c5dd68a7171128cb7de84f6d"}]]},"_outputFiles":{"dataType":"Map","value":[["C:\\Users\\19782\\DevEcoStudioProjects\\MyApplication\\entry\\build\\default\\outputs\\default\\pack.info",{"fileSnapShotHashValue":"c048e37c1f941b02fa6efb57ec3738146c7d5a7a942ac2cb5f4797374b72b612"}]]}},":MyApplication:entry:default@SyscapTransform":{"_inputs":[{"dataType":"ValueEntry","value":"{\"_name\":\"deviceTypes\",\"_value\":[\"phone\"],\"_valueType\":\"object\"}"},{"dataType":"ValueEntry","value":"{\"_name\":\"BUILTIN_TASK_COMMAND\",\"_value\":\"\",\"_valueType\":\"string\"}"},{"dataType":"ValueEntry","value":"{\"_name\":\"BUILTIN_TASK_TOOLCHAIN\",\"_value\":\"\",\"_valueType\":\"string\"}"},{"dataType":"ValueEntry","value":"{\"_name\":\"BUILTIN_TASK_ENV\",\"_value\":\"\",\"_valueType\":\"string\"}"}],"_successful":true,"_projectName":"MyApplication","_moduleName":"entry","_taskName":"default@SyscapTransform","_key":":MyApplication:entry:default@SyscapTransform","_executionId":":MyApplication:entry:default@SyscapTransform:1766892618693","_inputFiles":{"dataType":"Map","value":[["C:\\Huawei\\DevEcoStudio\\sdk\\default\\openharmony\\toolchains\\syscap_tool.exe",{"fileSnapShotHashValue":"b95d766cad5c9221c71d16029441d991e07310b0f9a76bcc1263ab852374e57f"}],["C:\\Huawei\\DevEcoStudio\\sdk\\default\\openharmony\\ets\\api\\device-define",{"fileSnapShotHashValue":"35d3a948a8afc53d8cbdb3f6e8c7827f4983c2d5bbc9ff3667bca9770932bf8a"}]]},"_outputFiles":{"dataType":"Map","value":[["C:\\Users\\19782\\DevEcoStudioProjects\\MyApplication\\entry\\build\\default\\intermediates\\syscap\\default\\rpcid.sc",{"fileSnapShotHashValue":""}]]}},":MyApplication:entry:default@ProcessProfile":{"_inputs":[{"dataType":"ValueEntry","value":"{\"_name\":\"BUILTIN_TASK_COMMAND\",\"_value\":\"\",\"_valueType\":\"string\",\"_hash\":\"6c1049eece256c5ecd9a72bb60d260f5eaa0c767e9261531c19a2711a4384caa\"}"},{"dataType":"ValueEntry","value":"{\"_name\":\"BUILTIN_TASK_ENV\",\"_value\":\"\",\"_valueType\":\"string\",\"_hash\":\"fab23d53b4bed861bede91aa55abd54ccbb48f2366122ec79fa9d6a917cab83a\"}"},{"dataType":"ValueEntry","value":"{\"_name\":\"BUILTIN_TASK_TOOLCHAIN\",\"_value\":\"\",\"_valueType\":\"string\",\"_hash\":\"f354d8b3443da1d086e3f8d488045965d1abb7d86e6d7602e63c46d85ae85454\"}"},{"dataType":"ValueEntry","value":"{\"_name\":\"arkEnable\",\"_value\":true,\"_valueType\":\"boolean\",\"_hash\":\"7b9b15dd1b9fc3e86436218773a6dc9dc99032a90912d6a5212068ffccdf88eb\"}"},{"dataType":"ValueEntry","value":"{\"_name\":\"compatibleSdkVersionStage\",\"_value\":\"\",\"_valueType\":\"string\",\"_hash\":\"599a81d443ce3c73d7590482a735e3d8a65f1189a234a2b3b132d2c337942af6\"}"},{"dataType":"ValueEntry","value":"{\"_name\":\"compileMode\",\"_value\":\"esmodule\",\"_valueType\":\"string\",\"_hash\":\"b252a618b764d3a16946606383b78d4fb15c248889fa7eeaeaf03053cb658f5a\"}"},{"dataType":"ValueEntry","value":"{\"_name\":\"dependency\",\"_value\":\"[]\",\"_valueType\":\"string\",\"_hash\":\"9d1613100177e076da7529c27f37d83c55cc84cdbf3ea8ed9c413dfeab139615\"}"},{"dataType":"ValueEntry","value":"{\"_name\":\"deviceTypes\",\"_value\":[\"phone\"],\"_valueType\":\"object\",\"_hash\":\"ff9c705bd66ebea0c0ee769e3dd2b8613997fae46b2a946c0afb40ddb17f532e\"}"},{"dataType":"ValueEntry","value":"{\"_name\":\"harExcludeHSPDependencies\",\"_valueType\":\"undefined\",\"_hash\":\"331c1752db2c29f99b65f1d0dca12ed8c44c4c83200d526bea1a713724931403\"}"},{"dataType":"ValueEntry","value":"{\"_name\":\"isFakeUIAbilityExists\",\"_value\":true,\"_valueType\":\"boolean\",\"_hash\":\"4467e007ba6c5922669f1580369dd5441a82d68f3c6a651993efbba98801cb1e\"}"}],"_successful":true,"_projectName":"MyApplication","_moduleName":"entry","_taskName":"default@ProcessProfile","_key":":MyApplication:entry:default@ProcessProfile","_executionId":":MyApplication:entry:default@ProcessProfile:1766971031032","_inputFiles":{"dataType":"Map","value":[["C:\\Users\\19782\\DevEcoStudioProjects\\MyApplication\\entry\\.preview\\default\\intermediates\\merge_profile\\default\\module.json",{"fileSnapShotHashValue":"de4922ef1647fb934e8858760905133a283d9a74b5a0f211aaf4e56e5ae4cc79"}]]},"_outputFiles":{"dataType":"Map","value":[["C:\\Users\\19782\\DevEcoStudioProjects\\MyApplication\\entry\\.preview\\default\\intermediates\\process_profile\\default\\module.json",{"fileSnapShotHashValue":"cea477facb4bb4b3820703a90f955fdf2d386e56781bb3ec2747c0eb2cf48a6e"}]]}},":MyApplication:entry:default@ProcessRouterMap":{"_inputs":[{"dataType":"ValueEntry","value":"{\"_name\":\"BUILTIN_TASK_COMMAND\",\"_value\":\"\",\"_valueType\":\"string\",\"_hash\":\"6c1049eece256c5ecd9a72bb60d260f5eaa0c767e9261531c19a2711a4384caa\"}"},{"dataType":"ValueEntry","value":"{\"_name\":\"BUILTIN_TASK_ENV\",\"_value\":\"\",\"_valueType\":\"string\",\"_hash\":\"fab23d53b4bed861bede91aa55abd54ccbb48f2366122ec79fa9d6a917cab83a\"}"},{"dataType":"ValueEntry","value":"{\"_name\":\"BUILTIN_TASK_TOOLCHAIN\",\"_value\":\"\",\"_valueType\":\"string\",\"_hash\":\"f354d8b3443da1d086e3f8d488045965d1abb7d86e6d7602e63c46d85ae85454\"}"},{"dataType":"ValueEntry","value":"{\"_name\":\"byteCodeHar\",\"_value\":false,\"_valueType\":\"boolean\",\"_hash\":\"4a2f0b0a7b1684665f4cfdf556e7849eb7b76fd73c8be3b83a43ccf9022a23dc\"}"},{"dataType":"ValueEntry","value":"{\"_name\":\"obfuscated\",\"_value\":true,\"_valueType\":\"boolean\",\"_hash\":\"63574f7bd39da453b2e948ec0bacfd459aa4c1261de54c243aad1a259378ea39\"}"},{"dataType":"ValueEntry","value":"{\"_name\":\"useNormalizedOHMUrl\",\"_value\":true,\"_valueType\":\"boolean\",\"_hash\":\"0224eeca0e5401fc0c653dbed2bab63ff91b2d1c8e23719fbab4e11e695311d9\"}"}],"_successful":true,"_projectName":"MyApplication","_moduleName":"entry","_taskName":"default@ProcessRouterMap","_key":":MyApplication:entry:default@ProcessRouterMap","_executionId":":MyApplication:entry:default@ProcessRouterMap:1766971031362","_inputFiles":{"dataType":"Map","value":[["C:\\Users\\19782\\DevEcoStudioProjects\\MyApplication\\entry\\oh-package.json5",{"fileSnapShotHashValue":"54268546a4c376190c68babeeb1b2ff9072a1c674537507cf99df0db1b303354"}],["C:\\Users\\19782\\DevEcoStudioProjects\\MyApplication\\oh-package.json5",{"fileSnapShotHashValue":"d83e7f79dbc52890b56054407b59487aee5c16adda9dbe9f832cae8d5641252e"}],["C:\\Users\\19782\\DevEcoStudioProjects\\MyApplication\\entry\\src\\main\\module.json5",{"fileSnapShotHashValue":"ba1a89b190cb4e26fc92903a059afdf58e398a0ac912e0f5c5cad886dbef96f5"}],["C:\\Users\\19782\\DevEcoStudioProjects\\MyApplication\\entry\\.preview\\default\\intermediates\\loader\\default\\pkgContextInfo.json",{"fileSnapShotHashValue":"894762f13d510c4863f8574b40b0a4cd0d08a94f540ff6abb941257858bda676"}]]},"_outputFiles":{"dataType":"Map","value":[["C:\\Users\\19782\\DevEcoStudioProjects\\MyApplication\\entry\\.preview\\default\\intermediates\\router_map\\default\\temp-router-map.json",{"fileSnapShotHashValue":"5f08cb23fd3fff741b90b1302af1d081a711d26258c6697a87d35368e27778dd"}],["C:\\Users\\19782\\DevEcoStudioProjects\\MyApplication\\entry\\.preview\\default\\intermediates\\router_map\\default\\loader-router-map.json",{"fileSnapShotHashValue":"97223f38c352e9416469dc4e3b7692141d650cbfb36815cfa095e12c6d69d639"}]]}},":MyApplication:entry:default@ProcessShareConfig":{"_inputs":[{"dataType":"ValueEntry","value":"{\"_name\":\"BUILTIN_TASK_COMMAND\",\"_value\":\"\",\"_valueType\":\"string\",\"_hash\":\"6c1049eece256c5ecd9a72bb60d260f5eaa0c767e9261531c19a2711a4384caa\"}"},{"dataType":"ValueEntry","value":"{\"_name\":\"BUILTIN_TASK_ENV\",\"_value\":\"\",\"_valueType\":\"string\",\"_hash\":\"fab23d53b4bed861bede91aa55abd54ccbb48f2366122ec79fa9d6a917cab83a\"}"},{"dataType":"ValueEntry","value":"{\"_name\":\"BUILTIN_TASK_TOOLCHAIN\",\"_value\":\"\",\"_valueType\":\"string\",\"_hash\":\"f354d8b3443da1d086e3f8d488045965d1abb7d86e6d7602e63c46d85ae85454\"}"}],"_successful":true,"_projectName":"MyApplication","_moduleName":"entry","_taskName":"default@ProcessShareConfig","_key":":MyApplication:entry:default@ProcessShareConfig","_executionId":":MyApplication:entry:default@ProcessShareConfig:1766971031367","_inputFiles":{"dataType":"Map","value":[["C:\\Users\\19782\\DevEcoStudioProjects\\MyApplication\\entry\\oh-package.json5",{"fileSnapShotHashValue":"54268546a4c376190c68babeeb1b2ff9072a1c674537507cf99df0db1b303354"}],["C:\\Users\\19782\\DevEcoStudioProjects\\MyApplication\\oh-package.json5",{"fileSnapShotHashValue":"d83e7f79dbc52890b56054407b59487aee5c16adda9dbe9f832cae8d5641252e"}],["C:\\Users\\19782\\DevEcoStudioProjects\\MyApplication\\entry\\src\\main\\module.json5",{"fileSnapShotHashValue":"ba1a89b190cb4e26fc92903a059afdf58e398a0ac912e0f5c5cad886dbef96f5"}],["C:\\Users\\19782\\DevEcoStudioProjects\\MyApplication\\entry\\.preview\\default\\intermediates\\loader\\default\\pkgContextInfo.json",{"fileSnapShotHashValue":"894762f13d510c4863f8574b40b0a4cd0d08a94f540ff6abb941257858bda676"}]]},"_outputFiles":{"dataType":"Map","value":[["C:\\Users\\19782\\DevEcoStudioProjects\\MyApplication\\entry\\.preview\\default\\intermediates\\share_config\\default\\temp-share-config.json",{"fileSnapShotHashValue":"1ae2beb5dbc6c86b7bee8246c4c17898fcd1368dfaf4f6bc0a7b2c2b99002255"}]]}},":MyApplication:entry:default@ProcessStartupConfig":{"_inputs":[{"dataType":"ValueEntry","value":"{\"_name\":\"appStartupFileName\",\"_value\":\"\",\"_valueType\":\"string\"}"},{"dataType":"ValueEntry","value":"{\"_name\":\"useNormalizedOHMUrl\",\"_value\":true,\"_valueType\":\"boolean\"}"},{"dataType":"ValueEntry","value":"{\"_name\":\"shouldCollectPreloadSystemSo\",\"_value\":false,\"_valueType\":\"boolean\"}"},{"dataType":"ValueEntry","value":"{\"_name\":\"BUILTIN_TASK_COMMAND\",\"_value\":\"\",\"_valueType\":\"string\"}"},{"dataType":"ValueEntry","value":"{\"_name\":\"BUILTIN_TASK_TOOLCHAIN\",\"_value\":\"\",\"_valueType\":\"string\"}"},{"dataType":"ValueEntry","value":"{\"_name\":\"BUILTIN_TASK_ENV\",\"_value\":\"\",\"_valueType\":\"string\"}"}],"_successful":true,"_projectName":"MyApplication","_moduleName":"entry","_taskName":"default@ProcessStartupConfig","_key":":MyApplication:entry:default@ProcessStartupConfig","_executionId":":MyApplication:entry:default@ProcessStartupConfig:1767066359793","_inputFiles":{"dataType":"Map","value":[["C:\\Users\\19782\\DevEcoStudioProjects\\MyApplication\\entry\\.preview\\default\\intermediates\\loader\\default\\pkgContextInfo.json",{"fileSnapShotHashValue":"894762f13d510c4863f8574b40b0a4cd0d08a94f540ff6abb941257858bda676"}]]},"_outputFiles":{"dataType":"Map","value":[["C:\\Users\\19782\\DevEcoStudioProjects\\MyApplication\\entry\\.preview\\default\\intermediates\\startup\\default\\startup_config.json",{"fileSnapShotHashValue":""}]]}},":MyApplication:entry:default@ProcessResource":{"_inputs":[{"dataType":"ValueEntry","value":"{\"_name\":\"BUILTIN_TASK_COMMAND\",\"_value\":\"\",\"_valueType\":\"string\"}"},{"dataType":"ValueEntry","value":"{\"_name\":\"BUILTIN_TASK_ENV\",\"_value\":\"\",\"_valueType\":\"string\"}"},{"dataType":"ValueEntry","value":"{\"_name\":\"BUILTIN_TASK_TOOLCHAIN\",\"_value\":\"\",\"_valueType\":\"string\"}"},{"dataType":"ValueEntry","value":"{\"_name\":\"C:\\\\Users\\\\19782\\\\DevEcoStudioProjects\\\\MyApplication\\\\entry\\\\build\\\\default\\\\intermediates\\\\res\\\\default\\\\opt-compression.json\",\"_value\":\"{\\\"context\\\":{\\\"extensionPath\\\":\\\"C:\\\\\\\\Huawei\\\\\\\\DevEcoStudio\\\\\\\\sdk\\\\\\\\default\\\\\\\\hms\\\\\\\\toolchains\\\\\\\\lib\\\\\\\\libimage_transcoder_shared.dll\\\"},\\\"compression\\\":{\\\"media\\\":{\\\"enable\\\":false},\\\"filters\\\":[]}}\",\"_valueType\":\"string\"}"},{"dataType":"ValueEntry","value":"{\"_name\":\"ignoreResourcePattern\",\"_value\":\"\",\"_valueType\":\"string\"}"},{"dataType":"ValueEntry","value":"{\"_name\":\"includeAppScopeRes\",\"_value\":\"\",\"_valueType\":\"string\"}"},{"dataType":"ValueEntry","value":"{\"_name\":\"resConfigJsonContent\",\"_value\":\"{\\\"configPath\\\":\\\"C:\\\\\\\\Users\\\\\\\\19782\\\\\\\\DevEcoStudioProjects\\\\\\\\MyApplication\\\\\\\\entry\\\\\\\\build\\\\\\\\default\\\\\\\\intermediates\\\\\\\\process_profile\\\\\\\\default\\\\\\\\module.json\\\",\\\"packageName\\\":\\\"com.example.myapplication\\\",\\\"output\\\":\\\"C:\\\\\\\\Users\\\\\\\\19782\\\\\\\\DevEcoStudioProjects\\\\\\\\MyApplication\\\\\\\\entry\\\\\\\\build\\\\\\\\default\\\\\\\\intermediates\\\\\\\\res\\\\\\\\default\\\",\\\"moduleNames\\\":\\\"entry\\\",\\\"ResourceTable\\\":[\\\"C:\\\\\\\\Users\\\\\\\\19782\\\\\\\\DevEcoStudioProjects\\\\\\\\MyApplication\\\\\\\\entry\\\\\\\\build\\\\\\\\default\\\\\\\\generated\\\\\\\\r\\\\\\\\default\\\\\\\\ResourceTable.h\\\"],\\\"applicationResource\\\":\\\"C:\\\\\\\\Users\\\\\\\\19782\\\\\\\\DevEcoStudioProjects\\\\\\\\MyApplication\\\\\\\\AppScope\\\\\\\\resources\\\",\\\"moduleResources\\\":[\\\"C:\\\\\\\\Users\\\\\\\\19782\\\\\\\\DevEcoStudioProjects\\\\\\\\MyApplication\\\\\\\\entry\\\\\\\\src\\\\\\\\main\\\\\\\\resources\\\"],\\\"dependencies\\\":[],\\\"iconCheck\\\":true,\\\"ids\\\":\\\"C:\\\\\\\\Users\\\\\\\\19782\\\\\\\\DevEcoStudioProjects\\\\\\\\MyApplication\\\\\\\\entry\\\\\\\\build\\\\\\\\default\\\\\\\\intermediates\\\\\\\\res\\\\\\\\default\\\\\\\\ids_map\\\",\\\"definedIds\\\":\\\"C:\\\\\\\\Users\\\\\\\\19782\\\\\\\\DevEcoStudioProjects\\\\\\\\MyApplication\\\\\\\\entry\\\\\\\\build\\\\\\\\default\\\\\\\\intermediates\\\\\\\\res\\\\\\\\default\\\\\\\\ids_map\\\\\\\\id_defined.json\\\",\\\"definedSysIds\\\":\\\"C:\\\\\\\\Huawei\\\\\\\\DevEcoStudio\\\\\\\\sdk\\\\\\\\default\\\\\\\\hms\\\\\\\\toolchains\\\\\\\\id_defined.json\\\"}\",\"_valueType\":\"string\"}"},{"dataType":"ValueEntry","value":"{\"_name\":\"resource_str\",\"_value\":false,\"_valueType\":\"boolean\"}"}],"_successful":true,"_projectName":"MyApplication","_moduleName":"entry","_taskName":"default@ProcessResource","_key":":MyApplication:entry:default@ProcessResource","_executionId":":MyApplication:entry:default@ProcessResource:1766809710512","_inputFiles":{"dataType":"Map","value":[]},"_outputFiles":{"dataType":"Map","value":[["C:\\Users\\19782\\DevEcoStudioProjects\\MyApplication\\entry\\build\\default\\intermediates\\res\\default\\resConfig.json",{"isDirectory":false,"fileSnapShotHashValue":"c0e8cb2690e91aba34bb58e5d795405cabb6ba8709a7e88ca3d71e6c7d1160b0"}],["C:\\Users\\19782\\DevEcoStudioProjects\\MyApplication\\entry\\build\\default\\intermediates\\res\\default\\opt-compression.json",{"isDirectory":false,"fileSnapShotHashValue":"113b852e9454f7800f23aec442cbdc756b670e5ecee8cf7ecfa03fc423ad35ce"}]]}},":MyApplication:entry:default@GenerateLoaderJson":{"_inputs":[{"dataType":"ValueEntry","value":"{\"_name\":\"BUILTIN_TASK_COMMAND\",\"_value\":\"\",\"_valueType\":\"string\",\"_hash\":\"6c1049eece256c5ecd9a72bb60d260f5eaa0c767e9261531c19a2711a4384caa\"}"},{"dataType":"ValueEntry","value":"{\"_name\":\"BUILTIN_TASK_ENV\",\"_value\":\"\",\"_valueType\":\"string\",\"_hash\":\"fab23d53b4bed861bede91aa55abd54ccbb48f2366122ec79fa9d6a917cab83a\"}"},{"dataType":"ValueEntry","value":"{\"_name\":\"BUILTIN_TASK_TOOLCHAIN\",\"_value\":\"\",\"_valueType\":\"string\",\"_hash\":\"f354d8b3443da1d086e3f8d488045965d1abb7d86e6d7602e63c46d85ae85454\"}"},{"dataType":"ValueEntry","value":"{\"_name\":\"anBuildMode\",\"_value\":\"type\",\"_valueType\":\"string\",\"_hash\":\"b6c2cdf83442e0a2e9276b44ad76436c6d0bcc210edecb703114e95a598dc3c3\"}"},{"dataType":"ValueEntry","value":"{\"_name\":\"apPath\",\"_value\":\"C:\\\\Users\\\\19782\\\\DevEcoStudioProjects\\\\MyApplication\\\\entry\\\\modules.ap\",\"_valueType\":\"string\",\"_hash\":\"7dbe7f3021bb4e8c833d16f6807ccd82879d298a18ea610ba98d1d045a47fed3\"}"},{"dataType":"ValueEntry","value":"{\"_name\":\"appStartupFileName\",\"_value\":\"\",\"_valueType\":\"string\",\"_hash\":\"08d4364dd4e30f366a567cdf729bce6192c7be3a576ec780f3246de4aab394b2\"}"},{"dataType":"ValueEntry","value":"{\"_name\":\"compatibleApiVersion\",\"_value\":21,\"_valueType\":\"number\",\"_hash\":\"624a96f106d6b8478cc921abcf4151a1fc63573f476f9bf62fd1cfedac78067a\"}"},{"dataType":"ValueEntry","value":"{\"_name\":\"compileApiVersion\",\"_value\":21,\"_valueType\":\"number\",\"_hash\":\"172e07e1335bae92f1242f8a7ae7145e7cc2346411314feb3d79274c65d19671\"}"},{"dataType":"ValueEntry","value":"{\"_name\":\"compileMode\",\"_value\":\"esmodule\",\"_valueType\":\"string\",\"_hash\":\"b252a618b764d3a16946606383b78d4fb15c248889fa7eeaeaf03053cb658f5a\"}"},{"dataType":"ValueEntry","value":"{\"_name\":\"fallbackAnBuild\",\"_value\":false,\"_valueType\":\"boolean\",\"_hash\":\"6f8ed2a511c0bba942d7dcfa03ce73e61df388e1078d8aa764eab1ed2579ffbe\"}"},{"dataType":"ValueEntry","value":"{\"_name\":\"harNameOhmMap\",\"_value\":\"{}\",\"_valueType\":\"string\",\"_hash\":\"acc11cef2aff25c28c5419917e8ca31d827bff2f1f80b5f15bed3075b95d2453\"}"},{"dataType":"ValueEntry","value":"{\"_name\":\"hspNameOhmMap\",\"_value\":\"{}\",\"_valueType\":\"string\",\"_hash\":\"aa81d73257173f0b16a1e81016649a76f0a7185c632329bedc7591c5cd891a26\"}"},{"dataType":"ValueEntry","value":"{\"_name\":\"isBundledDependencies\",\"_value\":false,\"_valueType\":\"boolean\",\"_hash\":\"2a22b42a8504b32b68a8cc4173a9e266e6540a9372bf6553176105f698c20dc2\"}"},{"dataType":"ValueEntry","value":"{\"_name\":\"isByteCodeHar\",\"_value\":false,\"_valueType\":\"boolean\",\"_hash\":\"31aa2831dc8ab7d38bfe1091d4eb58c38ef100d622c96497f4e1c6e12552058f\"}"},{"dataType":"ValueEntry","value":"{\"_name\":\"isByteCodeHarOptimize\",\"_value\":false,\"_valueType\":\"boolean\",\"_hash\":\"765fcc2a093117f1d048b712c99977ad120ee4b32fbeed77fca6f1d07d4b3bc0\"}"},{"dataType":"ValueEntry","value":"{\"_name\":\"isFullCompilationEnabled\",\"_value\":true,\"_valueType\":\"boolean\",\"_hash\":\"bdc425fc76182216717b60e6f66f4259cd2a62ca4644d08b4c942f5424be8abc\"}"},{"dataType":"ValueEntry","value":"{\"_name\":\"isHarWithCoverage\",\"_value\":false,\"_valueType\":\"boolean\",\"_hash\":\"7a6ae2a3f4fb0a66f3dc3df4cb8e5ed15d62ba95343bf2c447c668fc09bd75cd\"}"},{"dataType":"ValueEntry","value":"{\"_name\":\"isOhosTest\",\"_value\":false,\"_valueType\":\"boolean\",\"_hash\":\"de6340d3d0a55dfab74711d2022cbe7a75d555e002e47935640e8115424af634\"}"},{"dataType":"ValueEntry","value":"{\"_name\":\"modulePathMap\",\"_value\":\"{\\\"entry\\\":\\\"C:\\\\\\\\Users\\\\\\\\19782\\\\\\\\DevEcoStudioProjects\\\\\\\\MyApplication\\\\\\\\entry\\\"}\",\"_valueType\":\"string\",\"_hash\":\"6cd4ef0aba7efb26a18872c6385ab5bb836f9b4c941f4e864471a461c367ec42\"}"},{"dataType":"ValueEntry","value":"{\"_name\":\"module_dependencies\",\"_value\":\"{}\",\"_valueType\":\"string\",\"_hash\":\"dc42a51d1dfe949cec0fd4528c57600bf4a35bb856351425df468d109bfac523\"}"},{"dataType":"ValueEntry","value":"{\"_name\":\"needSubmitArkTsWidget\",\"_value\":false,\"_valueType\":\"boolean\",\"_hash\":\"b7eb2cc34539dd6a8fc1ccae4b3b043e164f4e8b113031a5fe6444fdb13433e7\"}"},{"dataType":"ValueEntry","value":"{\"_name\":\"nodeModulesPath\",\"_value\":\"C:\\\\Users\\\\19782\\\\DevEcoStudioProjects\\\\MyApplication\\\\entry\\\\.preview\\\\default\\\\intermediates\\\\loader_out\\\\default\\\\node_modules\",\"_valueType\":\"string\",\"_hash\":\"5cdcf6b1d522e2072587d3e6a225548dd2d8c4f3f41c6896896733779547e8b9\"}"},{"dataType":"ValueEntry","value":"{\"_name\":\"overrides\",\"_valueType\":\"undefined\",\"_hash\":\"76b98eeb6f5b5311e5e4846e8d49c6f29c84b1224760f1658f8089449a1bf5a8\"}"},{"dataType":"ValueEntry","value":"{\"_name\":\"patchConfig\",\"_valueType\":\"undefined\",\"_hash\":\"8442ccabc174804e5725865d8a313aeceb517d2cfbf6aa79d8a198ec4400d8bb\"}"},{"dataType":"ValueEntry","value":"{\"_name\":\"projectRootPath\",\"_value\":\"C:\\\\Users\\\\19782\\\\DevEcoStudioProjects\\\\MyApplication\",\"_valueType\":\"string\",\"_hash\":\"7f621d82a347cff494b8d2f6a453ea1c7dce61ba853b19b4dd129a2bb58d843a\"}"},{"dataType":"ValueEntry","value":"{\"_name\":\"project_dependencies\",\"_value\":\"{}\",\"_valueType\":\"string\",\"_hash\":\"30e15006623b569eb4f21b8830aba9be052048c8b9bfd50783641fd324aaf508\"}"},{"dataType":"ValueEntry","value":"{\"_name\":\"shouldTreatHarAsHap\",\"_value\":false,\"_valueType\":\"boolean\",\"_hash\":\"9722cc179e8721df3beeeebd7c6023318e49eea338f2c3a57f278c73cb4fa861\"}"},{"dataType":"ValueEntry","value":"{\"_name\":\"targetConfig\",\"_value\":\"{\\\"name\\\":\\\"default\\\"}\",\"_valueType\":\"string\",\"_hash\":\"00edb30e03b595b8e9a369830919ac2710fc4c049774eee6932498b142d1a8ea\"}"},{"dataType":"ValueEntry","value":"{\"_name\":\"useNormalizedOHMUrl\",\"_value\":true,\"_valueType\":\"boolean\",\"_hash\":\"0224eeca0e5401fc0c653dbed2bab63ff91b2d1c8e23719fbab4e11e695311d9\"}"}],"_successful":true,"_projectName":"MyApplication","_moduleName":"entry","_taskName":"default@GenerateLoaderJson","_key":":MyApplication:entry:default@GenerateLoaderJson","_executionId":":MyApplication:entry:default@GenerateLoaderJson:1766971031384","_inputFiles":{"dataType":"Map","value":[["C:\\Users\\19782\\DevEcoStudioProjects\\MyApplication\\entry\\src\\mock\\mock-config.json5",{"fileSnapShotHashValue":"7d694e3509eabdf88d19c33a0a7a1032fe4f24a422cb88de622757e79bad260c"}],["C:\\Users\\19782\\DevEcoStudioProjects\\MyApplication\\entry\\.preview\\default\\intermediates\\loader\\default\\pkgContextInfo.json",{"fileSnapShotHashValue":"894762f13d510c4863f8574b40b0a4cd0d08a94f540ff6abb941257858bda676"}],["C:\\Users\\19782\\DevEcoStudioProjects\\MyApplication\\entry\\.preview\\default\\intermediates\\router_map\\default\\temp-router-map.json",{"fileSnapShotHashValue":"5f08cb23fd3fff741b90b1302af1d081a711d26258c6697a87d35368e27778dd"}]]},"_outputFiles":{"dataType":"Map","value":[["C:\\Users\\19782\\DevEcoStudioProjects\\MyApplication\\entry\\.preview\\default\\intermediates\\loader\\default\\loader.json",{"isDirectory":false,"fileSnapShotHashValue":"9cbf7a0d9fa10eef104e2e960c8e82a77fc88d8d7e63f9ee6236249b4647e176"}]]}},":MyApplication:entry:default@ProcessLibs":{"_inputs":[{"dataType":"ValueEntry","value":"{\"_name\":\"BUILTIN_TASK_COMMAND\",\"_value\":\"\",\"_valueType\":\"string\"}"},{"dataType":"ValueEntry","value":"{\"_name\":\"BUILTIN_TASK_ENV\",\"_value\":\"\",\"_valueType\":\"string\"}"},{"dataType":"ValueEntry","value":"{\"_name\":\"BUILTIN_TASK_TOOLCHAIN\",\"_value\":\"\",\"_valueType\":\"string\"}"},{"dataType":"ValueEntry","value":"{\"_name\":\"excludeFromHar\",\"_value\":true,\"_valueType\":\"boolean\"}"},{"dataType":"ValueEntry","value":"{\"_name\":\"isBundledDependencies\",\"_value\":false,\"_valueType\":\"boolean\"}"},{"dataType":"ValueEntry","value":"{\"_name\":\"isByteCodeHar\",\"_value\":false,\"_valueType\":\"boolean\"}"}],"_successful":true,"_projectName":"MyApplication","_moduleName":"entry","_taskName":"default@ProcessLibs","_key":":MyApplication:entry:default@ProcessLibs","_executionId":":MyApplication:entry:default@ProcessLibs:1766809710537","_inputFiles":{"dataType":"Map","value":[["C:\\Users\\19782\\DevEcoStudioProjects\\MyApplication\\build-profile.json5",{"fileSnapShotHashValue":"0481576b472af20db25e8e11b04c1beae7c75473db67c8c06dd6881021c2d172"}],["C:\\Users\\19782\\DevEcoStudioProjects\\MyApplication\\entry\\build-profile.json5",{"fileSnapShotHashValue":"546f7fbed9facace50bbbc32bb242b548fc6ea3f74294887001c46cdcb5455d3"}]]},"_outputFiles":{"dataType":"Map","value":[["C:\\Users\\19782\\DevEcoStudioProjects\\MyApplication\\entry\\build\\default\\intermediates\\libs\\default",{"isDirectory":true,"fileSnapShotHashValue":""}]]}},":MyApplication:entry:default@CompileResource":{"_inputs":[{"dataType":"ValueEntry","value":"{\"_name\":\"TARGET_CONFIG\",\"_value\":\"{\\\"name\\\":\\\"default\\\"}\",\"_valueType\":\"string\"}"},{"dataType":"ValueEntry","value":"{\"_name\":\"useNormalizedOHMUrl\",\"_value\":true,\"_valueType\":\"boolean\"}"},{"dataType":"ValueEntry","value":"{\"_name\":\"BUILTIN_TASK_COMMAND\",\"_value\":\"C:\\\\Huawei\\\\DevEcoStudio\\\\sdk\\\\default\\\\openharmony\\\\toolchains\\\\restool.exe,-l,C:\\\\Users\\\\19782\\\\DevEcoStudioProjects\\\\MyApplication\\\\entry\\\\build\\\\default\\\\intermediates\\\\res\\\\default\\\\resConfig.json\",\"_valueType\":\"string\"}"},{"dataType":"ValueEntry","value":"{\"_name\":\"BUILTIN_TASK_TOOLCHAIN\",\"_value\":\"C:\\\\Huawei\\\\DevEcoStudio\\\\sdk\\\\default\\\\openharmony\\\\toolchains\\\\restool.exe\",\"_valueType\":\"string\"}"},{"dataType":"ValueEntry","value":"{\"_name\":\"BUILTIN_TASK_ENV\",\"_value\":\"\",\"_valueType\":\"string\"}"}],"_successful":true,"_projectName":"MyApplication","_moduleName":"entry","_taskName":"default@CompileResource","_key":":MyApplication:entry:default@CompileResource","_executionId":":MyApplication:entry:default@CompileResource:1766892618871","_inputFiles":{"dataType":"Map","value":[["C:\\Users\\19782\\DevEcoStudioProjects\\MyApplication\\entry\\src\\main\\resources",{"fileSnapShotHashValue":"a550703e1f9b7c7921d3f6dfdd77012a4ab40afcace4bf61bbbfe9a07f8612f0"}],["C:\\Users\\19782\\DevEcoStudioProjects\\MyApplication\\AppScope\\resources",{"fileSnapShotHashValue":"bf53eff4f7c5896a21202bf7245b347523d292c1a30dd079afca3f16f3f3fe56"}],["C:\\Users\\19782\\DevEcoStudioProjects\\MyApplication\\entry\\build\\default\\intermediates\\process_profile\\default\\module.json",{"isDirectory":false,"fileSnapShotHashValue":"4df426551cccf0653d470aae423e0d5b7196eac15b7197fb4017de46ca1d5725"}],["C:\\Users\\19782\\DevEcoStudioProjects\\MyApplication\\entry\\build\\default\\intermediates\\res\\default\\resConfig.json",{"isDirectory":false,"fileSnapShotHashValue":"c0e8cb2690e91aba34bb58e5d795405cabb6ba8709a7e88ca3d71e6c7d1160b0"}]]},"_outputFiles":{"dataType":"Map","value":[["C:\\Users\\19782\\DevEcoStudioProjects\\MyApplication\\entry\\build\\default\\intermediates\\res\\default",{"isDirectory":true,"fileSnapShotHashValue":"ed216515fd0ca51f0b272a267d1e09543573c8f0217fee42264625cd03396d99"}],["C:\\Users\\19782\\DevEcoStudioProjects\\MyApplication\\entry\\build\\default\\generated\\r\\default\\ResourceTable.h",{"isDirectory":false,"fileSnapShotHashValue":"083dd46fac5e131dca2f6ce9c156284e92906b3d798a5f33c3ed44611c996689"}],["C:\\Users\\19782\\DevEcoStudioProjects\\MyApplication\\entry\\build\\default\\generated\\r\\default",{"isDirectory":true,"fileSnapShotHashValue":"37d9080f015c7d0f2a79d6f349b5cc6be527c785a7da57f362dec966cea0f3e1"}]]}},":MyApplication:entry:default@DoNativeStrip":{"_inputs":[{"dataType":"ValueEntry","value":"{\"_name\":\"BUILTIN_TASK_COMMAND\",\"_value\":\"\",\"_valueType\":\"string\"}"},{"dataType":"ValueEntry","value":"{\"_name\":\"BUILTIN_TASK_ENV\",\"_value\":\"\",\"_valueType\":\"string\"}"},{"dataType":"ValueEntry","value":"{\"_name\":\"BUILTIN_TASK_TOOLCHAIN\",\"_value\":\"\",\"_valueType\":\"string\"}"},{"dataType":"ValueEntry","value":"{\"_name\":\"debugSymbol\",\"_value\":\"\",\"_valueType\":\"string\"}"}],"_successful":true,"_projectName":"MyApplication","_moduleName":"entry","_taskName":"default@DoNativeStrip","_key":":MyApplication:entry:default@DoNativeStrip","_executionId":":MyApplication:entry:default@DoNativeStrip:1766809711699","_inputFiles":{"dataType":"Map","value":[["C:\\Users\\19782\\DevEcoStudioProjects\\MyApplication\\entry\\build\\default\\intermediates\\libs\\default",{"isDirectory":true,"fileSnapShotHashValue":""}]]},"_outputFiles":{"dataType":"Map","value":[["C:\\Users\\19782\\DevEcoStudioProjects\\MyApplication\\entry\\build\\default\\intermediates\\stripped_native_libs\\default",{"isDirectory":true,"fileSnapShotHashValue":""}]]}},":MyApplication:entry:default@CompileArkTS":{"_inputs":[{"dataType":"ValueEntry","value":"{\"_name\":\"debuggable\",\"_value\":true,\"_valueType\":\"boolean\"}"},{"dataType":"ValueEntry","value":"{\"_name\":\"isArk\",\"_value\":true,\"_valueType\":\"boolean\"}"},{"dataType":"ValueEntry","value":"{\"_name\":\"needCoverageInsert\",\"_value\":false,\"_valueType\":\"boolean\"}"},{"dataType":"ValueEntry","value":"{\"_name\":\"ark.tsImportSendable\",\"_value\":false,\"_valueType\":\"boolean\"}"},{"dataType":"ValueEntry","value":"{\"_name\":\"customTypes\",\"_value\":[],\"_valueType\":\"object\"}"},{"dataType":"ValueEntry","value":"{\"_name\":\"isByteCodeHarOptimize\",\"_value\":false,\"_valueType\":\"boolean\"}"},{"dataType":"ValueEntry","value":"{\"_name\":\"caseSensitiveCheck\",\"_value\":true,\"_valueType\":\"boolean\"}"},{"dataType":"ValueEntry","value":"{\"_name\":\"useNormalizedOHMUrl\",\"_value\":true,\"_valueType\":\"boolean\"}"},{"dataType":"ValueEntry","value":"{\"_name\":\"transformLib\",\"_value\":\"\",\"_valueType\":\"string\"}"},{"dataType":"ValueEntry","value":"{\"_name\":\"compatibleSdkVersionStage\",\"_value\":\"\",\"_valueType\":\"string\"}"},{"dataType":"ValueEntry","value":"{\"_name\":\"skipOhModulesLint\",\"_value\":false,\"_valueType\":\"boolean\"}"},{"dataType":"ValueEntry","value":"{\"_name\":\"autoLazyImport\",\"_value\":false,\"_valueType\":\"boolean\"}"},{"dataType":"ValueEntry","value":"{\"_name\":\"allowEmptyBundleName\",\"_value\":false,\"_valueType\":\"boolean\"}"},{"dataType":"ValueEntry","value":"{\"_name\":\"reExportCheckMode\",\"_value\":\"noCheck\",\"_valueType\":\"string\"}"},{"dataType":"ValueEntry","value":"{\"_name\":\"executionMode\",\"_value\":\"memory\",\"_valueType\":\"string\"}"},{"dataType":"ValueEntry","value":"{\"_name\":\"usePathPlaceholder\",\"_value\":false,\"_valueType\":\"boolean\"}"},{"dataType":"ValueEntry","value":"{\"_name\":\"writeRollupCache\",\"_value\":true,\"_valueType\":\"boolean\"}"},{"dataType":"ValueEntry","value":"{\"_name\":\"isExpandImportEnabled\",\"_value\":false,\"_valueType\":\"boolean\"}"},{"dataType":"ValueEntry","value":"{\"_name\":\"expandImportExclude\",\"_value\":\"\",\"_valueType\":\"string\"}"},{"dataType":"ValueEntry","value":"{\"_name\":\"lazyImportExclude\",\"_value\":\"\",\"_valueType\":\"string\"}"},{"dataType":"ValueEntry","value":"{\"_name\":\"lazyImportInclude\",\"_value\":\"\",\"_valueType\":\"string\"}"},{"dataType":"ValueEntry","value":"{\"_name\":\"ignoreCrossplatformCheck\",\"_value\":false,\"_valueType\":\"boolean\"}"},{"dataType":"ValueEntry","value":"{\"_name\":\"isHarDeduplicateEnabled\",\"_value\":false,\"_valueType\":\"boolean\"}"},{"dataType":"ValueEntry","value":"{\"_name\":\"enableStrictCheckOHModule\",\"_value\":false,\"_valueType\":\"boolean\"}"},{"dataType":"ValueEntry","value":"{\"_name\":\"useDeclarationFileSignature\",\"_value\":false,\"_valueType\":\"boolean\"}"},{"dataType":"ValueEntry","value":"{\"_name\":\"isPreloadSoEnabled\",\"_value\":false,\"_valueType\":\"boolean\"}"},{"dataType":"ValueEntry","value":"{\"_name\":\"arkTsWdiget\",\"_value\":false,\"_valueType\":\"boolean\"}"},{"dataType":"ValueEntry","value":"{\"_name\":\"OBFUSCATION_ENABLE\",\"_value\":\"undefined\",\"_valueType\":\"string\"}"},{"dataType":"ValueEntry","value":"{\"_name\":\"OBFUSCATION_FILES_HASH\",\"_value\":\"\",\"_valueType\":\"string\"}"},{"dataType":"ValueEntry","value":"{\"_name\":\"maxFlowDepth\",\"_value\":\"undefined\",\"_valueType\":\"string\"}"},{"dataType":"ValueEntry","value":"{\"_name\":\"noExternalImportByPath\",\"_value\":true,\"_valueType\":\"boolean\"}"},{"dataType":"ValueEntry","value":"{\"_name\":\"copyCodeResourceEnable\",\"_value\":false,\"_valueType\":\"boolean\"}"},{"dataType":"ValueEntry","value":"{\"_name\":\"ohos.uiTransform.Optimization\",\"_value\":false,\"_valueType\":\"boolean\"}"},{"dataType":"ValueEntry","value":"{\"_name\":\"ohos.rollupCache.useSourceHash\",\"_value\":false,\"_valueType\":\"boolean\"}"},{"dataType":"ValueEntry","value":"{\"_name\":\"localModuleParamMap\",\"_value\":\"{}\",\"_valueType\":\"string\"}"},{"dataType":"ValueEntry","value":"{\"_name\":\"autoLazyFilter\",\"_value\":\"\",\"_valueType\":\"string\"}"},{"dataType":"ValueEntry","value":"{\"_name\":\"BUILTIN_TASK_COMMAND\",\"_value\":\"\",\"_valueType\":\"string\"}"},{"dataType":"ValueEntry","value":"{\"_name\":\"BUILTIN_TASK_TOOLCHAIN\",\"_value\":\"\",\"_valueType\":\"string\"}"},{"dataType":"ValueEntry","value":"{\"_name\":\"BUILTIN_TASK_ENV\",\"_value\":\"\",\"_valueType\":\"string\"}"}],"_successful":true,"_projectName":"MyApplication","_moduleName":"entry","_taskName":"default@CompileArkTS","_key":":MyApplication:entry:default@CompileArkTS","_executionId":":MyApplication:entry:default@CompileArkTS:1766892619616","_inputFiles":{"dataType":"Map","value":[["C:\\Users\\19782\\DevEcoStudioProjects\\MyApplication\\entry\\build\\default\\intermediates\\loader\\default",{"isDirectory":true,"fileSnapShotHashValue":"a3520b85a1659a54a44b8e811dee9d0e1d71a46052229e1abed81713885f3ffe"}],["C:\\Users\\19782\\DevEcoStudioProjects\\MyApplication\\entry\\build\\default\\intermediates\\res\\default\\resources\\rawfile",{"isDirectory":true,"fileSnapShotHashValue":""}],["C:\\Users\\19782\\DevEcoStudioProjects\\MyApplication\\entry\\build\\default\\intermediates\\res\\default\\ResourceTable.txt",{"fileSnapShotHashValue":"58b751746a539ae41bb87385e09ae9031afc507639aec3744c5f1d2cb8e9b2bf"}],["C:\\Users\\19782\\DevEcoStudioProjects\\MyApplication\\entry\\build\\default\\intermediates\\res\\default\\ark_module.json",{"fileSnapShotHashValue":"1c4159e125c5980295261d4ba480758f1d731ea38cdbfe2606c30a706bb7fec4"}],["C:\\Users\\19782\\DevEcoStudioProjects\\MyApplication\\entry\\build\\default\\intermediates\\res\\default\\resources\\base\\profile",{"isDirectory":true,"fileSnapShotHashValue":"3e1d4a6b6a16f1e2d026940f2ef76a0248ccf529fb7596aa80cef81d1a6a256c"}],["C:\\Users\\19782\\DevEcoStudioProjects\\MyApplication\\entry\\src\\main\\ets",{"isDirectory":true,"fileSnapShotHashValue":"f0e3e8a89d64dd0c18860492cceac2e086f3229471f00a83d5394219a1216f10"}],["C:\\Users\\19782\\DevEcoStudioProjects\\MyApplication\\entry\\build\\default\\intermediates\\loader\\default\\pkgContextInfo.json",{"fileSnapShotHashValue":"b9128a20fd2da728de4d825c4a77676dc94f047f657d98547a1202967f2b244f"}],["C:\\Users\\19782\\DevEcoStudioProjects\\MyApplication\\entry\\build\\default\\generated\\profile\\default\\BuildProfile.ets",{"fileSnapShotHashValue":"2c2c9207d1813b641fc87fa1cd84d5df796471fa33cbdd36a20b9c424a1de591"}],["C:\\Users\\19782\\DevEcoStudioProjects\\MyApplication\\entry\\src\\mock\\mock-config.json5",{"isDirectory":false,"fileSnapShotHashValue":"7d694e3509eabdf88d19c33a0a7a1032fe4f24a422cb88de622757e79bad260c"}]]},"_outputFiles":{"dataType":"Map","value":[["C:\\Users\\19782\\DevEcoStudioProjects\\MyApplication\\entry\\build\\default\\intermediates\\loader_out\\default\\ets",{"isDirectory":true,"fileSnapShotHashValue":"827bd0dc93006e229bbc24a7a69ccec3efe09cb2099a9ccf5552cc780467f8d3"}]]}},":MyApplication:entry:default@BuildJS":{"_inputs":[{"dataType":"ValueEntry","value":"{\"_name\":\"debuggable\",\"_value\":true,\"_valueType\":\"boolean\"}"},{"dataType":"ValueEntry","value":"{\"_name\":\"isArk\",\"_value\":true,\"_valueType\":\"boolean\"}"},{"dataType":"ValueEntry","value":"{\"_name\":\"needCoverageInsert\",\"_value\":false,\"_valueType\":\"boolean\"}"},{"dataType":"ValueEntry","value":"{\"_name\":\"ark.tsImportSendable\",\"_value\":false,\"_valueType\":\"boolean\"}"},{"dataType":"ValueEntry","value":"{\"_name\":\"customTypes\",\"_value\":[],\"_valueType\":\"object\"}"},{"dataType":"ValueEntry","value":"{\"_name\":\"isByteCodeHarOptimize\",\"_value\":false,\"_valueType\":\"boolean\"}"},{"dataType":"ValueEntry","value":"{\"_name\":\"caseSensitiveCheck\",\"_value\":true,\"_valueType\":\"boolean\"}"},{"dataType":"ValueEntry","value":"{\"_name\":\"useNormalizedOHMUrl\",\"_value\":true,\"_valueType\":\"boolean\"}"},{"dataType":"ValueEntry","value":"{\"_name\":\"transformLib\",\"_value\":\"\",\"_valueType\":\"string\"}"},{"dataType":"ValueEntry","value":"{\"_name\":\"compatibleSdkVersionStage\",\"_value\":\"\",\"_valueType\":\"string\"}"},{"dataType":"ValueEntry","value":"{\"_name\":\"skipOhModulesLint\",\"_value\":false,\"_valueType\":\"boolean\"}"},{"dataType":"ValueEntry","value":"{\"_name\":\"autoLazyImport\",\"_value\":false,\"_valueType\":\"boolean\"}"},{"dataType":"ValueEntry","value":"{\"_name\":\"allowEmptyBundleName\",\"_value\":false,\"_valueType\":\"boolean\"}"},{"dataType":"ValueEntry","value":"{\"_name\":\"reExportCheckMode\",\"_value\":\"noCheck\",\"_valueType\":\"string\"}"},{"dataType":"ValueEntry","value":"{\"_name\":\"executionMode\",\"_value\":\"memory\",\"_valueType\":\"string\"}"},{"dataType":"ValueEntry","value":"{\"_name\":\"usePathPlaceholder\",\"_value\":false,\"_valueType\":\"boolean\"}"},{"dataType":"ValueEntry","value":"{\"_name\":\"writeRollupCache\",\"_value\":true,\"_valueType\":\"boolean\"}"},{"dataType":"ValueEntry","value":"{\"_name\":\"isExpandImportEnabled\",\"_value\":false,\"_valueType\":\"boolean\"}"},{"dataType":"ValueEntry","value":"{\"_name\":\"expandImportExclude\",\"_value\":\"\",\"_valueType\":\"string\"}"},{"dataType":"ValueEntry","value":"{\"_name\":\"lazyImportExclude\",\"_value\":\"\",\"_valueType\":\"string\"}"},{"dataType":"ValueEntry","value":"{\"_name\":\"lazyImportInclude\",\"_value\":\"\",\"_valueType\":\"string\"}"},{"dataType":"ValueEntry","value":"{\"_name\":\"ignoreCrossplatformCheck\",\"_value\":false,\"_valueType\":\"boolean\"}"},{"dataType":"ValueEntry","value":"{\"_name\":\"isHarDeduplicateEnabled\",\"_value\":false,\"_valueType\":\"boolean\"}"},{"dataType":"ValueEntry","value":"{\"_name\":\"enableStrictCheckOHModule\",\"_value\":false,\"_valueType\":\"boolean\"}"},{"dataType":"ValueEntry","value":"{\"_name\":\"useDeclarationFileSignature\",\"_value\":false,\"_valueType\":\"boolean\"}"},{"dataType":"ValueEntry","value":"{\"_name\":\"autoLazyFilter\",\"_value\":\"\",\"_valueType\":\"string\"}"},{"dataType":"ValueEntry","value":"{\"_name\":\"BUILTIN_TASK_COMMAND\",\"_value\":\"\",\"_valueType\":\"string\"}"},{"dataType":"ValueEntry","value":"{\"_name\":\"BUILTIN_TASK_TOOLCHAIN\",\"_value\":\"\",\"_valueType\":\"string\"}"},{"dataType":"ValueEntry","value":"{\"_name\":\"BUILTIN_TASK_ENV\",\"_value\":\"\",\"_valueType\":\"string\"}"}],"_successful":false,"_projectName":"MyApplication","_moduleName":"entry","_taskName":"default@BuildJS","_key":":MyApplication:entry:default@BuildJS","_executionId":":MyApplication:entry:default@BuildJS:1766892619644","_inputFiles":{"dataType":"Map","value":[["C:\\Users\\19782\\DevEcoStudioProjects\\MyApplication\\entry\\build\\default\\intermediates\\loader\\default",{"isDirectory":true,"fileSnapShotHashValue":"a3520b85a1659a54a44b8e811dee9d0e1d71a46052229e1abed81713885f3ffe"}],["C:\\Users\\19782\\DevEcoStudioProjects\\MyApplication\\entry\\build\\default\\intermediates\\res\\default\\resources\\rawfile",{"isDirectory":true,"fileSnapShotHashValue":""}],["C:\\Users\\19782\\DevEcoStudioProjects\\MyApplication\\entry\\build\\default\\intermediates\\res\\default\\ResourceTable.txt",{"fileSnapShotHashValue":"58b751746a539ae41bb87385e09ae9031afc507639aec3744c5f1d2cb8e9b2bf"}],["C:\\Users\\19782\\DevEcoStudioProjects\\MyApplication\\entry\\build\\default\\intermediates\\res\\default\\ark_module.json",{"fileSnapShotHashValue":"1c4159e125c5980295261d4ba480758f1d731ea38cdbfe2606c30a706bb7fec4"}],["C:\\Users\\19782\\DevEcoStudioProjects\\MyApplication\\entry\\build\\default\\intermediates\\res\\default\\resources\\base\\profile",{"isDirectory":true,"fileSnapShotHashValue":"3e1d4a6b6a16f1e2d026940f2ef76a0248ccf529fb7596aa80cef81d1a6a256c"}],["C:\\Users\\19782\\DevEcoStudioProjects\\MyApplication\\entry\\build\\default\\intermediates\\loader\\default\\pkgContextInfo.json",{"fileSnapShotHashValue":"b9128a20fd2da728de4d825c4a77676dc94f047f657d98547a1202967f2b244f"}]]},"_outputFiles":{"dataType":"Map","value":[["C:\\Users\\19782\\DevEcoStudioProjects\\MyApplication\\entry\\build\\default\\intermediates\\loader_out\\default\\js",{"isDirectory":true,"fileSnapShotHashValue":""}]]}},":MyApplication:entry:default@CacheNativeLibs":{"_inputs":[{"dataType":"ValueEntry","value":"{\"_name\":\"BUILTIN_TASK_COMMAND\",\"_value\":\"\",\"_valueType\":\"string\"}"},{"dataType":"ValueEntry","value":"{\"_name\":\"BUILTIN_TASK_ENV\",\"_value\":\"\",\"_valueType\":\"string\"}"},{"dataType":"ValueEntry","value":"{\"_name\":\"BUILTIN_TASK_TOOLCHAIN\",\"_value\":\"\",\"_valueType\":\"string\"}"},{"dataType":"ValueEntry","value":"{\"_name\":\"debugSymbol\",\"_value\":\"\",\"_valueType\":\"string\"}"}],"_successful":true,"_projectName":"MyApplication","_moduleName":"entry","_taskName":"default@CacheNativeLibs","_key":":MyApplication:entry:default@CacheNativeLibs","_executionId":":MyApplication:entry:default@CacheNativeLibs:1766809711800","_inputFiles":{"dataType":"Map","value":[["C:\\Users\\19782\\DevEcoStudioProjects\\MyApplication\\entry\\build\\default\\intermediates\\stripped_native_libs\\default",{"isDirectory":true,"fileSnapShotHashValue":""}],["C:\\Users\\19782\\DevEcoStudioProjects\\MyApplication\\entry\\build\\default\\intermediates\\libs\\default",{"isDirectory":true,"fileSnapShotHashValue":""}]]},"_outputFiles":{"dataType":"Map","value":[["C:\\Users\\19782\\DevEcoStudioProjects\\MyApplication\\entry\\build\\default\\intermediates\\patch\\default\\base_native_libs.json",{"isDirectory":false,"fileSnapShotHashValue":"31002075c902961c6d9e4f6cd3d20a2d052ce89e155210c713fa145161f5166c"}]]}},":MyApplication:entry:default@GeneratePkgModuleJson":{"_inputs":[{"dataType":"ValueEntry","value":"{\"_name\":\"BUILTIN_TASK_COMMAND\",\"_value\":\"\",\"_valueType\":\"string\"}"},{"dataType":"ValueEntry","value":"{\"_name\":\"BUILTIN_TASK_TOOLCHAIN\",\"_value\":\"\",\"_valueType\":\"string\"}"},{"dataType":"ValueEntry","value":"{\"_name\":\"BUILTIN_TASK_ENV\",\"_value\":\"\",\"_valueType\":\"string\"}"}],"_successful":true,"_projectName":"MyApplication","_moduleName":"entry","_taskName":"default@GeneratePkgModuleJson","_key":":MyApplication:entry:default@GeneratePkgModuleJson","_executionId":":MyApplication:entry:default@GeneratePkgModuleJson:1766892627077","_inputFiles":{"dataType":"Map","value":[["C:\\Users\\19782\\DevEcoStudioProjects\\MyApplication\\entry\\build\\default\\intermediates\\res\\default\\module.json",{"fileSnapShotHashValue":"756f437f4d5d4a40a5b1ef8bddfacd1757e8231fc73633658ca2bb9b75e64664"}]]},"_outputFiles":{"dataType":"Map","value":[["C:\\Users\\19782\\DevEcoStudioProjects\\MyApplication\\entry\\build\\default\\intermediates\\package\\default\\module.json",{"fileSnapShotHashValue":"c2ee09b9dad1cfbafa0566b983f51494f43c88efb0e768274b820ba5f91ded7c"}]]}},":MyApplication:entry:default@ProcessCompiledResources":{"_inputs":[{"dataType":"ValueEntry","value":"{\"_name\":\"resourcePath\",\"_value\":\"C:\\\\Users\\\\19782\\\\DevEcoStudioProjects\\\\MyApplication\\\\entry\\\\build\\\\default\\\\intermediates\\\\res\\\\default\\\\resources\",\"_valueType\":\"string\"}"},{"dataType":"ValueEntry","value":"{\"_name\":\"BUILTIN_TASK_COMMAND\",\"_value\":\"\",\"_valueType\":\"string\"}"},{"dataType":"ValueEntry","value":"{\"_name\":\"BUILTIN_TASK_TOOLCHAIN\",\"_value\":\"\",\"_valueType\":\"string\"}"},{"dataType":"ValueEntry","value":"{\"_name\":\"BUILTIN_TASK_ENV\",\"_value\":\"\",\"_valueType\":\"string\"}"}],"_successful":false,"_projectName":"MyApplication","_moduleName":"entry","_taskName":"default@ProcessCompiledResources","_key":":MyApplication:entry:default@ProcessCompiledResources","_executionId":":MyApplication:entry:default@ProcessCompiledResources:1766892627081","_inputFiles":{"dataType":"Map","value":[]},"_outputFiles":{"dataType":"Map","value":[]}},":MyApplication:entry:default@PackageHap":{"_inputs":[{"dataType":"ValueEntry","value":"{\"_name\":\"hotReload\",\"_value\":false,\"_valueType\":\"boolean\"}"},{"dataType":"ValueEntry","value":"{\"_name\":\"integrated_hsp\",\"_value\":false,\"_valueType\":\"boolean\"}"},{"dataType":"ValueEntry","value":"{\"_name\":\"projectConfigAppOpt\",\"_valueType\":\"undefined\"}"},{"dataType":"ValueEntry","value":"{\"_name\":\"sourceMapDir\",\"_value\":\"\",\"_valueType\":\"string\"}"},{"dataType":"ValueEntry","value":"{\"_name\":\"bundleType\",\"_value\":\"app\",\"_valueType\":\"string\"}"},{"dataType":"ValueEntry","value":"{\"_name\":\"BUILTIN_TASK_COMMAND\",\"_value\":\"java,-Dfile.encoding=GBK,-jar,C:\\\\Huawei\\\\DevEcoStudio\\\\sdk\\\\default\\\\openharmony\\\\toolchains\\\\lib\\\\app_packing_tool.jar,--mode,hap,--force,true,--lib-path,C:\\\\Users\\\\19782\\\\DevEcoStudioProjects\\\\MyApplication\\\\entry\\\\build\\\\default\\\\intermediates\\\\stripped_native_libs\\\\default,--json-path,C:\\\\Users\\\\19782\\\\DevEcoStudioProjects\\\\MyApplication\\\\entry\\\\build\\\\default\\\\intermediates\\\\package\\\\default\\\\module.json,--resources-path,C:\\\\Users\\\\19782\\\\DevEcoStudioProjects\\\\MyApplication\\\\entry\\\\build\\\\default\\\\intermediates\\\\res\\\\default\\\\resources,--index-path,C:\\\\Users\\\\19782\\\\DevEcoStudioProjects\\\\MyApplication\\\\entry\\\\build\\\\default\\\\intermediates\\\\res\\\\default\\\\resources.index,--pack-info-path,C:\\\\Users\\\\19782\\\\DevEcoStudioProjects\\\\MyApplication\\\\entry\\\\build\\\\default\\\\outputs\\\\default\\\\pack.info,--out-path,C:\\\\Users\\\\19782\\\\DevEcoStudioProjects\\\\MyApplication\\\\entry\\\\build\\\\default\\\\outputs\\\\default\\\\entry-default-unsigned.hap,--ets-path,C:\\\\Users\\\\19782\\\\DevEcoStudioProjects\\\\MyApplication\\\\entry\\\\build\\\\default\\\\intermediates\\\\loader_out\\\\default\\\\ets,--pkg-context-path,C:\\\\Users\\\\19782\\\\DevEcoStudioProjects\\\\MyApplication\\\\entry\\\\build\\\\default\\\\intermediates\\\\loader\\\\default\\\\pkgContextInfo.json\",\"_valueType\":\"string\"}"},{"dataType":"ValueEntry","value":"{\"_name\":\"BUILTIN_TASK_TOOLCHAIN\",\"_value\":\"C:\\\\Huawei\\\\DevEcoStudio\\\\sdk\\\\default\\\\openharmony\\\\toolchains\\\\lib\\\\app_packing_tool.jar\",\"_valueType\":\"string\"}"},{"dataType":"ValueEntry","value":"{\"_name\":\"BUILTIN_TASK_ENV\",\"_value\":\"\",\"_valueType\":\"string\"}"}],"_successful":true,"_projectName":"MyApplication","_moduleName":"entry","_taskName":"default@PackageHap","_key":":MyApplication:entry:default@PackageHap","_executionId":":MyApplication:entry:default@PackageHap:1766892627086","_inputFiles":{"dataType":"Map","value":[["C:\\Users\\19782\\DevEcoStudioProjects\\MyApplication\\entry\\build\\default\\intermediates\\stripped_native_libs\\default",{"isDirectory":false,"fileSnapShotHashValue":""}],["C:\\Users\\19782\\DevEcoStudioProjects\\MyApplication\\entry\\build\\default\\intermediates\\res\\default\\module.json",{"isDirectory":false,"fileSnapShotHashValue":"756f437f4d5d4a40a5b1ef8bddfacd1757e8231fc73633658ca2bb9b75e64664"}],["C:\\Users\\19782\\DevEcoStudioProjects\\MyApplication\\entry\\build\\default\\intermediates\\res\\default\\resources",{"isDirectory":false,"fileSnapShotHashValue":"f2c12cf22efeb02e96de20e2718ede5ffe6b6ddb9458664f4a13031b145bb5d0"}],["C:\\Users\\19782\\DevEcoStudioProjects\\MyApplication\\entry\\build\\default\\intermediates\\res\\default\\resources.index",{"isDirectory":false,"fileSnapShotHashValue":"8f50c65a07e036659cc5775422ab473e09bd8af111d2d2f445163a944dc33ee9"}],["C:\\Users\\19782\\DevEcoStudioProjects\\MyApplication\\entry\\build\\default\\outputs\\default\\pack.info",{"isDirectory":false,"fileSnapShotHashValue":"c048e37c1f941b02fa6efb57ec3738146c7d5a7a942ac2cb5f4797374b72b612"}],["C:\\Users\\19782\\DevEcoStudioProjects\\MyApplication\\entry\\build\\default\\intermediates\\loader_out\\default\\ets",{"isDirectory":false,"fileSnapShotHashValue":"827bd0dc93006e229bbc24a7a69ccec3efe09cb2099a9ccf5552cc780467f8d3"}],["C:\\Users\\19782\\DevEcoStudioProjects\\MyApplication\\entry\\build\\default\\intermediates\\loader\\default\\pkgContextInfo.json",{"isDirectory":false,"fileSnapShotHashValue":"b9128a20fd2da728de4d825c4a77676dc94f047f657d98547a1202967f2b244f"}],["C:\\Users\\19782\\DevEcoStudioProjects\\MyApplication\\entry\\build\\default\\intermediates\\loader_out\\default\\ets\\sourceMaps.map",{"isDirectory":false,"fileSnapShotHashValue":"b69bc42b86a83dfdfc60add277f8b56f647d3f6dc7157f033ce1538a3e146354"}],["C:\\Users\\19782\\DevEcoStudioProjects\\MyApplication\\entry\\build\\default\\generated\\profile\\default\\BuildProfile.ets",{"fileSnapShotHashValue":"2c2c9207d1813b641fc87fa1cd84d5df796471fa33cbdd36a20b9c424a1de591"}]]},"_outputFiles":{"dataType":"Map","value":[["C:\\Users\\19782\\DevEcoStudioProjects\\MyApplication\\entry\\build\\default\\outputs\\default\\entry-default-unsigned.hap",{"isDirectory":false,"fileSnapShotHashValue":"bcd4f314b08afbd6ef3559dd4c75b36ea097bbc999f0a81b2f0623bf0a086bcd"}],["C:\\Users\\19782\\DevEcoStudioProjects\\MyApplication\\entry\\build\\default\\intermediates\\source_map\\default\\sourceMaps.map",{"fileSnapShotHashValue":"b69bc42b86a83dfdfc60add277f8b56f647d3f6dc7157f033ce1538a3e146354"}],["C:\\Users\\19782\\DevEcoStudioProjects\\MyApplication\\entry\\build\\default\\outputs\\default\\mapping\\sourceMaps.map",{"fileSnapShotHashValue":"b69bc42b86a83dfdfc60add277f8b56f647d3f6dc7157f033ce1538a3e146354"}]]}},":MyApplication:entry:default@SignHap":{"_inputs":[{"dataType":"ValueEntry","value":"{\"_name\":\"enableSignTask\",\"_value\":true,\"_valueType\":\"boolean\"}"},{"dataType":"ValueEntry","value":"{\"_name\":\"sdkToolchainsComponentVersion\",\"_value\":\"6.0.1.116\",\"_valueType\":\"string\"}"},{"dataType":"ValueEntry","value":"{\"_name\":\"existSigningConfig\",\"_value\":false,\"_valueType\":\"boolean\"}"},{"dataType":"ValueEntry","value":"{\"_name\":\"BUILTIN_TASK_COMMAND\",\"_value\":\"\",\"_valueType\":\"string\"}"},{"dataType":"ValueEntry","value":"{\"_name\":\"BUILTIN_TASK_TOOLCHAIN\",\"_value\":\"\",\"_valueType\":\"string\"}"},{"dataType":"ValueEntry","value":"{\"_name\":\"BUILTIN_TASK_ENV\",\"_value\":\"\",\"_valueType\":\"string\"}"}],"_successful":true,"_projectName":"MyApplication","_moduleName":"entry","_taskName":"default@SignHap","_key":":MyApplication:entry:default@SignHap","_executionId":":MyApplication:entry:default@SignHap:1766892627617","_inputFiles":{"dataType":"Map","value":[["C:\\Users\\19782\\DevEcoStudioProjects\\MyApplication\\entry\\build\\default\\outputs\\default\\entry-default-unsigned.hap",{"isDirectory":false,"fileSnapShotHashValue":"bcd4f314b08afbd6ef3559dd4c75b36ea097bbc999f0a81b2f0623bf0a086bcd"}]]},"_outputFiles":{"dataType":"Map","value":[["C:\\Users\\19782\\DevEcoStudioProjects\\MyApplication\\entry\\build\\default\\outputs\\default\\entry-default-signed.hap",{"isDirectory":false,"fileSnapShotHashValue":""}]]}},":MyApplication:entry:default@CollectDebugSymbol":{"_inputs":[{"dataType":"ValueEntry","value":"{\"_name\":\"BUILTIN_TASK_COMMAND\",\"_value\":\"\",\"_valueType\":\"string\"}"},{"dataType":"ValueEntry","value":"{\"_name\":\"BUILTIN_TASK_TOOLCHAIN\",\"_value\":\"\",\"_valueType\":\"string\"}"},{"dataType":"ValueEntry","value":"{\"_name\":\"BUILTIN_TASK_ENV\",\"_value\":\"\",\"_valueType\":\"string\"}"}],"_successful":false,"_projectName":"MyApplication","_moduleName":"entry","_taskName":"default@CollectDebugSymbol","_key":":MyApplication:entry:default@CollectDebugSymbol","_executionId":":MyApplication:entry:default@CollectDebugSymbol:1766892627623","_inputFiles":{"dataType":"Map","value":[["C:\\Users\\19782\\DevEcoStudioProjects\\MyApplication\\entry\\build\\default\\intermediates\\loader_out\\default\\ets\\sourceMaps.map",{"fileSnapShotHashValue":"b69bc42b86a83dfdfc60add277f8b56f647d3f6dc7157f033ce1538a3e146354"}],["C:\\Users\\19782\\DevEcoStudioProjects\\MyApplication\\entry\\build\\default\\intermediates\\libs\\default",{"isDirectory":true,"fileSnapShotHashValue":""}]]},"_outputFiles":{"dataType":"Map","value":[["C:\\Users\\19782\\DevEcoStudioProjects\\MyApplication\\entry\\build\\default\\outputs\\default\\symbol",{"isDirectory":true,"fileSnapShotHashValue":""}]]}},":MyApplication:entry:default@PreviewCompileResource":{"_inputs":[{"dataType":"ValueEntry","value":"{\"_name\":\"BUILTIN_TASK_COMMAND\",\"_value\":\"\",\"_valueType\":\"string\",\"_hash\":\"6c1049eece256c5ecd9a72bb60d260f5eaa0c767e9261531c19a2711a4384caa\"}"},{"dataType":"ValueEntry","value":"{\"_name\":\"BUILTIN_TASK_ENV\",\"_value\":\"\",\"_valueType\":\"string\",\"_hash\":\"fab23d53b4bed861bede91aa55abd54ccbb48f2366122ec79fa9d6a917cab83a\"}"},{"dataType":"ValueEntry","value":"{\"_name\":\"BUILTIN_TASK_TOOLCHAIN\",\"_value\":\"C:\\\\Huawei\\\\DevEcoStudio\\\\sdk\\\\default\\\\openharmony\\\\toolchains\\\\restool.exe\",\"_valueType\":\"string\",\"_hash\":\"a743d20984e5024a84f2606946efeeaadd86329c298011cecdc5319aeab666b6\"}"},{"dataType":"ValueEntry","value":"{\"_name\":\"PREVIEWER_REPLACE_PAGE\",\"_value\":\"\\\"pages/a03Row\\\"\",\"_valueType\":\"string\",\"_hash\":\"c1cdcdc81755424c5e5d7b42912cadc37dcaaabaf454f619f189e86d9ce566a1\"}"},{"dataType":"ValueEntry","value":"{\"_name\":\"PREVIEWER_REPLACE_SRCPATH\",\"_valueType\":\"undefined\",\"_hash\":\"6d661da1acba061f55e33b354940dd699d9311f0165bf97e46346a2172cb761b\"}"},{"dataType":"ValueEntry","value":"{\"_name\":\"TARGET_CONFIG\",\"_value\":\"{\\\"name\\\":\\\"default\\\"}\",\"_valueType\":\"string\",\"_hash\":\"488edc718adbec9bf0e32d067fca85bb5bdc7a08303d1a99357f15bb71642ec6\"}"}],"_successful":true,"_projectName":"MyApplication","_moduleName":"entry","_taskName":"default@PreviewCompileResource","_key":":MyApplication:entry:default@PreviewCompileResource","_executionId":":MyApplication:entry:default@PreviewCompileResource:1767066359810","_inputFiles":{"dataType":"Map","value":[["C:\\Users\\19782\\DevEcoStudioProjects\\MyApplication\\entry\\src\\main\\resources",{"fileSnapShotHashValue":"6cd004d5c636292f615fbb697f4f904378a385c3c0e0d97b67a12d25d3269b22"}],["C:\\Users\\19782\\DevEcoStudioProjects\\MyApplication\\entry\\.preview\\default\\intermediates\\merge_profile\\default\\module.json",{"fileSnapShotHashValue":"de4922ef1647fb934e8858760905133a283d9a74b5a0f211aaf4e56e5ae4cc79"}]]},"_outputFiles":{"dataType":"Map","value":[["C:\\Users\\19782\\DevEcoStudioProjects\\MyApplication\\entry\\.preview\\default\\intermediates\\res\\default",{"isDirectory":true,"fileSnapShotHashValue":"599a25177cfd27333a1ec48750386504af282425b55808cd41d2124cb761d74e"}],["C:\\Users\\19782\\DevEcoStudioProjects\\MyApplication\\entry\\.preview\\default\\generated\\r\\default",{"isDirectory":true,"fileSnapShotHashValue":"77836987793f20d6babfad70d94116cb05e667dd626f9ed24270391fbbbbc36d"}]]}},":MyApplication:entry:default@CopyPreviewProfile":{"_inputs":[{"dataType":"ValueEntry","value":"{\"_name\":\"BUILTIN_TASK_COMMAND\",\"_value\":\"\",\"_valueType\":\"string\"}"},{"dataType":"ValueEntry","value":"{\"_name\":\"BUILTIN_TASK_TOOLCHAIN\",\"_value\":\"\",\"_valueType\":\"string\"}"},{"dataType":"ValueEntry","value":"{\"_name\":\"BUILTIN_TASK_ENV\",\"_value\":\"\",\"_valueType\":\"string\"}"}],"_successful":true,"_projectName":"MyApplication","_moduleName":"entry","_taskName":"default@CopyPreviewProfile","_key":":MyApplication:entry:default@CopyPreviewProfile","_executionId":":MyApplication:entry:default@CopyPreviewProfile:1767066360250","_inputFiles":{"dataType":"Map","value":[["C:\\Users\\19782\\DevEcoStudioProjects\\MyApplication\\entry\\src\\main\\resources\\base\\profile",{"fileSnapShotHashValue":"e7019547caaf7d1374032ffd45c758a1c4a25f9e3e1339873def987a75b0ee76"}]]},"_outputFiles":{"dataType":"Map","value":[["C:\\Users\\19782\\DevEcoStudioProjects\\MyApplication\\entry\\.preview\\default\\intermediates\\res\\default\\resources\\base\\profile",{"fileSnapShotHashValue":"9c136a4f7cc1cee3a8c005c2605c92019fe857cc6972c7bfd8ea894cd36b5eef"}]]}},":MyApplication:entry:default@PreviewUpdateAssets":{"_inputs":[{"dataType":"ValueEntry","value":"{\"_name\":\"previewBuildConfigJson\",\"_value\":\"{\\\"deviceType\\\":\\\"phone\\\",\\\"buildMode\\\":\\\"debug\\\",\\\"note\\\":\\\"false\\\",\\\"logLevel\\\":\\\"3\\\",\\\"isPreview\\\":\\\"true\\\",\\\"localPropertiesPath\\\":\\\"C:\\\\\\\\Users\\\\\\\\19782\\\\\\\\DevEcoStudioProjects\\\\\\\\MyApplication\\\\\\\\local.properties\\\",\\\"Path\\\":\\\"C:\\\\\\\\Huawei\\\\\\\\DevEcoStudio\\\\\\\\tools\\\\\\\\node\\\\\\\\\\\",\\\"aceProfilePath\\\":\\\"C:\\\\\\\\Users\\\\\\\\19782\\\\\\\\DevEcoStudioProjects\\\\\\\\MyApplication\\\\\\\\entry\\\\\\\\.preview\\\\\\\\default\\\\\\\\intermediates\\\\\\\\res\\\\\\\\default\\\\\\\\resources\\\\\\\\base\\\\\\\\profile\\\",\\\"hapMode\\\":\\\"false\\\",\\\"img2bin\\\":\\\"true\\\",\\\"projectProfilePath\\\":\\\"C:\\\\\\\\Users\\\\\\\\19782\\\\\\\\DevEcoStudioProjects\\\\\\\\MyApplication\\\\\\\\build-profile.json5\\\",\\\"watchMode\\\":\\\"true\\\",\\\"appResource\\\":\\\"C:\\\\\\\\Users\\\\\\\\19782\\\\\\\\DevEcoStudioProjects\\\\\\\\MyApplication\\\\\\\\entry\\\\\\\\.preview\\\\\\\\default\\\\\\\\intermediates\\\\\\\\res\\\\\\\\default\\\\\\\\ResourceTable.txt\\\",\\\"aceBuildJson\\\":\\\"C:\\\\\\\\Users\\\\\\\\19782\\\\\\\\DevEcoStudioProjects\\\\\\\\MyApplication\\\\\\\\entry\\\\\\\\.preview\\\\\\\\default\\\\\\\\intermediates\\\\\\\\loader\\\\\\\\default\\\\\\\\loader.json\\\",\\\"aceModuleRoot\\\":\\\"C:\\\\\\\\Users\\\\\\\\19782\\\\\\\\DevEcoStudioProjects\\\\\\\\MyApplication\\\\\\\\entry\\\\\\\\src\\\\\\\\main\\\\\\\\ets\\\",\\\"aceSoPath\\\":\\\"C:\\\\\\\\Users\\\\\\\\19782\\\\\\\\DevEcoStudioProjects\\\\\\\\MyApplication\\\\\\\\entry\\\\\\\\.preview\\\\\\\\cache\\\\\\\\nativeDependencies.txt\\\",\\\"cachePath\\\":\\\"C:\\\\\\\\Users\\\\\\\\19782\\\\\\\\DevEcoStudioProjects\\\\\\\\MyApplication\\\\\\\\entry\\\\\\\\.preview\\\\\\\\cache\\\\\\\\.default\\\",\\\"aceModuleBuild\\\":\\\"C:\\\\\\\\Users\\\\\\\\19782\\\\\\\\DevEcoStudioProjects\\\\\\\\MyApplication\\\\\\\\entry\\\\\\\\.preview\\\\\\\\default\\\\\\\\intermediates\\\\\\\\assets\\\\\\\\default\\\\\\\\ets\\\",\\\"aceModuleJsonPath\\\":\\\"C:\\\\\\\\Users\\\\\\\\19782\\\\\\\\DevEcoStudioProjects\\\\\\\\MyApplication\\\\\\\\entry\\\\\\\\.preview\\\\\\\\default\\\\\\\\intermediates\\\\\\\\res\\\\\\\\default\\\\\\\\module.json\\\",\\\"stageRouterConfig\\\":{\\\"paths\\\":[\\\"C:\\\\\\\\Users\\\\\\\\19782\\\\\\\\DevEcoStudioProjects\\\\\\\\MyApplication\\\\\\\\entry\\\\\\\\.preview\\\\\\\\default\\\\\\\\intermediates\\\\\\\\res\\\\\\\\default\\\\\\\\module.json\\\",\\\"C:\\\\\\\\Users\\\\\\\\19782\\\\\\\\DevEcoStudioProjects\\\\\\\\MyApplication\\\\\\\\entry\\\\\\\\.preview\\\\\\\\default\\\\\\\\intermediates\\\\\\\\res\\\\\\\\default\\\\\\\\resources\\\\\\\\base\\\\\\\\profile\\\\\\\\main_pages.json\\\"],\\\"contents\\\":[\\\"{\\\\\\\"module\\\\\\\":{\\\\\\\"pages\\\\\\\":\\\\\\\"$profile:main_pages\\\\\\\",\\\\\\\"name\\\\\\\":\\\\\\\"entry\\\\\\\"}}\\\",\\\"{\\\\\\\"src\\\\\\\":[\\\\\\\"pages/a03Row\\\\\\\"]}\\\"]}}\",\"_valueType\":\"string\"}"},{"dataType":"ValueEntry","value":"{\"_name\":\"BUILTIN_TASK_COMMAND\",\"_value\":\"\",\"_valueType\":\"string\"}"},{"dataType":"ValueEntry","value":"{\"_name\":\"BUILTIN_TASK_TOOLCHAIN\",\"_value\":\"\",\"_valueType\":\"string\"}"},{"dataType":"ValueEntry","value":"{\"_name\":\"BUILTIN_TASK_ENV\",\"_value\":\"\",\"_valueType\":\"string\"}"}],"_successful":true,"_projectName":"MyApplication","_moduleName":"entry","_taskName":"default@PreviewUpdateAssets","_key":":MyApplication:entry:default@PreviewUpdateAssets","_executionId":":MyApplication:entry:default@PreviewUpdateAssets:1767066360259","_inputFiles":{"dataType":"Map","value":[]},"_outputFiles":{"dataType":"Map","value":[["C:\\Users\\19782\\DevEcoStudioProjects\\MyApplication\\entry\\.preview\\default\\intermediates\\res\\default\\module.json",{"isDirectory":false,"fileSnapShotHashValue":"0a86dbff4d6e9e56473ea4de9ffd67bebeefb59e3bab299d70125b2c16c0a5ab"}],["C:\\Users\\19782\\DevEcoStudioProjects\\MyApplication\\entry\\.preview\\default\\intermediates\\res\\default\\resources\\base\\profile\\main_pages.json",{"isDirectory":false,"fileSnapShotHashValue":"89275eec5e1b5551af2cd17190dccaf4065793fdc5de8537112b0b50d60dfdef"}]]}},":MyApplication:entry:default@PreviewArkTS":{"_inputs":[{"dataType":"ValueEntry","value":"{\"_name\":\"debuggable\",\"_value\":true,\"_valueType\":\"boolean\"}"},{"dataType":"ValueEntry","value":"{\"_name\":\"isArk\",\"_value\":true,\"_valueType\":\"boolean\"}"},{"dataType":"ValueEntry","value":"{\"_name\":\"needCoverageInsert\",\"_value\":false,\"_valueType\":\"boolean\"}"},{"dataType":"ValueEntry","value":"{\"_name\":\"ark.tsImportSendable\",\"_value\":false,\"_valueType\":\"boolean\"}"},{"dataType":"ValueEntry","value":"{\"_name\":\"customTypes\",\"_value\":[],\"_valueType\":\"object\"}"},{"dataType":"ValueEntry","value":"{\"_name\":\"isByteCodeHarOptimize\",\"_value\":false,\"_valueType\":\"boolean\"}"},{"dataType":"ValueEntry","value":"{\"_name\":\"caseSensitiveCheck\",\"_value\":true,\"_valueType\":\"boolean\"}"},{"dataType":"ValueEntry","value":"{\"_name\":\"useNormalizedOHMUrl\",\"_value\":true,\"_valueType\":\"boolean\"}"},{"dataType":"ValueEntry","value":"{\"_name\":\"transformLib\",\"_value\":\"\",\"_valueType\":\"string\"}"},{"dataType":"ValueEntry","value":"{\"_name\":\"compatibleSdkVersionStage\",\"_value\":\"\",\"_valueType\":\"string\"}"},{"dataType":"ValueEntry","value":"{\"_name\":\"skipOhModulesLint\",\"_value\":false,\"_valueType\":\"boolean\"}"},{"dataType":"ValueEntry","value":"{\"_name\":\"autoLazyImport\",\"_value\":false,\"_valueType\":\"boolean\"}"},{"dataType":"ValueEntry","value":"{\"_name\":\"allowEmptyBundleName\",\"_value\":false,\"_valueType\":\"boolean\"}"},{"dataType":"ValueEntry","value":"{\"_name\":\"reExportCheckMode\",\"_value\":\"noCheck\",\"_valueType\":\"string\"}"},{"dataType":"ValueEntry","value":"{\"_name\":\"executionMode\",\"_value\":\"memory\",\"_valueType\":\"string\"}"},{"dataType":"ValueEntry","value":"{\"_name\":\"usePathPlaceholder\",\"_value\":false,\"_valueType\":\"boolean\"}"},{"dataType":"ValueEntry","value":"{\"_name\":\"writeRollupCache\",\"_value\":true,\"_valueType\":\"boolean\"}"},{"dataType":"ValueEntry","value":"{\"_name\":\"isExpandImportEnabled\",\"_value\":false,\"_valueType\":\"boolean\"}"},{"dataType":"ValueEntry","value":"{\"_name\":\"expandImportExclude\",\"_value\":\"\",\"_valueType\":\"string\"}"},{"dataType":"ValueEntry","value":"{\"_name\":\"lazyImportExclude\",\"_value\":\"\",\"_valueType\":\"string\"}"},{"dataType":"ValueEntry","value":"{\"_name\":\"lazyImportInclude\",\"_value\":\"\",\"_valueType\":\"string\"}"},{"dataType":"ValueEntry","value":"{\"_name\":\"ignoreCrossplatformCheck\",\"_value\":false,\"_valueType\":\"boolean\"}"},{"dataType":"ValueEntry","value":"{\"_name\":\"isHarDeduplicateEnabled\",\"_value\":false,\"_valueType\":\"boolean\"}"},{"dataType":"ValueEntry","value":"{\"_name\":\"enableStrictCheckOHModule\",\"_value\":false,\"_valueType\":\"boolean\"}"},{"dataType":"ValueEntry","value":"{\"_name\":\"useDeclarationFileSignature\",\"_value\":false,\"_valueType\":\"boolean\"}"},{"dataType":"ValueEntry","value":"{\"_name\":\"isPreloadSoEnabled\",\"_value\":false,\"_valueType\":\"boolean\"}"},{"dataType":"ValueEntry","value":"{\"_name\":\"arkTsWdiget\",\"_value\":false,\"_valueType\":\"boolean\"}"},{"dataType":"ValueEntry","value":"{\"_name\":\"OBFUSCATION_ENABLE\",\"_value\":\"undefined\",\"_valueType\":\"string\"}"},{"dataType":"ValueEntry","value":"{\"_name\":\"OBFUSCATION_FILES_HASH\",\"_value\":\"\",\"_valueType\":\"string\"}"},{"dataType":"ValueEntry","value":"{\"_name\":\"maxFlowDepth\",\"_value\":\"undefined\",\"_valueType\":\"string\"}"},{"dataType":"ValueEntry","value":"{\"_name\":\"noExternalImportByPath\",\"_value\":true,\"_valueType\":\"boolean\"}"},{"dataType":"ValueEntry","value":"{\"_name\":\"copyCodeResourceEnable\",\"_value\":false,\"_valueType\":\"boolean\"}"},{"dataType":"ValueEntry","value":"{\"_name\":\"ohos.uiTransform.Optimization\",\"_value\":false,\"_valueType\":\"boolean\"}"},{"dataType":"ValueEntry","value":"{\"_name\":\"ohos.rollupCache.useSourceHash\",\"_value\":false,\"_valueType\":\"boolean\"}"},{"dataType":"ValueEntry","value":"{\"_name\":\"localModuleParamMap\",\"_value\":\"{}\",\"_valueType\":\"string\"}"},{"dataType":"ValueEntry","value":"{\"_name\":\"autoLazyFilter\",\"_value\":\"\",\"_valueType\":\"string\"}"},{"dataType":"ValueEntry","value":"{\"_name\":\"BUILTIN_TASK_COMMAND\",\"_value\":\"\",\"_valueType\":\"string\"}"},{"dataType":"ValueEntry","value":"{\"_name\":\"BUILTIN_TASK_TOOLCHAIN\",\"_value\":\"\",\"_valueType\":\"string\"}"},{"dataType":"ValueEntry","value":"{\"_name\":\"BUILTIN_TASK_ENV\",\"_value\":\"\",\"_valueType\":\"string\"}"}],"_successful":true,"_projectName":"MyApplication","_moduleName":"entry","_taskName":"default@PreviewArkTS","_key":":MyApplication:entry:default@PreviewArkTS","_executionId":":MyApplication:entry:default@PreviewArkTS:1767066360271","_inputFiles":{"dataType":"Map","value":[["C:\\Users\\19782\\DevEcoStudioProjects\\MyApplication\\entry\\.preview\\default\\intermediates\\loader\\default",{"isDirectory":true,"fileSnapShotHashValue":"4b51cd1eecce3234dbef9679b779ab2c14ac98764a9aecfa4be714e784869d32"}],["C:\\Users\\19782\\DevEcoStudioProjects\\MyApplication\\entry\\.preview\\default\\intermediates\\res\\default\\resources\\rawfile",{"isDirectory":true,"fileSnapShotHashValue":"2d2c8253834cdf1bf3319c8e33bb5e55fd1c216571a4cf7128a0cfab112213d2"}],["C:\\Users\\19782\\DevEcoStudioProjects\\MyApplication\\entry\\.preview\\default\\intermediates\\res\\default\\ResourceTable.txt",{"fileSnapShotHashValue":"2e7ad12e93874cc0e7b8b585b3190cd131ec28446f290e982c0f9109860405a4"}],["C:\\Users\\19782\\DevEcoStudioProjects\\MyApplication\\entry\\.preview\\default\\intermediates\\process_profile\\default\\module.json",{"fileSnapShotHashValue":"cea477facb4bb4b3820703a90f955fdf2d386e56781bb3ec2747c0eb2cf48a6e"}],["C:\\Users\\19782\\DevEcoStudioProjects\\MyApplication\\entry\\.preview\\default\\intermediates\\res\\default\\resources\\base\\profile",{"isDirectory":true,"fileSnapShotHashValue":"9c136a4f7cc1cee3a8c005c2605c92019fe857cc6972c7bfd8ea894cd36b5eef"}],["C:\\Users\\19782\\DevEcoStudioProjects\\MyApplication\\entry\\src\\main\\ets",{"isDirectory":true,"fileSnapShotHashValue":"74eb8db9d18760d8b21e57b3ee58113fd525d7e8dc48efe25c899dcbf8b0fffd"}],["C:\\Users\\19782\\DevEcoStudioProjects\\MyApplication\\entry\\.preview\\default\\intermediates\\loader\\default\\pkgContextInfo.json",{"fileSnapShotHashValue":"894762f13d510c4863f8574b40b0a4cd0d08a94f540ff6abb941257858bda676"}],["C:\\Users\\19782\\DevEcoStudioProjects\\MyApplication\\entry\\.preview\\default\\generated\\profile\\default\\BuildProfile.ets",{"fileSnapShotHashValue":"ab7c11b227c9c339f203dfa0acbb94633794d78cbbf4138d77fc2de972cf6b91"}],["C:\\Users\\19782\\DevEcoStudioProjects\\MyApplication\\entry\\src\\mock\\mock-config.json5",{"isDirectory":false,"fileSnapShotHashValue":"7d694e3509eabdf88d19c33a0a7a1032fe4f24a422cb88de622757e79bad260c"}]]},"_outputFiles":{"dataType":"Map","value":[["C:\\Users\\19782\\DevEcoStudioProjects\\MyApplication\\entry\\.preview\\default\\intermediates\\loader_out\\default\\ets",{"isDirectory":true,"fileSnapShotHashValue":""}]]}}}