{
  "HVIGOR_OHOS_PLUGIN": {
    "MODULES": [
      {
        "MODULE_NAME": "923fe53966c6cd9343e11af776cd4b05be315ea4b200b02e4d5dfb0f929b73bf",
        "API_TYPE": "stageMode",
        "INCREMENTAL_TASKS": {
          "COMPILE_ARKTS": true
        }
      }
    ],
    "NATIVE_COMPILER": "Default",
    "BUILD_MODE": "debug",
    "USE_NORMALIZED_OHMURL": true
  },
  "HVIGOR": {
    "IS_INCREMENTAL": true,
    "IS_DAEMON": true,
    "IS_PARALLEL": true,
    "IS_HVIGORFILE_TYPE_CHECK": false,
    "TASK_TIME": {
      "923fe53966c6cd9343e11af776cd4b05be315ea4b200b02e4d5dfb0f929b73bf": {
        "PreBuild": 213723700,
        "CreateModuleInfo": 1053700,
        "GenerateMetadata": 4319900,
        "ConfigureCmake": 345400,
        "MergeProfile": 20293700,
        "CreateBuildProfile": 3702900,
        "PreCheckSyscap": 604300,
        "GeneratePkgContextInfo": 10702200,
        "ProcessIntegratedHsp": 1126700,
        "BuildNativeWithCmake": 461000,
        "MakePackInfo": 5216400,
        "SyscapTransform": 22083400,
        "ProcessProfile": 163951900,
        "ProcessRouterMap": 6307200,
        "ProcessShareConfig": 4400300,
        "ProcessStartupConfig": 3546200,
        "BuildNativeWithNinja": 1205100,
        "GenerateLoaderJson": 21485600,
        "CompileResource": 775729600,
        "BuildJS": 3372500,
        "CompileArkTS": 8016361200,
        "GeneratePkgModuleJson": 4011800,
        "ProcessCompiledResources": 1052300,
        "PackageHap": 466807200,
        "PackingCheck": 8613300,
        "SignHap": 3116500,
        "CollectDebugSymbol": 1529600,
        "assembleHap": 556500
      }
    },
    "APIS": [
      "getHvigorConfig",
      "getRootNodeDescriptor",
      "getChildNode",
      "getNodeByName",
      "getAllNodes",
      "getRootNode",
      "getNodeName",
      "getStartParams",
      "buildFinished",
      "getNodePath",
      "subNodes",
      "getExtraOption",
      "getExtParam",
      "getExtParams",
      "getProperty",
      "getProperties",
      "getParameter",
      "getProductName",
      "nodesEvaluated",
      "getCommandEntryTask"
    ],
    "CONFIG_PROPERTIES": {},
    "BUILD_ID": "202512311420120300",
    "TOTAL_TIME": 12908192700
  }
}