{"key": "entry|entry|1.0.0|.preview/fakeuiability/FakeUIAbility.ts", "val": {"version":3,"file":"FakeUIAbility.ets","sourceRoot":"","sources":["entry/.preview/fakeuiability/FakeUIAbility.ets"],"names":[],"mappings":"YAAQ,eAAe;OAAE,SAAS;YAAE,IAAI;OAChC,KAAK;YACL,MAAM;AAEd,MAAM,MAAM,GAAG,MAAM,CAAC;AAEtB,MAAM,CAAC,OAAO,OAAO,aAAc,SAAQ,SAAS;IAChD,QAAQ,CAAC,IAAI,EAAE,IAAI,EAAE,WAAW,EAAE,eAAe,CAAC,WAAW,GAAG,IAAI;IACtE,CAAC;IAED,SAAS,IAAI,IAAI;IACjB,CAAC;IAED,mBAAmB,CAAC,WAAW,EAAE,MAAM,CAAC,WAAW,GAAG,IAAI;QACxD,WAAW,CAAC,WAAW,CAAC,cAAc,EAAE,CAAC,GAAG,EAAE,EAAE;YAC9C,IAAI,GAAG,CAAC,IAAI,EAAE;gBACZ,KAAK,CAAC,KAAK,CAAC,MAAM,EAAE,SAAS,EAAE,+CAA+C,EAAE,IAAI,CAAC,SAAS,CAAC,GAAG,CAAC,CAAC,CAAC;gBACrG,OAAO;aACR;QACH,CAAC,CAAC,CAAC;IACL,CAAC;IAED,oBAAoB,IAAI,IAAI;IAC5B,CAAC;IAED,YAAY,IAAI,IAAI;IACpB,CAAC;IAED,YAAY,IAAI,IAAI;IACpB,CAAC;CACF","entry-package-info":"entry|1.0.0"}}
{"key": "entry|entry|1.0.0|src/main/ets/pages/a03Row.ts", "val": {"version":3,"file":"a03Row.ets","sourceRoot":"","sources":["entry/src/main/ets/pages/a03Row.ets"],"names":[],"mappings":";;;;;MAIO,MAAM;IAJb;;;;;;;KAAA;;;;;;;;;;;IAKE;;YACE,KAAK;YACL,cAAc;YACd,GAAG,QAAC,EAAC,KAAK,EAAC,EAAE,EAAC;;YAFd,KAAK;YACL,cAAc;YACd,GAAG,CAOF,KAAK,CAAC,MAAM;YATb,KAAK;YACL,cAAc;YACd,GAAG,CAQF,MAAM,CAAC,MAAM;YAVd,KAAK;YACL,cAAc;YACd,GAAG,CASF,MAAM,CAAC,EAAC,KAAK,EAAC,CAAC,EAAC;YAXjB,KAAK;YACL,cAAc;YACd,GAAG,CAYF,cAAc,CAAC,SAAS,CAAC,YAAY;YAdtC,KAAK;YACL,cAAc;YACd,GAAG,CAcF,UAAU,CAAC,aAAa,CAAC,MAAM;;;YAb9B,IAAI;;YAAJ,IAAI,CAAG,KAAK,CAAC,EAAE;YAAf,IAAI,CAAa,MAAM,CAAC,EAAE;YAA1B,IAAI,CAAwB,MAAM,CAAC,EAAC,KAAK,EAAC,EAAE,EAAC;;QAA7C,IAAI;;YACJ,IAAI;;YAAJ,IAAI,CAAG,KAAK,CAAC,EAAE;YAAf,IAAI,CAAa,MAAM,CAAC,EAAE;YAA1B,IAAI,CAAwB,MAAM,CAAC,EAAC,KAAK,EAAC,EAAE,EAAC;;QAA7C,IAAI;;YACJ,IAAI;;YAAJ,IAAI,CAAG,KAAK,CAAC,EAAE;YAAf,IAAI,CAAa,MAAM,CAAC,EAAE;YAA1B,IAAI,CAAwB,MAAM,CAAC,EAAC,KAAK,EAAC,EAAE,EAAC;;QAA7C,IAAI;;YACJ,KAAK;;;QAAL,KAAK;;YACL,IAAI;;YAAJ,IAAI,CAAG,KAAK,CAAC,EAAE;YAAf,IAAI,CAAa,MAAM,CAAC,EAAE;YAA1B,IAAI,CAAwB,MAAM,CAAC,EAAC,KAAK,EAAC,EAAE,EAAC;;QAA7C,IAAI;QAPN,KAAK;QACL,cAAc;QACd,GAAG;KAeJ","entry-package-info":"entry|1.0.0"}}
{"key": "entry|entry|1.0.0|src/main/ets/entrybackupability/EntryBackupAbility.ts", "val": {"version":3,"file":"EntryBackupAbility.ets","sourceRoot":"","sources":["entry/src/main/ets/entrybackupability/EntryBackupAbility.ets"],"names":[],"mappings":"OAAS,KAAK;OACL,sBAAsB;cAAE,aAAa,IAAb,aAAa;AAE9C,MAAM,MAAM,GAAG,MAAM,CAAC;AAEtB,MAAM,CAAC,OAAO,OAAO,kBAAmB,SAAQ,sBAAsB;IACpE,KAAK,CAAC,QAAQ;QACZ,KAAK,CAAC,IAAI,CAAC,MAAM,EAAE,SAAS,EAAE,aAAa,CAAC,CAAC;QAC7C,MAAM,OAAO,CAAC,OAAO,EAAE,CAAC;IAC1B,CAAC;IAED,KAAK,CAAC,SAAS,CAAC,aAAa,EAAE,aAAa;QAC1C,KAAK,CAAC,IAAI,CAAC,MAAM,EAAE,SAAS,EAAE,yBAAyB,EAAE,IAAI,CAAC,SAAS,CAAC,aAAa,CAAC,CAAC,CAAC;QACxF,MAAM,OAAO,CAAC,OAAO,EAAE,CAAC;IAC1B,CAAC;CACF","entry-package-info":"entry|1.0.0"}}
{"key": "entry|entry|1.0.0|src/main/ets/entryability/EntryAbility.ts", "val": {"version":3,"file":"EntryAbility.ets","sourceRoot":"","sources":["entry/src/main/ets/entryability/EntryAbility.ets"],"names":[],"mappings":"YAAS,eAAe;OAAE,qBAAqB;OAAE,SAAS;YAAE,IAAI;OACvD,KAAK;YACL,MAAM;AAEf,MAAM,MAAM,GAAG,MAAM,CAAC;AAEtB,MAAM,CAAC,OAAO,OAAO,YAAa,SAAQ,SAAS;IACjD,QAAQ,CAAC,IAAI,EAAE,IAAI,EAAE,WAAW,EAAE,eAAe,CAAC,WAAW,GAAG,IAAI;QAClE,IAAI;YACF,IAAI,CAAC,OAAO,CAAC,qBAAqB,EAAE,CAAC,YAAY,CAAC,qBAAqB,CAAC,SAAS,CAAC,kBAAkB,CAAC,CAAC;SACvG;QAAC,OAAO,GAAG,EAAE;YACZ,KAAK,CAAC,KAAK,CAAC,MAAM,EAAE,SAAS,EAAE,4CAA4C,EAAE,IAAI,CAAC,SAAS,CAAC,GAAG,CAAC,CAAC,CAAC;SACnG;QACD,KAAK,CAAC,IAAI,CAAC,MAAM,EAAE,SAAS,EAAE,YAAY,EAAE,kBAAkB,CAAC,CAAC;IAClE,CAAC;IAED,SAAS,IAAI,IAAI;QACf,KAAK,CAAC,IAAI,CAAC,MAAM,EAAE,SAAS,EAAE,YAAY,EAAE,mBAAmB,CAAC,CAAC;IACnE,CAAC;IAED,mBAAmB,CAAC,WAAW,EAAE,MAAM,CAAC,WAAW,GAAG,IAAI;QACxD,yDAAyD;QACzD,KAAK,CAAC,IAAI,CAAC,MAAM,EAAE,SAAS,EAAE,YAAY,EAAE,6BAA6B,CAAC,CAAC;QAE3E,WAAW,CAAC,WAAW,CAAC,aAAa,EAAE,CAAC,GAAG,EAAE,EAAE;YAC7C,IAAI,GAAG,CAAC,IAAI,EAAE;gBACZ,KAAK,CAAC,KAAK,CAAC,MAAM,EAAE,SAAS,EAAE,+CAA+C,EAAE,IAAI,CAAC,SAAS,CAAC,GAAG,CAAC,CAAC,CAAC;gBACtG,qCAAqC;gBACrC,yBAAyB;gBACxB,OAAO;aACR;YACD,KAAK,CAAC,IAAI,CAAC,MAAM,EAAE,SAAS,EAAE,mCAAmC,CAAC,CAAC;QACrE,CAAC,CAAC,CAAC;IACL,CAAC;IAED,oBAAoB,IAAI,IAAI;QAC1B,yDAAyD;QACzD,KAAK,CAAC,IAAI,CAAC,MAAM,EAAE,SAAS,EAAE,YAAY,EAAE,8BAA8B,CAAC,CAAC;IAC9E,CAAC;IAED,YAAY,IAAI,IAAI;QAClB,oCAAoC;QACpC,KAAK,CAAC,IAAI,CAAC,MAAM,EAAE,SAAS,EAAE,YAAY,EAAE,sBAAsB,CAAC,CAAC;IACtE,CAAC;IAED,YAAY,IAAI,IAAI;QAClB,iCAAiC;QACjC,KAAK,CAAC,IAAI,CAAC,MAAM,EAAE,SAAS,EAAE,YAAY,EAAE,sBAAsB,CAAC,CAAC;IACtE,CAAC;CACF","entry-package-info":"entry|1.0.0"}}