{"deviceType":"phone","buildMode":"debug","note":"false","logLevel":"3","isPreview":"true","port":"29901","localPropertiesPath":"C:\\Users\\19782\\DevEcoStudioProjects\\MyApplication\\local.properties","Path":"C:\\Huawei\\DevEcoStudio\\tools\\node\\","aceProfilePath":"C:\\Users\\19782\\DevEcoStudioProjects\\MyApplication\\entry\\.preview\\default\\intermediates\\res\\default\\resources\\base\\profile","hapMode":"false","img2bin":"true","projectProfilePath":"C:\\Users\\19782\\DevEcoStudioProjects\\MyApplication\\build-profile.json5","watchMode":"true","appResource":"C:\\Users\\19782\\DevEcoStudioProjects\\MyApplication\\entry\\.preview\\default\\intermediates\\res\\default\\ResourceTable.txt","aceBuildJson":"C:\\Users\\19782\\DevEcoStudioProjects\\MyApplication\\entry\\.preview\\default\\intermediates\\loader\\default\\loader.json","aceModuleRoot":"C:\\Users\\19782\\DevEcoStudioProjects\\MyApplication\\entry\\src\\main\\ets","aceSoPath":"C:\\Users\\19782\\DevEcoStudioProjects\\MyApplication\\entry\\.preview\\cache\\nativeDependencies.txt","cachePath":"C:\\Users\\19782\\DevEcoStudioProjects\\MyApplication\\entry\\.preview\\cache\\.default","aceModuleBuild":"C:\\Users\\19782\\DevEcoStudioProjects\\MyApplication\\entry\\.preview\\default\\intermediates\\assets\\default\\ets","aceModuleJsonPath":"C:\\Users\\19782\\DevEcoStudioProjects\\MyApplication\\entry\\.preview\\default\\intermediates\\res\\default\\module.json","stageRouterConfig":{"paths":["C:\\Users\\19782\\DevEcoStudioProjects\\MyApplication\\entry\\.preview\\default\\intermediates\\res\\default\\module.json","C:\\Users\\19782\\DevEcoStudioProjects\\MyApplication\\entry\\.preview\\default\\intermediates\\res\\default\\resources\\base\\profile\\main_pages.json"],"contents":["{\"module\":{\"pages\":\"$profile:main_pages\",\"name\":\"entry\"}}","{\"src\":[\"pages/SQLTest\"]}"]}}